id,name,catalog_type,catalog_label,quality,territory_id,territory_name,territory_role,claim_nairacoin,lat,lon,image,wikimedia_commons,mapillary,wikipedia
n_2455132992,AMC Citibank,bank,Bank,B,unclaimed,Unclaimed area,unclaimed,0,6.449876,7.478504,https://enugupoi.appspot.com/view/binaryData?blobKey=build_POI-Picture-Form_1374250655%5B%40version%3Dnull+and+%40uiVersion%3Dnull%5D%2Fdata%5B%40key%3Duuid%3A81629d08-c45e-4235-b576-c750823e8c6c%5D%2FPOI_Picture1,,,
n_2455132994,Academy Of Leadership & Enterprise,school,School,B,unclaimed,Unclaimed area,unclaimed,24,6.465779,7.50298,https://enugupoi.appspot.com/view/binaryData?blobKey=build_POI-Picture-Form_1374250655%5B%40version%3Dnull+and+%40uiVersion%3Dnull%5D%2Fdata%5B%40key%3Duuid%3Abf51212a-9c70-41a3-951a-12b6ea845842%5D%2FPOI_Picture1,,,
n_2455132995,Access Bank (ATM),atm,ATM,B,abakpa,Abakpa,playable_faction,0,6.481285,7.518541,https://enugupoi.appspot.com/view/binaryData?blobKey=build_POI-Picture-Form_1374250655%5B%40version%3Dnull+and+%40uiVersion%3Dnull%5D%2Fdata%5B%40key%3Duuid%3A043a46e2-450a-4d57-8ff6-60a9a77eb3de%5D%2FPOI_Picture1,,,
n_2455133695,Access Bank (ATM),atm,ATM,B,independence_layout,Independence Layout,playable_faction,0,6.435608,7.520797,,,,
w_1125508406,Access Bank ATM,atm,ATM,B,independence_layout,Independence Layout,playable_faction,0,6.4250899,7.5077304,,,,
n_2455132996,Access Bank,bank,Bank,B,unclaimed,Unclaimed area,unclaimed,0,6.453484,7.494248,https://enugupoi.appspot.com/view/binaryData?blobKey=build_POI-Picture-Form_1374250655%5B%40version%3Dnull+and+%40uiVersion%3Dnull%5D%2Fdata%5B%40key%3Duuid%3Ab3fc3a31-dc22-43b0-8712-f1ae5ad461a2%5D%2FPOI_Picture1,,,
n_2455133559,Access Bank,bank,Bank,B,independence_layout,Independence Layout,playable_faction,0,6.426813,7.504789,,,,
n_2455133722,Access Bank,bank,Bank,B,unclaimed,Unclaimed area,unclaimed,0,6.438323,7.484623,,,,
n_2460130808,Access Bank,bank,Bank,B,ogui,Ogui,unclaimed,0,6.4450935,7.4977628,https://enugupoi.appspot.com/view/binaryData?blobKey=build_POI-Picture-Form_1374250655%5B%40version%3Dnull+and+%40uiVersion%3Dnull%5D%2Fdata%5B%40key%3Duuid%3Ae7975571-7c4e-469f-aca7-fe6d93663644%5D%2FPOI_Picture1,,,
n_2455132997,Administrative Building,civic,Civic,B,unclaimed,Unclaimed area,unclaimed,36,6.458846,7.500277,https://enugupoi.appspot.com/view/binaryData?blobKey=build_POI-Picture-Form_1374250655%5B%40version%3Dnull+and+%40uiVersion%3Dnull%5D%2Fdata%5B%40key%3Duuid%3A8e1533b2-17d4-4962-bfed-168533460823%5D%2FPOI_Picture1,,,
n_2455132998,Agricultural Development Programme,civic,Civic,B,unclaimed,Unclaimed area,unclaimed,36,6.445004,7.490728,https://enugupoi.appspot.com/view/binaryData?blobKey=build_POI-Picture-Form_1374250655%5B%40version%3Dnull+and+%40uiVersion%3Dnull%5D%2Fdata%5B%40key%3Duuid%3Af9d609cb-78eb-4e58-b3b8-b62b2e146569%5D%2FPOI_Picture1,,,
n_2455133001,Alfa Medical Center,hospital,Hospital,B,unclaimed,Unclaimed area,unclaimed,24,6.464027,7.495643,https://enugupoi.appspot.com/view/binaryData?blobKey=build_POI-Picture-Form_1374250655%5B%40version%3Dnull+and+%40uiVersion%3Dnull%5D%2Fdata%5B%40key%3Duuid%3Ac9b08a9f-32d1-4f55-bdaf-58c2a0356efb%5D%2FPOI_Picture1,,,
n_2455133002,All Saints Ekulu Nursery & Primary School,school,School,B,unclaimed,Unclaimed area,unclaimed,24,6.45407,7.484622,https://enugupoi.appspot.com/view/binaryData?blobKey=build_POI-Picture-Form_1374250655%5B%40version%3Dnull+and+%40uiVersion%3Dnull%5D%2Fdata%5B%40key%3Duuid%3A401ecff7-f86f-4501-a765-1e01adc5408d%5D%2FPOI_Picture1,,,
n_2455133007,Bora Hotel,hotel,Hotel,B,unclaimed,Unclaimed area,unclaimed,36,6.453076,7.49051,https://enugupoi.appspot.com/view/binaryData?blobKey=build_POI-Picture-Form_1374250655%5B%40version%3Dnull+and+%40uiVersion%3Dnull%5D%2Fdata%5B%40key%3Duuid%3A6826ced3-cc8d-4538-9a11-4b72a1bbc2dd%5D%2FPOI_Picture1,,,
n_2455133008,Bridge Waters,hotel,Hotel,B,unclaimed,Unclaimed area,unclaimed,36,6.451891,7.493207,https://enugupoi.appspot.com/view/binaryData?blobKey=build_POI-Picture-Form_1374250655%5B%40version%3Dnull+and+%40uiVersion%3Dnull%5D%2Fdata%5B%40key%3Duuid%3A1345a4b3-ea56-46f5-b0ad-8067909903ab%5D%2FPOI_Picture1,,,
n_2455133009,Carlton Crown Guest House,hotel,Hotel,B,abakpa,Abakpa,playable_faction,30,6.483247,7.520712,https://enugupoi.appspot.com/view/binaryData?blobKey=build_POI-Picture-Form_1374250655%5B%40version%3Dnull+and+%40uiVersion%3Dnull%5D%2Fdata%5B%40key%3Duuid%3Acb3efc43-ef26-4155-b5a9-d7a6c80bef4c%5D%2FPOI_Picture1,,,
n_2455133012,Carmelite Prisoners Interest Organization,civic,Civic,B,unclaimed,Unclaimed area,unclaimed,36,6.462338,7.502342,https://enugupoi.appspot.com/view/binaryData?blobKey=build_POI-Picture-Form_1374250655%5B%40version%3Dnull+and+%40uiVersion%3Dnull%5D%2Fdata%5B%40key%3Duuid%3Ad22f7990-9a9c-43d5-8fd9-42853dc1efa1%5D%2FPOI_Picture1,,,
n_2455133013,Carolina Specialist Clinic,hospital,Hospital,B,trans_ekulu,Trans-Ekulu,unclaimed,24,6.4823121,7.4920407,https://enugupoi.appspot.com/view/binaryData?blobKey=build_POI-Picture-Form_1374250655%5B%40version%3Dnull+and+%40uiVersion%3Dnull%5D%2Fdata%5B%40key%3Duuid%3Abd111ecc-b207-4eac-8eda-f5fb859bc580%5D%2FPOI_Picture1,,,
n_2455133014,Central Bank Of Nigeria (CBN),bank,Bank,B,unclaimed,Unclaimed area,unclaimed,0,6.447598,7.491518,https://enugupoi.appspot.com/view/binaryData?blobKey=build_POI-Picture-Form_1374250655%5B%40version%3Dnull+and+%40uiVersion%3Dnull%5D%2Fdata%5B%40key%3Duuid%3A97c2d366-8768-4ad0-9bb8-3621988d9e25%5D%2FPOI_Picture1,,,
n_2455133015,Chinwendu Clinic & Maternity,hospital,Hospital,B,abakpa,Abakpa,playable_faction,20,6.479913,7.519431,https://enugupoi.appspot.com/view/binaryData?blobKey=build_POI-Picture-Form_1374250655%5B%40version%3Dnull+and+%40uiVersion%3Dnull%5D%2Fdata%5B%40key%3Duuid%3A421fa5cf-4102-4aab-a35f-5f6b0e5df234%5D%2FPOI_Picture1,,,
n_2455133018,Cintia Gardens,hotel,Hotel,B,trans_ekulu,Trans-Ekulu,unclaimed,36,6.477091,7.488871,https://enugupoi.appspot.com/view/binaryData?blobKey=build_POI-Picture-Form_1374250655%5B%40version%3Dnull+and+%40uiVersion%3Dnull%5D%2Fdata%5B%40key%3Duuid%3A8bb3a572-47b8-41f3-ac71-c152a778b3d2%5D%2FPOI_Picture1,,,
n_2455133019,Cocci International Secondary School,school,School,B,unclaimed,Unclaimed area,unclaimed,24,6.483071,7.51449,https://enugupoi.appspot.com/view/binaryData?blobKey=build_POI-Picture-Form_1374250655%5B%40version%3Dnull+and+%40uiVersion%3Dnull%5D%2Fdata%5B%40key%3Duuid%3A3da400c5-d2bc-478a-b502-530da24518bb%5D%2FPOI_Picture1,,,
n_2455133020,Collery guest house,hotel,Hotel,B,unclaimed,Unclaimed area,unclaimed,36,6.446103,7.489179,https://enugupoi.appspot.com/view/binaryData?blobKey=build_POI-Picture-Form_1374250655%5B%40version%3Dnull+and+%40uiVersion%3Dnull%5D%2Fdata%5B%40key%3Duuid%3A14e692b4-c7fe-4029-8adf-5b34144ff63a%5D%2FPOI_Picture1,,,
n_2455133023,Conference Hall Ministry,civic,Civic,B,unclaimed,Unclaimed area,unclaimed,36,6.444029,7.488362,https://enugupoi.appspot.com/view/binaryData?blobKey=build_POI-Picture-Form_1374250655%5B%40version%3Dnull+and+%40uiVersion%3Dnull%5D%2Fdata%5B%40key%3Duuid%3Aae5bb801-0afb-41c4-a734-15b869c76bb6%5D%2FPOI_Picture1,,,
n_2455133024,Constituency Office Enugu East Urban,civic,Civic,B,unclaimed,Unclaimed area,unclaimed,36,6.481978,7.504173,,,,
n_2455133025,Cunic Hotels Limited,hotel,Hotel,B,trans_ekulu,Trans-Ekulu,unclaimed,36,6.478516,7.494123,https://enugupoi.appspot.com/view/binaryData?blobKey=build_POI-Picture-Form_1374250655%5B%40version%3Dnull+and+%40uiVersion%3Dnull%5D%2Fdata%5B%40key%3Duuid%3Afb2c7dd2-43a1-40ac-b40a-609da3571b7d%5D%2FPOI_Picture1,,,
n_2455133027,Davala Suites,hotel,Hotel,B,independence_layout,Independence Layout,playable_faction,30,6.449539,7.510857,https://enugupoi.appspot.com/view/binaryData?blobKey=build_POI-Picture-Form_1374250655%5B%40version%3Dnull+and+%40uiVersion%3Dnull%5D%2Fdata%5B%40key%3Duuid%3Aed159c3d-8235-4575-ac74-abf91a8fc362%5D%2FPOI_Picture1,,,
n_2455133028,De Bloomindales,hotel,Hotel,B,trans_ekulu,Trans-Ekulu,unclaimed,36,6.481992,7.489892,,,,
n_2455133029,Deily Star,civic,Civic,B,unclaimed,Unclaimed area,unclaimed,36,6.453444,7.482696,https://enugupoi.appspot.com/view/binaryData?blobKey=build_POI-Picture-Form_1374250655%5B%40version%3Dnull+and+%40uiVersion%3Dnull%5D%2Fdata%5B%40key%3Duuid%3A3618a04f-ff6c-4c32-b369-586ad0bbdeca%5D%2FPOI_Picture1,,,
n_2455133030,Diamond Plaza Hotel,hotel,Hotel,B,unclaimed,Unclaimed area,unclaimed,36,6.464778,7.495219,https://enugupoi.appspot.com/view/binaryData?blobKey=build_POI-Picture-Form_1374250655%5B%40version%3Dnull+and+%40uiVersion%3Dnull%5D%2Fdata%5B%40key%3Duuid%3A79f92065-827d-4c59-940e-3728569951bd%5D%2FPOI_Picture1,,,
n_2455133031,Dontell Suites,hotel,Hotel,B,unclaimed,Unclaimed area,unclaimed,36,6.47839,7.503919,https://enugupoi.appspot.com/view/binaryData?blobKey=build_POI-Picture-Form_1374250655%5B%40version%3Dnull+and+%40uiVersion%3Dnull%5D%2Fdata%5B%40key%3Duuid%3A8f58fd8b-14b2-42f2-ae8e-6d6f3e4e0ccf%5D%2FPOI_Picture1,,,
n_2455133032,E E. Mogor Consultancy Limited(A Division Of Ejimog Associates Ltd),civic,Civic,B,unclaimed,Unclaimed area,unclaimed,36,6.479899,7.516849,https://enugupoi.appspot.com/view/binaryData?blobKey=build_POI-Picture-Form_1374250655%5B%40version%3Dnull+and+%40uiVersion%3Dnull%5D%2Fdata%5B%40key%3Duuid%3A597c67fa-8e3e-4348-9dcd-b2538c4ed3e6%5D%2FPOI_Picture1,,,
n_2455133034,ESUT Medicine Student's Hostel,school,School,B,unclaimed,Unclaimed area,unclaimed,24,6.462455,7.495811,https://enugupoi.appspot.com/view/binaryData?blobKey=build_POI-Picture-Form_1374250655%5B%40version%3Dnull+and+%40uiVersion%3Dnull%5D%2Fdata%5B%40key%3Duuid%3A51104e99-9417-467e-98f7-e8c4087b2cec%5D%2FPOI_Picture1,,,
n_2455133035,ESUTH Pediatrics Emergency,school,School,B,unclaimed,Unclaimed area,unclaimed,24,6.461448,7.494273,https://enugupoi.appspot.com/view/binaryData?blobKey=build_POI-Picture-Form_1374250655%5B%40version%3Dnull+and+%40uiVersion%3Dnull%5D%2Fdata%5B%40key%3Duuid%3A3d3e04d6-40b4-4ff8-8246-2f469fbda13d%5D%2FPOI_Picture1,,,
n_2455133036,Ecobank,bank,Bank,B,unclaimed,Unclaimed area,unclaimed,0,6.450823,7.493118,https://enugupoi.appspot.com/view/binaryData?blobKey=build_POI-Picture-Form_1374250655%5B%40version%3Dnull+and+%40uiVersion%3Dnull%5D%2Fdata%5B%40key%3Duuid%3A90c65d03-d5d1-40cb-8b79-1c41b05732a0%5D%2FPOI_Picture1,,,
n_2455133569,Ecobank,bank,Bank,B,independence_layout,Independence Layout,playable_faction,0,6.4280323,7.5073489,,,,
n_2455133701,Ecobank,bank,Bank,B,ogui,Ogui,unclaimed,0,6.436056,7.489954,,,,
n_2455133740,Ecobank,bank,Bank,B,unclaimed,Unclaimed area,unclaimed,0,6.439862,7.487983,,,,
n_2455133766,Ecobank,bank,Bank,B,unclaimed,Unclaimed area,unclaimed,0,6.441411,7.489287,,,,
n_2455133039,Enterprise Bank,bank,Bank,B,unclaimed,Unclaimed area,unclaimed,0,6.482518,7.516546,https://enugupoi.appspot.com/view/binaryData?blobKey=build_POI-Picture-Form_1374250655%5B%40version%3Dnull+and+%40uiVersion%3Dnull%5D%2Fdata%5B%40key%3Duuid%3Adae092f2-49a8-4729-a8c8-cefbba294a9c%5D%2FPOI_Picture1,,,
n_2455133584,Enterprise Bank,bank,Bank,B,coal_camp,Coal Camp,playable_faction,0,6.429546,7.480705,,,,
n_2455133716,Enterprise Bank,bank,Bank,B,ogui,Ogui,unclaimed,0,6.437721,7.49278,,,,
n_2455133040,Enugu SEM Centre,civic,Civic,B,unclaimed,Unclaimed area,unclaimed,36,6.455394,7.494364,https://enugupoi.appspot.com/view/binaryData?blobKey=build_POI-Picture-Form_1374250655%5B%40version%3Dnull+and+%40uiVersion%3Dnull%5D%2Fdata%5B%40key%3Duuid%3Adff7c3e8-14fb-4940-9581-786a836be940%5D%2FPOI_Picture1,,,
n_2455133044,Enugu sports club golf section,pitch,Pitch,B,unclaimed,Unclaimed area,unclaimed,42,6.4582527,7.4872451,https://enugupoi.appspot.com/view/binaryData?blobKey=build_POI-Picture-Form_1374250655%5B%40version%3Dnull+and+%40uiVersion%3Dnull%5D%2Fdata%5B%40key%3Duuid%3A4adc4d96-f4c6-40c5-8abc-583570287ad7%5D%2FPOI_Picture1,,,
n_2455133045,Enugu state civil service commission,civic,Civic,B,unclaimed,Unclaimed area,unclaimed,36,6.444576,7.48957,https://enugupoi.appspot.com/view/binaryData?blobKey=build_POI-Picture-Form_1374250655%5B%40version%3Dnull+and+%40uiVersion%3Dnull%5D%2Fdata%5B%40key%3Duuid%3A522f61fa-1318-4d82-8812-2db84fc766f4%5D%2FPOI_Picture1,,,
n_2455133046,Enugu state transport co limited,civic,Civic,B,unclaimed,Unclaimed area,unclaimed,36,6.446897,7.482409,https://enugupoi.appspot.com/view/binaryData?blobKey=build_POI-Picture-Form_1374250655%5B%40version%3Dnull+and+%40uiVersion%3Dnull%5D%2Fdata%5B%40key%3Duuid%3A5617021e-cf68-4310-b236-db81dd4816da%5D%2FPOI_Picture1,,,
n_2455133047,Enugu state water corporation headquarters,civic,Civic,B,unclaimed,Unclaimed area,unclaimed,36,6.445834,7.483974,https://enugupoi.appspot.com/view/binaryData?blobKey=build_POI-Picture-Form_1374250655%5B%40version%3Dnull+and+%40uiVersion%3Dnull%5D%2Fdata%5B%40key%3Duuid%3A1eedcd28-bb2a-47d2-b66a-f488b09f3ec5%5D%2FPOI_Picture1,,,
n_2455133048,Etta Joe Guest House,hotel,Hotel,B,abakpa,Abakpa,playable_faction,30,6.483458,7.520676,https://enugupoi.appspot.com/view/binaryData?blobKey=build_POI-Picture-Form_1374250655%5B%40version%3Dnull+and+%40uiVersion%3Dnull%5D%2Fdata%5B%40key%3Duuid%3Ad8f433fc-1b43-49f8-86da-c915326c7677%5D%2FPOI_Picture1,,,
n_2455133050,Extension Eddybina Hotel,hotel,Hotel,B,unclaimed,Unclaimed area,unclaimed,36,6.477198,7.507806,https://enugupoi.appspot.com/view/binaryData?blobKey=build_POI-Picture-Form_1374250655%5B%40version%3Dnull+and+%40uiVersion%3Dnull%5D%2Fdata%5B%40key%3Duuid%3A4b4fe96a-68f6-432a-91af-e350e9a802e4%5D%2FPOI_Picture1,,,
n_2455133051,"Eye Theatre/Clinic, Children Out Patient Clinic/Gynae Ward, Enugu State Teaching Hospital",school,School,B,unclaimed,Unclaimed area,unclaimed,24,6.461798,7.493526,https://enugupoi.appspot.com/view/binaryData?blobKey=build_POI-Picture-Form_1374250655%5B%40version%3Dnull+and+%40uiVersion%3Dnull%5D%2Fdata%5B%40key%3Duuid%3Af113e2a3-0214-4c8e-ab9f-093abddbc916%5D%2FPOI_Picture1,,,
n_2455133053,Federal Road Safety Corps,civic,Civic,B,unclaimed,Unclaimed area,unclaimed,36,6.45059,7.482615,https://enugupoi.appspot.com/view/binaryData?blobKey=build_POI-Picture-Form_1374250655%5B%40version%3Dnull+and+%40uiVersion%3Dnull%5D%2Fdata%5B%40key%3Duuid%3Ae6177a78-bf7e-4931-8d12-1a15774d4542%5D%2FPOI_Picture1,,,
n_2455133054,Federal mortgage bank,bank,Bank,B,unclaimed,Unclaimed area,unclaimed,0,6.44508725,7.488994,https://enugupoi.appspot.com/view/binaryData?blobKey=build_POI-Picture-Form_1374250655%5B%40version%3Dnull+and+%40uiVersion%3Dnull%5D%2Fdata%5B%40key%3Duuid%3Abee5e4d3-a191-4b9a-a7e0-72c4bee3e2f9%5D%2FPOI_Picture1,,,
n_2455133055,Fidelity Bank,atm,ATM,B,unclaimed,Unclaimed area,unclaimed,0,6.4592926,7.4955292,https://enugupoi.appspot.com/view/binaryData?blobKey=build_POI-Picture-Form_1374250655%5B%40version%3Dnull+and+%40uiVersion%3Dnull%5D%2Fdata%5B%40key%3Duuid%3A67b05889-867c-4ec0-96d9-e3ead29b8be1%5D%2FPOI_Picture1,,,
n_2455133056,First City Monument Bank (FCMB),bank,Bank,B,unclaimed,Unclaimed area,unclaimed,0,6.449486,7.492337,https://enugupoi.appspot.com/view/binaryData?blobKey=build_POI-Picture-Form_1374250655%5B%40version%3Dnull+and+%40uiVersion%3Dnull%5D%2Fdata%5B%40key%3Duuid%3Af9d0d1a7-2624-4562-bd26-19a52c8068b9%5D%2FPOI_Picture1,,,
n_2455133507,First City Monument Bank (FCMB),bank,Bank,B,unclaimed,Unclaimed area,unclaimed,0,6.417341,7.492082,,,,
n_2455133706,First City Monument Bank (FCMB),bank,Bank,B,ogui,Ogui,unclaimed,0,6.436619,7.488865,,,,
n_2460131032,First City Monument Bank (FCMB),bank,Bank,B,independence_layout,Independence Layout,playable_faction,0,6.439979,7.506899,https://enugupoi.appspot.com/view/binaryData?blobKey=build_POI-Picture-Form_1374250655%5B%40version%3Dnull+and+%40uiVersion%3Dnull%5D%2Fdata%5B%40key%3Duuid%3A24981753-dc2b-4cd1-b480-cb354db76959%5D%2FPOI_Picture1,,,
n_2455133057,First dental consultants dental centre,hospital,Hospital,B,ogui,Ogui,unclaimed,24,6.4492,7.50105,https://enugupoi.appspot.com/view/binaryData?blobKey=build_POI-Picture-Form_1374250655%5B%40version%3Dnull+and+%40uiVersion%3Dnull%5D%2Fdata%5B%40key%3Duuid%3A0c1205b3-25c1-41e3-b04d-1f25c331cdfa%5D%2FPOI_Picture1,,,
n_2455133058,Fountain Comprehensive College,school,School,B,unclaimed,Unclaimed area,unclaimed,24,6.476999,7.506913,https://enugupoi.appspot.com/view/binaryData?blobKey=build_POI-Picture-Form_1374250655%5B%40version%3Dnull+and+%40uiVersion%3Dnull%5D%2Fdata%5B%40key%3Duuid%3A462c5566-00a7-4b76-9f7f-3014e05f0811%5D%2FPOI_Picture1,,,
n_2455133062,"Goddip Nursery, Primary & Secondary School",school,School,B,unclaimed,Unclaimed area,unclaimed,24,6.479255,7.511708,https://enugupoi.appspot.com/view/binaryData?blobKey=build_POI-Picture-Form_1374250655%5B%40version%3Dnull+and+%40uiVersion%3Dnull%5D%2Fdata%5B%40key%3Duuid%3Afa58eea1-5f12-432a-90d0-3464f44505bb%5D%2FPOI_Picture1,,,
n_2455133070,Golden Garden Suites,hotel,Hotel,B,unclaimed,Unclaimed area,unclaimed,36,6.452924,7.491541,https://enugupoi.appspot.com/view/binaryData?blobKey=build_POI-Picture-Form_1374250655%5B%40version%3Dnull+and+%40uiVersion%3Dnull%5D%2Fdata%5B%40key%3Duuid%3Ac04089f8-02eb-47bb-8932-9ef62a15fe61%5D%2FPOI_Picture1,,,
n_2455133079,Good Hope Stars Schools,school,School,B,unclaimed,Unclaimed area,unclaimed,24,6.465915,7.495831,https://enugupoi.appspot.com/view/binaryData?blobKey=build_POI-Picture-Form_1374250655%5B%40version%3Dnull+and+%40uiVersion%3Dnull%5D%2Fdata%5B%40key%3Duuid%3A91d8e406-b155-45d5-8686-a1c8340237f2%5D%2FPOI_Picture1,,,
n_2455133089,Government of enugu state office of auditor general,bank,Bank,B,unclaimed,Unclaimed area,unclaimed,0,6.44584,7.491178,https://enugupoi.appspot.com/view/binaryData?blobKey=build_POI-Picture-Form_1374250655%5B%40version%3Dnull+and+%40uiVersion%3Dnull%5D%2Fdata%5B%40key%3Duuid%3A6829acf8-3990-4d6b-82a4-c34be9cc64db%5D%2FPOI_Picture1,,,
n_2455133099,Graceland Private School,school,School,B,unclaimed,Unclaimed area,unclaimed,24,6.459873,7.500532,https://enugupoi.appspot.com/view/binaryData?blobKey=build_POI-Picture-Form_1374250655%5B%40version%3Dnull+and+%40uiVersion%3Dnull%5D%2Fdata%5B%40key%3Duuid%3Abf02f6db-aa63-48ee-83a5-0630387f3699%5D%2FPOI_Picture1,,,
n_2455133108,HSB Hotel,hotel,Hotel,B,trans_ekulu,Trans-Ekulu,unclaimed,36,6.4704708,7.4955586,,,,
n_2455133125,Health Of Ihe Sick Pharmacy,pharmacy,Pharmacy,B,unclaimed,Unclaimed area,unclaimed,36,6.458544,7.49453,https://enugupoi.appspot.com/view/binaryData?blobKey=build_POI-Picture-Form_1374250655%5B%40version%3Dnull+and+%40uiVersion%3Dnull%5D%2Fdata%5B%40key%3Duuid%3Ac8d73234-ae00-4133-8e2f-2be5098c4c7a%5D%2FPOI_Picture1,,,
n_2455133144,"Hematology Dept, Enugu State University Teaching Hospital",school,School,B,unclaimed,Unclaimed area,unclaimed,24,6.461937,7.494073,https://enugupoi.appspot.com/view/binaryData?blobKey=build_POI-Picture-Form_1374250655%5B%40version%3Dnull+and+%40uiVersion%3Dnull%5D%2Fdata%5B%40key%3Duuid%3A755f83ef-1d82-4cb3-a0c7-b53fe87594a4%5D%2FPOI_Picture1,,,
n_2455133152,Hiltops Clinics,hospital,Hospital,B,trans_ekulu,Trans-Ekulu,unclaimed,24,6.473831,7.500836,https://enugupoi.appspot.com/view/binaryData?blobKey=build_POI-Picture-Form_1374250655%5B%40version%3Dnull+and+%40uiVersion%3Dnull%5D%2Fdata%5B%40key%3Duuid%3Aca95fff7-5ccb-4cf4-9a90-1ae169755834%5D%2FPOI_Picture1,,,
n_2455133162,Holy Child Nursery & Primary,school,School,B,unclaimed,Unclaimed area,unclaimed,24,6.481227,7.50914,https://enugupoi.appspot.com/view/binaryData?blobKey=build_POI-Picture-Form_1374250655%5B%40version%3Dnull+and+%40uiVersion%3Dnull%5D%2Fdata%5B%40key%3Duuid%3A48834a61-7d21-4dd4-8388-86b5e2828ae4%5D%2FPOI_Picture1,,,
n_2455133191,Housing Estate Primary School,school,School,B,abakpa,Abakpa,playable_faction,20,6.481174,7.517894,https://enugupoi.appspot.com/view/binaryData?blobKey=build_POI-Picture-Form_1374250655%5B%40version%3Dnull+and+%40uiVersion%3Dnull%5D%2Fdata%5B%40key%3Duuid%3A45da8405-d6b9-4df2-b391-ed611e31c6e3%5D%2FPOI_Picture1,,,
n_2455133201,Justin Gray Infirmary,hospital,Hospital,B,trans_ekulu,Trans-Ekulu,unclaimed,24,6.4777394,7.4913909,https://enugupoi.appspot.com/view/binaryData?blobKey=build_POI-Picture-Form_1374250655%5B%40version%3Dnull+and+%40uiVersion%3Dnull%5D%2Fdata%5B%40key%3Duuid%3Af0ff18e4-951f-4561-ae02-96148e000305%5D%2FPOI_Picture1,,,
n_2455133210,Kamsiyochukwu Clinic Maternity,hospital,Hospital,B,abakpa,Abakpa,playable_faction,20,6.483449,7.516615,https://enugupoi.appspot.com/view/binaryData?blobKey=build_POI-Picture-Form_1374250655%5B%40version%3Dnull+and+%40uiVersion%3Dnull%5D%2Fdata%5B%40key%3Duuid%3Ae98a4537-c180-487b-b1d5-8efaf0093201%5D%2FPOI_Picture1,,,
n_2455133217,Lotanna Clinic,hospital,Hospital,B,unclaimed,Unclaimed area,unclaimed,24,6.482701,7.50855,https://enugupoi.appspot.com/view/binaryData?blobKey=build_POI-Picture-Form_1374250655%5B%40version%3Dnull+and+%40uiVersion%3Dnull%5D%2Fdata%5B%40key%3Duuid%3Ac25a3df2-c5b1-49b7-9ad6-45ba4450f8c2%5D%2FPOI_Picture1,,,
n_2455133257,Magnet Nursery & Primary School,school,School,B,unclaimed,Unclaimed area,unclaimed,24,6.461381,7.499558,https://enugupoi.appspot.com/view/binaryData?blobKey=build_POI-Picture-Form_1374250655%5B%40version%3Dnull+and+%40uiVersion%3Dnull%5D%2Fdata%5B%40key%3Duuid%3Ae29446a5-5505-41a1-8640-336bad57aa45%5D%2FPOI_Picture1,,,
n_2455133280,Maranatha Eye Center,shop,Shop,B,trans_ekulu,Trans-Ekulu,unclaimed,42,6.472529,7.501437,https://enugupoi.appspot.com/view/binaryData?blobKey=build_POI-Picture-Form_1374250655%5B%40version%3Dnull+and+%40uiVersion%3Dnull%5D%2Fdata%5B%40key%3Duuid%3A4d2da53f-47dc-4b94-8023-b5224d86c49f%5D%2FPOI_Picture1,,,
n_2455133301,Mavis Hotel,hotel,Hotel,B,trans_ekulu,Trans-Ekulu,unclaimed,36,6.473556,7.499449,https://enugupoi.appspot.com/view/binaryData?blobKey=build_POI-Picture-Form_1374250655%5B%40version%3Dnull+and+%40uiVersion%3Dnull%5D%2Fdata%5B%40key%3Duuid%3Ab279c59d-6e5d-4cf6-a1c7-3b4eb8d5d283%5D%2FPOI_Picture1,,,
n_2455133344,Midland Hotels,hotel,Hotel,B,unclaimed,Unclaimed area,unclaimed,36,6.482876,7.51665,https://enugupoi.appspot.com/view/binaryData?blobKey=build_POI-Picture-Form_1374250655%5B%40version%3Dnull+and+%40uiVersion%3Dnull%5D%2Fdata%5B%40key%3Duuid%3A10f4ef8b-084f-434a-8123-4d9af93b9abb%5D%2FPOI_Picture1,,,
n_2455133345,Ministry Of Health 3,civic,Civic,B,unclaimed,Unclaimed area,unclaimed,36,6.444124,7.489385,https://enugupoi.appspot.com/view/binaryData?blobKey=build_POI-Picture-Form_1374250655%5B%40version%3Dnull+and+%40uiVersion%3Dnull%5D%2Fdata%5B%40key%3Duuid%3Aa79d3f4c-d5e2-4b5c-9703-bcccf1f92caa%5D%2FPOI_Picture1,,,
n_2455133346,Ministry Of Health,civic,Civic,B,unclaimed,Unclaimed area,unclaimed,36,6.444959,7.489869,https://enugupoi.appspot.com/view/binaryData?blobKey=build_POI-Picture-Form_1374250655%5B%40version%3Dnull+and+%40uiVersion%3Dnull%5D%2Fdata%5B%40key%3Duuid%3A9e9639d0-201f-4cd3-82c0-968654a72488%5D%2FPOI_Picture1,,,
n_2455133347,Ministry of information head quarters,civic,Civic,B,unclaimed,Unclaimed area,unclaimed,36,6.444136,7.48827,https://enugupoi.appspot.com/view/binaryData?blobKey=build_POI-Picture-Form_1374250655%5B%40version%3Dnull+and+%40uiVersion%3Dnull%5D%2Fdata%5B%40key%3Duuid%3A26f3a237-4957-42b6-a9e9-75ca53d9d347%5D%2FPOI_Picture1,,,
n_2455133348,Ministry of land & urban development,civic,Civic,B,unclaimed,Unclaimed area,unclaimed,36,6.445819,7.488613,https://enugupoi.appspot.com/view/binaryData?blobKey=build_POI-Picture-Form_1374250655%5B%40version%3Dnull+and+%40uiVersion%3Dnull%5D%2Fdata%5B%40key%3Duuid%3A9de508d2-cdb8-4032-b4ce-722dff121154%5D%2FPOI_Picture1,,,
n_2455133349,Ministry of transport,civic,Civic,B,unclaimed,Unclaimed area,unclaimed,36,6.456365,7.495487,https://enugupoi.appspot.com/view/binaryData?blobKey=build_POI-Picture-Form_1374250655%5B%40version%3Dnull+and+%40uiVersion%3Dnull%5D%2Fdata%5B%40key%3Duuid%3A528d0c6d-5082-4f30-b51b-803d0f842243%5D%2FPOI_Picture1,,,
n_2455133350,Ministry of works & infrastructure headquarters,civic,Civic,B,unclaimed,Unclaimed area,unclaimed,36,6.4471172,7.4821989,https://enugupoi.appspot.com/view/binaryData?blobKey=build_POI-Picture-Form_1374250655%5B%40version%3Dnull+and+%40uiVersion%3Dnull%5D%2Fdata%5B%40key%3Duuid%3Ae7e62344-d678-4de2-ac9d-fa56cd748709%5D%2FPOI_Picture1,,,
n_2455133351,NITEL,civic,Civic,B,unclaimed,Unclaimed area,unclaimed,36,6.446169,7.486125,https://enugupoi.appspot.com/view/binaryData?blobKey=build_POI-Picture-Form_1374250655%5B%40version%3Dnull+and+%40uiVersion%3Dnull%5D%2Fdata%5B%40key%3Duuid%3Afea8e4f9-7092-47f8-9b72-4aafbc20b985%5D%2FPOI_Picture1,,,
n_2455133352,National Agency For Prohibition Of Traffic In Persons,civic,Civic,B,unclaimed,Unclaimed area,unclaimed,36,6.464425,7.492148,https://enugupoi.appspot.com/view/binaryData?blobKey=build_POI-Picture-Form_1374250655%5B%40version%3Dnull+and+%40uiVersion%3Dnull%5D%2Fdata%5B%40key%3Duuid%3A3ec18e82-965c-466c-8f7e-63c7488e2962%5D%2FPOI_Picture1,,,
n_2455133353,National Archives,civic,Civic,B,unclaimed,Unclaimed area,unclaimed,36,6.445641,7.489467,https://enugupoi.appspot.com/view/binaryData?blobKey=build_POI-Picture-Form_1374250655%5B%40version%3Dnull+and+%40uiVersion%3Dnull%5D%2Fdata%5B%40key%3Duuid%3A1fdd10cd-6bd5-4ffc-ad72-7b9e993e0cab%5D%2FPOI_Picture1,,,
n_2455133354,National Centre For Technology Management,civic,Civic,B,unclaimed,Unclaimed area,unclaimed,36,6.448413,7.489455,https://enugupoi.appspot.com/view/binaryData?blobKey=build_POI-Picture-Form_1374250655%5B%40version%3Dnull+and+%40uiVersion%3Dnull%5D%2Fdata%5B%40key%3Duuid%3A9f8c427d-5f46-4e9e-bd74-40b6a9f8df5e%5D%2FPOI_Picture1,,,
n_2455133355,National Industrial Court,civic,Civic,B,unclaimed,Unclaimed area,unclaimed,36,6.455583,7.48974,https://enugupoi.appspot.com/view/binaryData?blobKey=build_POI-Picture-Form_1374250655%5B%40version%3Dnull+and+%40uiVersion%3Dnull%5D%2Fdata%5B%40key%3Duuid%3A6ac27e07-795a-4705-b975-99165996ff5f%5D%2FPOI_Picture1,,,
n_2455133356,National Integrated Power Project,civic,Civic,B,unclaimed,Unclaimed area,unclaimed,36,6.4548107,7.4980875,https://enugupoi.appspot.com/view/binaryData?blobKey=build_POI-Picture-Form_1374250655%5B%40version%3Dnull+and+%40uiVersion%3Dnull%5D%2Fdata%5B%40key%3Duuid%3A87a57166-7bce-4d42-b6e9-020aa568b6db%5D%2FPOI_Picture1,,,
n_2455133357,National Productivity Center,civic,Civic,B,unclaimed,Unclaimed area,unclaimed,36,6.456558,7.492878,https://enugupoi.appspot.com/view/binaryData?blobKey=build_POI-Picture-Form_1374250655%5B%40version%3Dnull+and+%40uiVersion%3Dnull%5D%2Fdata%5B%40key%3Duuid%3A4e319f13-cbda-4542-9d91-0827fd0cc99e%5D%2FPOI_Picture1,,,
n_2455133359,Neuro Spinal Clinic,hospital,Hospital,B,unclaimed,Unclaimed area,unclaimed,24,6.460941,7.479773,https://enugupoi.appspot.com/view/binaryData?blobKey=build_POI-Picture-Form_1374250655%5B%40version%3Dnull+and+%40uiVersion%3Dnull%5D%2Fdata%5B%40key%3Duuid%3Abda13a72-6d56-45f8-bf92-589ef0ce5cf5%5D%2FPOI_Picture1,,,
n_2455133360,Niger Optical (Eye Clinic),shop,Shop,B,unclaimed,Unclaimed area,unclaimed,42,6.482949,7.516629,https://enugupoi.appspot.com/view/binaryData?blobKey=build_POI-Picture-Form_1374250655%5B%40version%3Dnull+and+%40uiVersion%3Dnull%5D%2Fdata%5B%40key%3Duuid%3Abd16e2fa-1e11-4df1-b12a-5de4603e521f%5D%2FPOI_Picture1,,,
n_2455133361,Nigerian erosion & watershed management project,civic,Civic,B,unclaimed,Unclaimed area,unclaimed,36,6.447235,7.481866,https://enugupoi.appspot.com/view/binaryData?blobKey=build_POI-Picture-Form_1374250655%5B%40version%3Dnull+and+%40uiVersion%3Dnull%5D%2Fdata%5B%40key%3Duuid%3Ab17aa216-927e-4556-a4a0-a503a7f1f921%5D%2FPOI_Picture1,,,
n_2455133362,Ntasi Obi Ndi No Naafufu Specialist Hospital,hospital,Hospital,B,trans_ekulu,Trans-Ekulu,unclaimed,24,6.476539,7.50139,https://enugupoi.appspot.com/view/binaryData?blobKey=build_POI-Picture-Form_1374250655%5B%40version%3Dnull+and+%40uiVersion%3Dnull%5D%2Fdata%5B%40key%3Duuid%3Aa3343c52-9208-478b-8a99-ba68d2770aef%5D%2FPOI_Picture1,,,
n_2455133382,Office of the governor servicom & & performance improvement bureau,civic,Civic,B,unclaimed,Unclaimed area,unclaimed,36,6.44533,7.487611,https://enugupoi.appspot.com/view/binaryData?blobKey=build_POI-Picture-Form_1374250655%5B%40version%3Dnull+and+%40uiVersion%3Dnull%5D%2Fdata%5B%40key%3Duuid%3A2f72ca7f-f8cb-440e-835d-16c7fc0d6202%5D%2FPOI_Picture1,,,
n_2455133383,Oosa Herbal International,shop,Shop,B,trans_ekulu,Trans-Ekulu,unclaimed,42,6.4774414,7.5033186,https://enugupoi.appspot.com/view/binaryData?blobKey=build_POI-Picture-Form_1374250655%5B%40version%3Dnull+and+%40uiVersion%3Dnull%5D%2Fdata%5B%40key%3Duuid%3A5db94c64-b37f-4cf0-a991-f050db393c50%5D%2FPOI_Picture1,,,
n_2455133384,PDP South East Zonal Headquarters,civic,Civic,B,unclaimed,Unclaimed area,unclaimed,36,6.4582196,7.495884,https://enugupoi.appspot.com/view/binaryData?blobKey=build_POI-Picture-Form_1374250655%5B%40version%3Dnull+and+%40uiVersion%3Dnull%5D%2Fdata%5B%40key%3Duuid%3A7a59d579-96f0-4e9d-b28f-8f6fcd01d635%5D%2FPOI_Picture1,,,
n_2455133386,Pharmacists council of Nigeria,civic,Civic,B,unclaimed,Unclaimed area,unclaimed,36,6.443834,7.489287,https://enugupoi.appspot.com/view/binaryData?blobKey=build_POI-Picture-Form_1374250655%5B%40version%3Dnull+and+%40uiVersion%3Dnull%5D%2Fdata%5B%40key%3Duuid%3A7dc57cc0-9276-424b-bb6b-eaa20fdf89fe%5D%2FPOI_Picture1,,,
n_2455133387,"Pharmacy Dept, Enugu State University Teaching Hospital",school,School,B,unclaimed,Unclaimed area,unclaimed,24,6.461387,7.49381,https://enugupoi.appspot.com/view/binaryData?blobKey=build_POI-Picture-Form_1374250655%5B%40version%3Dnull+and+%40uiVersion%3Dnull%5D%2Fdata%5B%40key%3Duuid%3Ae864992d-9028-4ca2-87ce-dd7dda1d8475%5D%2FPOI_Picture1,,,
n_2455133390,Planet Medical Centre,pharmacy,Pharmacy,B,unclaimed,Unclaimed area,unclaimed,36,6.479049,7.516834,https://enugupoi.appspot.com/view/binaryData?blobKey=build_POI-Picture-Form_1374250655%5B%40version%3Dnull+and+%40uiVersion%3Dnull%5D%2Fdata%5B%40key%3Duuid%3A74bd4f43-fbaf-4fd4-9098-0e61c0e32f0d%5D%2FPOI_Picture1,,,
n_2455133393,Prima Schools,school,School,B,unclaimed,Unclaimed area,unclaimed,24,6.46983,7.504187,https://enugupoi.appspot.com/view/binaryData?blobKey=build_POI-Picture-Form_1374250655%5B%40version%3Dnull+and+%40uiVersion%3Dnull%5D%2Fdata%5B%40key%3Duuid%3A32958ef6-cd77-448f-8ea4-bdd61adedc16%5D%2FPOI_Picture1,,,
n_2455133395,Proposed enugu state secretariat complex,civic,Civic,B,unclaimed,Unclaimed area,unclaimed,36,6.445278,7.484596,https://enugupoi.appspot.com/view/binaryData?blobKey=build_POI-Picture-Form_1374250655%5B%40version%3Dnull+and+%40uiVersion%3Dnull%5D%2Fdata%5B%40key%3Duuid%3Acbadb8e3-a515-4510-864f-4c5512d0bfe7%5D%2FPOI_Picture1,,,
n_2455133397,Provision Shop,market,Market,B,unclaimed,Unclaimed area,unclaimed,60,6.465918,7.59559,https://enugupoi.appspot.com/view/binaryData?blobKey=build_POI-Picture-Form_1374250655%5B%40version%3Dnull+and+%40uiVersion%3Dnull%5D%2Fdata%5B%40key%3Duuid%3A30ccdab5-c27b-41b3-a2ef-80aa6dfb68c1%5D%2FPOI_Picture1,,,
n_2455133400,Railway office,civic,Civic,B,ogui,Ogui,unclaimed,36,6.448707,7.500494,https://enugupoi.appspot.com/view/binaryData?blobKey=build_POI-Picture-Form_1374250655%5B%40version%3Dnull+and+%40uiVersion%3Dnull%5D%2Fdata%5B%40key%3Duuid%3A6b08d1b6-0408-4581-99b4-5bc2bd20200a%5D%2FPOI_Picture1,,,
n_2455133401,Renhoks Pharmaceuticals Ltd,civic,Civic,B,unclaimed,Unclaimed area,unclaimed,36,6.462298,7.498621,https://enugupoi.appspot.com/view/binaryData?blobKey=build_POI-Picture-Form_1374250655%5B%40version%3Dnull+and+%40uiVersion%3Dnull%5D%2Fdata%5B%40key%3Duuid%3A507d24d5-23c7-4d3e-81d9-b82abdb9fd3c%5D%2FPOI_Picture1,,,
n_2455133402,River Side Nursery & Primary School,school,School,B,abakpa,Abakpa,playable_faction,20,6.480415,7.520734,https://enugupoi.appspot.com/view/binaryData?blobKey=build_POI-Picture-Form_1374250655%5B%40version%3Dnull+and+%40uiVersion%3Dnull%5D%2Fdata%5B%40key%3Duuid%3Ae6ef03f4-750a-4825-bca7-edd12193b7f4%5D%2FPOI_Picture1,,,
n_2455133403,SARS Zone,civic,Civic,B,unclaimed,Unclaimed area,unclaimed,36,6.460924,7.476421,https://enugupoi.appspot.com/view/binaryData?blobKey=build_POI-Picture-Form_1374250655%5B%40version%3Dnull+and+%40uiVersion%3Dnull%5D%2Fdata%5B%40key%3Duuid%3Ad0d94456-18d9-43c2-b51b-14bcf2ae7b15%5D%2FPOI_Picture1,,,
n_2455133405,Spart & Paths(DFID),civic,Civic,B,unclaimed,Unclaimed area,unclaimed,36,6.447818,7.489264,https://enugupoi.appspot.com/view/binaryData?blobKey=build_POI-Picture-Form_1374250655%5B%40version%3Dnull+and+%40uiVersion%3Dnull%5D%2Fdata%5B%40key%3Duuid%3Afaa206b7-b0ec-4cca-8a80-d9119f33792b%5D%2FPOI_Picture1,,,
n_2455133407,St Leo The Great Nursery & Primary School,school,School,B,unclaimed,Unclaimed area,unclaimed,24,6.480021,7.507836,https://enugupoi.appspot.com/view/binaryData?blobKey=build_POI-Picture-Form_1374250655%5B%40version%3Dnull+and+%40uiVersion%3Dnull%5D%2Fdata%5B%40key%3Duuid%3A9bdd3d65-da19-4534-a131-5b833b38d506%5D%2FPOI_Picture1,,,
n_2455133410,Stambic IBTC Bank,civic,Civic,B,unclaimed,Unclaimed area,unclaimed,36,6.4451,7.490813,https://enugupoi.appspot.com/view/binaryData?blobKey=build_POI-Picture-Form_1374250655%5B%40version%3Dnull+and+%40uiVersion%3Dnull%5D%2Fdata%5B%40key%3Duuid%3A8c4fa673-58ad-4613-878d-c3da43243612%5D%2FPOI_Picture1,,,
n_2455133411,Stanbic IBTC Bank Plc,atm,ATM,B,unclaimed,Unclaimed area,unclaimed,0,6.459337,7.495592,https://enugupoi.appspot.com/view/binaryData?blobKey=build_POI-Picture-Form_1374250655%5B%40version%3Dnull+and+%40uiVersion%3Dnull%5D%2Fdata%5B%40key%3Duuid%3Ac3e5a866-a47e-4432-bb30-1ccbe0fbc83a%5D%2FPOI_Picture1,,,
n_2455133412,Stanbic IBTC Bank,bank,Bank,B,unclaimed,Unclaimed area,unclaimed,0,6.447137,7.489525,https://enugupoi.appspot.com/view/binaryData?blobKey=build_POI-Picture-Form_1374250655%5B%40version%3Dnull+and+%40uiVersion%3Dnull%5D%2Fdata%5B%40key%3Duuid%3Af588e38e-2427-471e-bc65-b0a83c75b8b2%5D%2FPOI_Picture1,,,
n_2455133413,State treasury house,civic,Civic,B,unclaimed,Unclaimed area,unclaimed,36,6.445098,7.487171,https://enugupoi.appspot.com/view/binaryData?blobKey=build_POI-Picture-Form_1374250655%5B%40version%3Dnull+and+%40uiVersion%3Dnull%5D%2Fdata%5B%40key%3Duuid%3Ab1986e71-4f75-4a9e-9f78-35b83844fad0%5D%2FPOI_Picture1,,,
n_2455133414,Summieville Cottage,hotel,Hotel,B,thinkers_corner,Thinkers Corner,unclaimed,36,6.473041,7.522565,https://enugupoi.appspot.com/view/binaryData?blobKey=build_POI-Picture-Form_1374250655%5B%40version%3Dnull+and+%40uiVersion%3Dnull%5D%2Fdata%5B%40key%3Duuid%3A0c13ffad-92ec-47a8-925e-87eaa33b6961%5D%2FPOI_Picture1,,,
n_2455133415,Sunshine Crèche,school,School,B,unclaimed,Unclaimed area,unclaimed,24,6.447395,7.488415,https://enugupoi.appspot.com/view/binaryData?blobKey=build_POI-Picture-Form_1374250655%5B%40version%3Dnull+and+%40uiVersion%3Dnull%5D%2Fdata%5B%40key%3Duuid%3A3ca67724-b392-43b5-85c8-733b964a00c5%5D%2FPOI_Picture1,,,
n_2455133416,Sure mercies eye clinic & services,hospital,Hospital,B,unclaimed,Unclaimed area,unclaimed,24,6.45038,7.493085,https://enugupoi.appspot.com/view/binaryData?blobKey=build_POI-Picture-Form_1374250655%5B%40version%3Dnull+and+%40uiVersion%3Dnull%5D%2Fdata%5B%40key%3Duuid%3A8d1f4577-ebc0-4e56-a152-ad9d93aa41e4%5D%2FPOI_Picture1,,,
n_2455133418,Tamara Guest Inn,hotel,Hotel,B,unclaimed,Unclaimed area,unclaimed,36,6.461007,7.481726,https://enugupoi.appspot.com/view/binaryData?blobKey=build_POI-Picture-Form_1374250655%5B%40version%3Dnull+and+%40uiVersion%3Dnull%5D%2Fdata%5B%40key%3Duuid%3A4719a753-830b-4720-a279-e8ad63e2cc47%5D%2FPOI_Picture1,,,
n_2455133419,The Courtyard Hotels & Resorts,hotel,Hotel,B,unclaimed,Unclaimed area,unclaimed,36,6.455529,7.487704,https://enugupoi.appspot.com/view/binaryData?blobKey=build_POI-Picture-Form_1374250655%5B%40version%3Dnull+and+%40uiVersion%3Dnull%5D%2Fdata%5B%40key%3Duuid%3A6f7f5168-9f83-4f65-a806-cf422caaa1e4%5D%2FPOI_Picture1,,,
n_2455133420,The PDP Presidential Champaign South East Zonal Headquarter,civic,Civic,B,unclaimed,Unclaimed area,unclaimed,36,6.46044,7.509881,https://enugupoi.appspot.com/view/binaryData?blobKey=build_POI-Picture-Form_1374250655%5B%40version%3Dnull+and+%40uiVersion%3Dnull%5D%2Fdata%5B%40key%3Duuid%3A276d4325-98f2-499d-88ae-126639f1bb60%5D%2FPOI_Picture1,,,
n_2455133421,The coal city gardens,hotel,Hotel,B,unclaimed,Unclaimed area,unclaimed,36,6.447507,7.489062,https://enugupoi.appspot.com/view/binaryData?blobKey=build_POI-Picture-Form_1374250655%5B%40version%3Dnull+and+%40uiVersion%3Dnull%5D%2Fdata%5B%40key%3Duuid%3A09e59ed9-b45c-4841-b73e-e461a8fac7bb%5D%2FPOI_Picture1,,,
n_2455133439,Top 10 International Hotel,hotel,Hotel,B,unclaimed,Unclaimed area,unclaimed,36,6.462775,7.477306,https://enugupoi.appspot.com/view/binaryData?blobKey=build_POI-Picture-Form_1374250655%5B%40version%3Dnull+and+%40uiVersion%3Dnull%5D%2Fdata%5B%40key%3Duuid%3A884edf90-e0ce-4b90-88f1-5e7859c82cd6%5D%2FPOI_Picture1,,,
n_2455133441,Trans Ekulu Girls Secondary School,school,School,B,trans_ekulu,Trans-Ekulu,unclaimed,24,6.476649,7.501828,https://enugupoi.appspot.com/view/binaryData?blobKey=build_POI-Picture-Form_1374250655%5B%40version%3Dnull+and+%40uiVersion%3Dnull%5D%2Fdata%5B%40key%3Duuid%3Ad8462692-6a2c-4df0-89c8-b3b077392558%5D%2FPOI_Picture1,,,
n_2455133442,Trans Ekulu Primary School,school,School,B,trans_ekulu,Trans-Ekulu,unclaimed,24,6.4762499,7.495381,https://enugupoi.appspot.com/view/binaryData?blobKey=build_POI-Picture-Form_1374250655%5B%40version%3Dnull+and+%40uiVersion%3Dnull%5D%2Fdata%5B%40key%3Duuid%3Af99135ae-6448-4c42-9194-31455ccdbabb%5D%2FPOI_Picture1,,,
n_2455133444,Union Bank,bank,Bank,B,unclaimed,Unclaimed area,unclaimed,0,6.445506,7.490557,https://enugupoi.appspot.com/view/binaryData?blobKey=build_POI-Picture-Form_1374250655%5B%40version%3Dnull+and+%40uiVersion%3Dnull%5D%2Fdata%5B%40key%3Duuid%3Aaa05fded-52b8-4b8a-878a-971b234c6a9f%5D%2FPOI_Picture1,,,
n_2455133721,Union Bank,bank,Bank,B,ogbete,Ogbete,prize_zone,0,6.438163,7.485022,,,,
n_2455133734,Union Bank,bank,Bank,B,ogui,Ogui,unclaimed,0,6.439144,7.493999,,,,
n_2455133445,United palm products limited,civic,Civic,B,unclaimed,Unclaimed area,unclaimed,36,6.44641,7.483411,https://enugupoi.appspot.com/view/binaryData?blobKey=build_POI-Picture-Form_1374250655%5B%40version%3Dnull+and+%40uiVersion%3Dnull%5D%2Fdata%5B%40key%3Duuid%3A62acf2a1-0790-4236-beaa-3bded90d589d%5D%2FPOI_Picture1,,,
n_2455133457,Universal basic education commission,civic,Civic,B,unclaimed,Unclaimed area,unclaimed,36,6.447128,7.482193,https://enugupoi.appspot.com/view/binaryData?blobKey=build_POI-Picture-Form_1374250655%5B%40version%3Dnull+and+%40uiVersion%3Dnull%5D%2Fdata%5B%40key%3Duuid%3Ac60b2fc3-448c-448d-b9ff-5a3925a3eb8e%5D%2FPOI_Picture1,,,
n_2455133465,Veronica Suite,hotel,Hotel,B,unclaimed,Unclaimed area,unclaimed,36,6.464697,7.497845,https://enugupoi.appspot.com/view/binaryData?blobKey=build_POI-Picture-Form_1374250655%5B%40version%3Dnull+and+%40uiVersion%3Dnull%5D%2Fdata%5B%40key%3Duuid%3Aa4d22269-c669-4b7d-9058-8c467a702db6%5D%2FPOI_Picture1,,,
n_2455133474,Victoria Gardens Hotel Limited,hotel,Hotel,B,unclaimed,Unclaimed area,unclaimed,36,6.459907,7.489305,https://enugupoi.appspot.com/view/binaryData?blobKey=build_POI-Picture-Form_1374250655%5B%40version%3Dnull+and+%40uiVersion%3Dnull%5D%2Fdata%5B%40key%3Duuid%3A29b36ace-055f-4b84-a016-be79ac85c9fe%5D%2FPOI_Picture1,,,
n_2455133482,Victory Plaza,market,Market,B,trans_ekulu,Trans-Ekulu,unclaimed,60,6.479254,7.503113,https://enugupoi.appspot.com/view/binaryData?blobKey=build_POI-Picture-Form_1374250655%5B%40version%3Dnull+and+%40uiVersion%3Dnull%5D%2Fdata%5B%40key%3Duuid%3Ae3c097d2-0e33-4e63-8d73-3ab68be71f50%5D%2FPOI_Picture1,,,
n_2455133483,Water Works,civic,Civic,B,unclaimed,Unclaimed area,unclaimed,36,6.451433,7.476037,https://enugupoi.appspot.com/view/binaryData?blobKey=build_POI-Picture-Form_1374250655%5B%40version%3Dnull+and+%40uiVersion%3Dnull%5D%2Fdata%5B%40key%3Duuid%3Acaf90f98-9bb8-42ed-a594-1634011c2a59%5D%2FPOI_Picture1,,,
n_2455133484,White Hall Medical Centre,pharmacy,Pharmacy,B,unclaimed,Unclaimed area,unclaimed,36,6.450652,7.485499,https://enugupoi.appspot.com/view/binaryData?blobKey=build_POI-Picture-Form_1374250655%5B%40version%3Dnull+and+%40uiVersion%3Dnull%5D%2Fdata%5B%40key%3Duuid%3A3e03256c-921e-4fd1-9ea4-7467e1e38a24%5D%2FPOI_Picture1,,,
n_2455133485,Winsophia Child Friendly,school,School,B,abakpa,Abakpa,playable_faction,20,6.482994,7.52245,https://enugupoi.appspot.com/view/binaryData?blobKey=build_POI-Picture-Form_1374250655%5B%40version%3Dnull+and+%40uiVersion%3Dnull%5D%2Fdata%5B%40key%3Duuid%3A96ecc298-26d5-4338-a5a5-3454df977b85%5D%2FPOI_Picture1,,,
n_2455133487,New Topic Guest House,hotel,Hotel,B,unclaimed,Unclaimed area,unclaimed,36,6.398478,7.507163,,,,
n_2455133488,Ndiagu Amechi Uwani Health Center,hospital,Hospital,B,unclaimed,Unclaimed area,unclaimed,24,6.407998,7.531527,,,,
n_2455133489,Ugwuaji Quest House Enugu,hotel,Hotel,B,unclaimed,Unclaimed area,unclaimed,36,6.412843,7.534622,,,,
n_2455133490,Greater Tomorrow International School (Nur & Pri),school,School,B,uwani,Uwani,unclaimed,24,6.4134409,7.4961329,,,,
n_2455133491,Chinwe Memorial Clinic,hospital,Hospital,B,unclaimed,Unclaimed area,unclaimed,24,6.4134272,7.5442724,,,,
n_2455133492,Voyage Bay Guest House,hotel,Hotel,B,independence_layout,Independence Layout,playable_faction,30,6.413652,7.52932,,,,
n_2455133493,May Blossom High School,school,School,B,uwani,Uwani,unclaimed,24,6.413662,7.502434,,,,
n_2455133494,Anndy Model School,school,School,B,unclaimed,Unclaimed area,unclaimed,24,6.413759,7.493559,,,,
n_2455133496,Gab Oforma Agbo & Co (Ebulike Chambers),civic,Civic,B,uwani,Uwani,unclaimed,36,6.414603,7.495197,,,,
n_2455133497,Child Labour & Abuse Prevention Project,civic,Civic,B,uwani,Uwani,unclaimed,36,6.414614,7.495136,,,,
n_2455133499,Board Of Internal Revenue Motor Licensing Office,civic,Civic,B,independence_layout,Independence Layout,playable_faction,30,6.41521,7.504818,,,,
n_2455133503,Emmanuel Foundation International,civic,Civic,B,unclaimed,Unclaimed area,unclaimed,36,6.416616,7.493618,,,,
n_2455133506,Diamond Bank,bank,Bank,B,unclaimed,Unclaimed area,unclaimed,0,6.417211,7.491859,,,,
n_2455133609,Diamond Bank,bank,Bank,B,coal_camp,Coal Camp,playable_faction,0,6.431093000000001,7.4808225,,,,
n_2455133751,Diamond Bank,bank,Bank,B,unclaimed,Unclaimed area,unclaimed,0,6.44053,7.5064174999999995,,,,
n_2455133772,Diamond Bank,bank,Bank,B,unclaimed,Unclaimed area,unclaimed,0,6.441946,7.489643,,,,
n_2455133510,Missuori Hotels,hotel,Hotel,B,independence_layout,Independence Layout,playable_faction,30,6.417555,7.509718,,,,
n_2455133511,Missouri Hotel,hotel,Hotel,B,independence_layout,Independence Layout,playable_faction,30,6.417598,7.509589,,,,
n_2455133513,Madonna Daycare Center,school,School,B,unclaimed,Unclaimed area,unclaimed,24,6.417746,7.491049,,,,
n_2455133514,Cosy Hotel,hotel,Hotel,B,unclaimed,Unclaimed area,unclaimed,36,6.417798,7.490654,,,,
n_2455133515,Happy Hours,hotel,Hotel,B,independence_layout,Independence Layout,playable_faction,30,6.4179325,7.5106695000000006,,,,
n_2455133517,Dutchy Properties Limited,civic,Civic,B,uwani,Uwani,unclaimed,36,6.4199406,7.4912753,,,,
n_2455133518,Viva Healthfoo Shop & Dietetic Clinic,hospital,Hospital,B,uwani,Uwani,unclaimed,24,6.418407,7.494977,,,,
n_2455133520,Okenwa International Driving Training School,school,School,B,unclaimed,Unclaimed area,unclaimed,24,6.419036,7.488044,,,,
n_2455133522,Methodist College,school,School,B,unclaimed,Unclaimed area,unclaimed,24,6.419208,7.487365,,,,
n_2455133523,"Happy Time Crèche, Nursery & Primary School",school,School,B,uwani,Uwani,unclaimed,24,6.419481,7.492346,,,,
n_2455133524,Enugu Guest House,hotel,Hotel,B,uwani,Uwani,unclaimed,36,6.419531,7.493545,,,,
n_2455133525,Ecobank,hotel,Hotel,B,uwani,Uwani,unclaimed,36,6.420065,7.497252,,,,
n_2455133526,Mac Royal Hotel Limited,hotel,Hotel,B,uwani,Uwani,unclaimed,36,6.4202693,7.4923488,,,,
n_2455133527,Baptist High School,school,School,B,uwani,Uwani,unclaimed,24,6.421559,7.492255,,,,
n_2455133528,Nigeria Muslim Coppers Association of Nigeria,civic,Civic,B,uwani,Uwani,unclaimed,36,6.421805,7.49396,,,,
n_2455133530,Sacred Heart Primary & Secondary School,school,School,B,uwani,Uwani,unclaimed,24,6.421991,7.489037,,,,
n_2455133532,Enugu State Water Corporation Complaint & Fault Report Center,civic,Civic,B,uwani,Uwani,unclaimed,36,6.422478,7.493288,,,,
n_2455133533,City Park Luxury Hotel,hotel,Hotel,B,independence_layout,Independence Layout,playable_faction,30,6.4224748,7.5185718,,,,
n_2455133538,Igbo Youth Association Of Nigeria,civic,Civic,B,uwani,Uwani,unclaimed,36,6.423591,7.488757,,,,
n_2455133539,Uzoho Pharmacy Nig Limited,civic,Civic,B,uwani,Uwani,unclaimed,36,6.423683,7.488642,,,,
n_2455133540,Good Shepherd Micro Finance Bank,bank,Bank,B,uwani,Uwani,unclaimed,0,6.423793,7.49706,,,,
n_2455133541,Keystone Bank,bank,Bank,B,uwani,Uwani,unclaimed,0,6.423843,7.488888,,,,
n_2455133543,Government Secondary School For The Deaf,school,School,B,coal_camp,Coal Camp,playable_faction,20,6.424389,7.476417,,,,
n_2455133546,Moonlight Clinic & Maternity,hospital,Hospital,B,coal_camp,Coal Camp,playable_faction,20,6.4244511,7.4796454,,,,
n_2455133547,International Institute For Entrepreneurship & Development,school,School,B,uwani,Uwani,unclaimed,24,6.424658,7.489773,,,,
n_2455133548,Enugu South LGA Headquarters,civic,Civic,B,uwani,Uwani,unclaimed,36,6.424941,7.49227,,,,
n_2455133550,Consumer Protection Council,civic,Civic,B,uwani,Uwani,unclaimed,36,6.425074,7.492317,,,,
n_2455133552,Zenith Bank,bank,Bank,B,uwani,Uwani,unclaimed,0,6.425126,7.490481,,,,
n_2460131405,Zenith Bank,bank,Bank,B,independence_layout,Independence Layout,playable_faction,0,6.441007,7.508713,https://enugupoi.appspot.com/view/binaryData?blobKey=build_POI-Picture-Form_1374250655%5B%40version%3Dnull+and+%40uiVersion%3Dnull%5D%2Fdata%5B%40key%3Duuid%3A50f83172-c520-4cba-b7c4-761918130496%5D%2FPOI_Picture1,,,
n_8753341670,Zenith Bank,bank,Bank,B,new_haven,New Haven,unclaimed,0,6.4571884,7.5304675,,,,
n_2455133555,First Holistic Health Physiotherapy Clinic,hospital,Hospital,B,uwani,Uwani,unclaimed,24,6.425602,7.494653,,,,
n_2455133556,Rossy Valley International Hotels Limited,hotel,Hotel,B,coal_camp,Coal Camp,playable_faction,30,6.425886,7.478563,,,,
n_2455133560,National Information Technology Development Agency,civic,Civic,B,independence_layout,Independence Layout,playable_faction,30,6.426954,7.513367,,,,
n_2455133562,Skye Bank,bank,Bank,B,independence_layout,Independence Layout,playable_faction,0,6.4271752499999995,7.50874865,,,,
n_2455133728,Skye Bank,bank,Bank,B,unclaimed,Unclaimed area,unclaimed,0,6.438479,7.486486,,,,
n_2455133749,Skye Bank,bank,Bank,B,unclaimed,Unclaimed area,unclaimed,0,6.440433,7.488753,,,,
n_2455133563,IMT Industrial Centre,civic,Civic,B,independence_layout,Independence Layout,playable_faction,30,6.42726,7.516191,,,,
n_2455133565,Nigeria Postal Service,civic,Civic,B,independence_layout,Independence Layout,playable_faction,30,6.427478,7.505228,,,,
n_2455133765,Nigeria Postal Service,civic,Civic,B,ogui,Ogui,unclaimed,36,6.441402,7.494195,,,,
n_2455133568,Extension Edidas,civic,Civic,B,coal_camp,Coal Camp,playable_faction,30,6.427868,7.479469,,,,
n_2455133572,Coal Camp Micro Finance Bank,bank,Bank,B,coal_camp,Coal Camp,playable_faction,0,6.428701,7.479144,,,,
n_2455133573,Paladium Hotels,hotel,Hotel,B,coal_camp,Coal Camp,playable_faction,30,6.429341,7.480994,,,,
n_2455133575,"Holy Rosary College Uwani, Enugu",school,School,B,unclaimed,Unclaimed area,unclaimed,24,6.4294247,7.4953809,,,,"en:Holy Rosary College, Enugu"
n_2455133602,Nigeria Postal Service Dept,civic,Civic,B,coal_camp,Coal Camp,playable_faction,30,6.429925,7.480778,,,,
n_2455133604,Ogbete Tax Office,civic,Civic,B,coal_camp,Coal Camp,playable_faction,30,6.430344,7.481188,,,,
n_2455133606,Hansa Clinics,hospital,Hospital,B,unclaimed,Unclaimed area,unclaimed,24,6.430425,7.496329,,,,
n_2455133608,Hands & Brain,civic,Civic,B,independence_layout,Independence Layout,playable_faction,30,6.430819,7.519318,,,,
n_2455133610,First Bank,bank,Bank,B,coal_camp,Coal Camp,playable_faction,0,6.430995,7.480389,,,,
n_2455133731,First Bank,bank,Bank,B,unclaimed,Unclaimed area,unclaimed,0,6.43871,7.486838,,,,
n_2455133762,First Bank,bank,Bank,B,unclaimed,Unclaimed area,unclaimed,0,6.441286,7.488165,,,,
n_2455133780,First Bank,bank,Bank,B,ogui,Ogui,unclaimed,0,6.442505,7.496561,,,,
n_2492315152,First Bank,bank,Bank,B,independence_layout,Independence Layout,playable_faction,0,6.4413275,7.509551,https://enugupoi.appspot.com/view/binaryData?blobKey=build_POI-Picture-Form_1374250655%5B%40version%3Dnull+and+%40uiVersion%3Dnull%5D%2Fdata%5B%40key%3Duuid%3A7e6cf120-ea38-47d1-b369-e7e7bc95f3e0%5D%2FPOI_Picture1,,,
n_2455133611,The International First Aid Society,civic,Civic,B,coal_camp,Coal Camp,playable_faction,30,6.431016,7.482905,,,,
n_2455133613,Ogbete River Primary School,school,School,B,coal_camp,Coal Camp,playable_faction,20,6.431292,7.479129,,,,
n_2455133614,Topranks Hotels,hotel,Hotel,B,independence_layout,Independence Layout,playable_faction,30,6.431383,7.51969,,,,
n_2455133615,Umuchinemere Procredit Microfinance Bank,bank,Bank,B,unclaimed,Unclaimed area,unclaimed,0,6.431395,7.493063,,,,
n_2455133616,Olu Aka Di Mma Vocational Technical Training Centre,school,School,B,coal_camp,Coal Camp,playable_faction,20,6.43145,7.478238,,,,
n_2455133618,City Primary School,school,School,B,coal_camp,Coal Camp,playable_faction,20,6.431651,7.477204,,,,
n_2455133619,Niger Optical Services Co Nig. Limited Eye Clinic,shop,Shop,B,unclaimed,Unclaimed area,unclaimed,42,6.4318913,7.4938897,,,,
n_2455133622,National Library,civic,Civic,B,independence_layout,Independence Layout,playable_faction,30,6.432387,7.518436,,,,
n_2455133623,The Calvary Institute Of Technology,school,School,B,coal_camp,Coal Camp,playable_faction,20,6.4285068,7.4786957,,,,
n_2455133625,First Hotel,hotel,Hotel,B,unclaimed,Unclaimed area,unclaimed,36,6.432522,7.500935,,,,
n_2455133627,National Primary Health Care Development Agency,civic,Civic,B,independence_layout,Independence Layout,playable_faction,30,6.4334584,7.517713,,,,
n_2455133628,Coal Mining Corporation,civic,Civic,B,coal_camp,Coal Camp,playable_faction,30,6.433263,7.469609,,,,
n_2455133629,Concil Obiagu Primary School,school,School,B,unclaimed,Unclaimed area,unclaimed,24,6.43336,7.4970571,,,,
n_2455133630,Placia Hotel,hotel,Hotel,B,unclaimed,Unclaimed area,unclaimed,36,6.4334325,7.4981058,,,,
n_2455133643,Civil Liberty Organization South East Zone,civic,Civic,B,unclaimed,Unclaimed area,unclaimed,36,6.4336216,7.4977605,,,,
n_2455133647,Dec Enugu Micro Finance Bank,bank,Bank,B,independence_layout,Independence Layout,playable_faction,0,6.433616,7.519998,,,,
n_2455133648,Association Of Senior Civil Servants Of Nig Enugu State Chapter,civic,Civic,B,unclaimed,Unclaimed area,unclaimed,36,6.4337015,7.4954332,,,,
n_2455133656,First Bank of Nigeria,bank,Bank,B,unclaimed,Unclaimed area,unclaimed,0,6.43476,7.4940535,,,,
n_2455133657,Residency Hotel,hotel,Hotel,B,independence_layout,Independence Layout,playable_faction,30,6.434675,7.522885,,,,
n_2455133658,Fontana Hotels,hotel,Hotel,B,independence_layout,Independence Layout,playable_faction,30,6.434676,7.523119,,,,
n_2455133659,Education Resources Center Ministry Of Education,civic,Civic,B,independence_layout,Independence Layout,playable_faction,30,6.434758,7.502914,,,,
n_2455133672,NTA Enugu Network Centre,shop,Shop,B,independence_layout,Independence Layout,playable_faction,35,6.4403398,7.5144146,,,,
n_2455133680,Holy Child Motherless Babies Home,civic,Civic,B,unclaimed,Unclaimed area,unclaimed,36,6.434914,7.489003,,,,
n_2455133688,Nigeria Export Promotion Council,civic,Civic,B,independence_layout,Independence Layout,playable_faction,30,6.434965,7.521196,,,,
n_2455133689,News Agency Of Nigeria,civic,Civic,B,independence_layout,Independence Layout,playable_faction,30,6.434974,7.531078,,,,
n_2455133690,Universal Hotel,hotel,Hotel,B,independence_layout,Independence Layout,playable_faction,30,6.435023,7.519428,,,,
n_8754485216,Universal Hotel,hotel,Hotel,B,independence_layout,Independence Layout,playable_faction,30,6.4350607,7.5179479,,,,
n_2455133691,Bank Of Agriculture,bank,Bank,B,independence_layout,Independence Layout,playable_faction,0,6.4350818,7.5210949,,,,
n_2455133692,Saloon Hotel,hotel,Hotel,B,unclaimed,Unclaimed area,unclaimed,36,6.4354596,7.4990701,,,,
n_2455133694,Sterling Bank,bank,Bank,B,ogui,Ogui,unclaimed,0,6.435587,7.489649,,,,
n_2455133774,Sterling Bank,bank,Bank,B,unclaimed,Unclaimed area,unclaimed,0,6.442117,7.489677,,,,
n_2455133696,Ministry Of Education Zonal Inspectorate Office Enugu,civic,Civic,B,independence_layout,Independence Layout,playable_faction,30,6.435785,7.505088,,,,
n_2455133697,United Bank For Africa (UBA),bank,Bank,B,independence_layout,Independence Layout,playable_faction,0,6.435841,7.520309,,,,
n_2455133742,United Bank for Africa (UBA),bank,Bank,B,unclaimed,Unclaimed area,unclaimed,0,6.440098,7.488242,,,,
n_2455133754,United Bank For Africa (UBA),bank,Bank,B,unclaimed,Unclaimed area,unclaimed,0,6.440688,7.488765,,,,
n_2455133791,United Bank For Africa (UBA),bank,Bank,B,unclaimed,Unclaimed area,unclaimed,0,6.443517,7.491742,,,,
n_2455133699,State Central Library,civic,Civic,B,ogui,Ogui,unclaimed,36,6.435965,7.491271,,,,
n_2455133702,Enugu State Universal Education Board,civic,Civic,B,independence_layout,Independence Layout,playable_faction,30,6.436195,7.519825,,,,
n_2455133703,PHCN Corporate Zonal Office,civic,Civic,B,independence_layout,Independence Layout,playable_faction,30,6.436203,7.514333,,,,
n_2455133704,Victory Clinic,hospital,Hospital,B,unclaimed,Unclaimed area,unclaimed,24,6.436359,7.5000977,,,,
n_2455133705,Urban Micro Finance Bank,bank,Bank,B,unclaimed,Unclaimed area,unclaimed,0,6.436513,7.503587,,,,
n_2455133708,Community Resource Centre,civic,Civic,B,independence_layout,Independence Layout,playable_faction,30,6.436841,7.519354,,,,
n_2455133709,School Of Nursing UNTH,school,School,B,unclaimed,Unclaimed area,unclaimed,24,6.436922,7.478114,,,,
n_2455133710,First Choice Specialist Clinic,hospital,Hospital,B,independence_layout,Independence Layout,playable_faction,20,6.437193,7.504572,,,,
n_2455133711,Federal Ministry Of Agriculture & Rural Development (South East Office),civic,Civic,B,independence_layout,Independence Layout,playable_faction,30,6.437305,7.518904,,,,
n_2455133712,Guaranty Trust Bank (GTB),bank,Bank,B,ogui,Ogui,unclaimed,0,6.4350447,7.4910542,,,,
n_2455133815,Guaranty Trust Bank (GTB),bank,Bank,B,independence_layout,Independence Layout,playable_faction,0,6.4453285000000005,7.5153055,,,,
n_2455133713,Fidelity bank PLC Ogui road,bank,Bank,B,ogui,Ogui,unclaimed,0,6.437362,7.492851,,,,
n_2455133715,Red Cross House,civic,Civic,B,unclaimed,Unclaimed area,unclaimed,36,6.437685,7.48803,,,,
n_2455133717,Umuchinemere Procredit Micro- Finance Bank,bank,Bank,B,unclaimed,Unclaimed area,unclaimed,0,6.437882,7.503556,,,,
n_2455133718,United Trust Assurance Co Limited,bank,Bank,B,ogbete,Ogbete,prize_zone,0,6.43804,7.485908,,,,
n_2455133719,AG Homes,bank,Bank,B,ogbete,Ogbete,prize_zone,0,6.438149,7.485679,,,,
n_2455133737,AG Homes,bank,Bank,B,ogui,Ogui,unclaimed,0,6.439649,7.494323,,,,
n_2455133720,Harvard Trust Savings Loans Ltd,bank,Bank,B,ogbete,Ogbete,prize_zone,0,6.438162,7.485849,,,,
n_2455133723,House Of Assembly,civic,Civic,B,independence_layout,Independence Layout,playable_faction,30,6.438328,7.517722,,,,
n_2455133724,Jacob Memorial Clinic,hospital,Hospital,B,unclaimed,Unclaimed area,unclaimed,24,6.438333,7.502103,,,,
n_2455133725,Enugu North Local Government Headquarters,civic,Civic,B,unclaimed,Unclaimed area,unclaimed,36,6.438371,7.486164,,,,
n_2455133726,Nigeria Communication Commission,civic,Civic,B,independence_layout,Independence Layout,playable_faction,30,6.438443,7.515473,,,,
n_2455133727,Nigeria Prisons Service,civic,Civic,B,unclaimed,Unclaimed area,unclaimed,36,6.438444,7.483925,,,,
n_2455133729,"Amalgamated Union Of Public Corporation, Civil Service Technical & Recreational Services Employees",civic,Civic,B,ogui,Ogui,unclaimed,36,6.438486,7.4932,,,,
n_2455133732,Hotel Metropole,hotel,Hotel,B,ogui,Ogui,unclaimed,36,6.438839,7.493655,,,,
n_2455133733,Mainstreet Bank,bank,Bank,B,ogui,Ogui,unclaimed,0,6.438986,7.493963,,,,
n_2455133735,Nigerian Prison Services State Headquarters,civic,Civic,B,independence_layout,Independence Layout,playable_faction,30,6.43918,7.531847,,,,
n_2455133736,Unity Bank,bank,Bank,B,ogui,Ogui,unclaimed,0,6.439554,7.494253,,,,
n_2455133738,Alpha Nnachuks Oil & Gas Limited,civic,Civic,B,unclaimed,Unclaimed area,unclaimed,36,6.439671,7.487911,,,,
n_2455133739,The Bull,hotel,Hotel,B,ogui,Ogui,unclaimed,36,6.439857,7.497054,,,,
n_2455133756,Citi Chef,food,Food,B,ogui,Ogui,unclaimed,48,6.4409482,7.4947792,,,,
n_2455133757,Hotel Presidential,hotel,Hotel,B,independence_layout,Independence Layout,playable_faction,30,6.4413222999999995,7.5125098,,,,
n_2455133759,Emmanuel Clinic,hospital,Hospital,B,ogui,Ogui,unclaimed,24,6.44096,7.495275,,,,
n_2455133761,Express Mail Centre,civic,Civic,B,independence_layout,Independence Layout,playable_faction,30,6.441176,7.510056,,,,
n_2455133767,Olive View Clinics,civic,Civic,B,ogui,Ogui,unclaimed,36,6.44144,7.49606,,,,
n_2455133768,Old Orchard,hotel,Hotel,B,independence_layout,Independence Layout,playable_faction,30,6.441468,7.531782,,,,
n_2455133769,Olive Gate Hotels,hotel,Hotel,B,independence_layout,Independence Layout,playable_faction,30,6.441486,7.531773,,,,
n_2455133773,La-Nueva Hotels,hotel,Hotel,B,independence_layout,Independence Layout,playable_faction,30,6.441964,7.531849,,,,
n_2455133775,Access Bank (ATM),bank,Bank,B,independence_layout,Independence Layout,playable_faction,0,6.442138,7.51417,,,,
n_2455133777,Grace International School,school,School,B,ogui,Ogui,unclaimed,24,6.442223,7.497481,,,,
n_2455133778,Tax Appeal Tribunal,civic,Civic,B,unclaimed,Unclaimed area,unclaimed,36,6.442234,7.488255,,,,
n_2455133779,Crunchies,food,Food,B,independence_layout,Independence Layout,playable_faction,40,6.442399,7.514391,,,,
n_2455133781,Toscana Hotel,hotel,Hotel,B,independence_layout,Independence Layout,playable_faction,30,6.442575,7.523773,,,,
n_2455133783,Zanzibar,hotel,Hotel,B,independence_layout,Independence Layout,playable_faction,30,6.442757,7.524759,,,,
n_2455133784,Sky Bank,bank,Bank,B,ogui,Ogui,unclaimed,0,6.442854,7.496503,,,,
n_2455133785,PMAN,civic,Civic,B,unclaimed,Unclaimed area,unclaimed,36,6.442897,7.490042,,,,
n_2455133786,Zodiac,hotel,Hotel,B,independence_layout,Independence Layout,playable_faction,30,6.443213,7.514898,,,,
n_2455133787,State Strategy For Community Development CDP Community Development Project,civic,Civic,B,unclaimed,Unclaimed area,unclaimed,36,6.443393,7.489043,,,,
n_2455133789,Ministry Of Education Examination Development Centre,civic,Civic,B,unclaimed,Unclaimed area,unclaimed,36,6.443457,7.488521,,,,
n_2455133790,NBTEB State Office,civic,Civic,B,unclaimed,Unclaimed area,unclaimed,36,6.443491,7.490426,,,,
n_2455133808,Roban Hotel,hotel,Hotel,B,independence_layout,Independence Layout,playable_faction,30,6.4442174,7.5101743,,,,
n_2455133809,World Health Organisation,civic,Civic,B,independence_layout,Independence Layout,playable_faction,30,6.4445067,7.52467,,,,
n_2455133810,Fidelity Bank Regional Head Quarter,bank,Bank,B,independence_layout,Independence Layout,playable_faction,0,6.444406,7.515137,,,,
n_2455133812,UNICEF Field Office,civic,Civic,B,independence_layout,Independence Layout,playable_faction,30,6.444814,7.524714,,,,
n_2455133814,Bayview Resorts & Hotel,hotel,Hotel,B,independence_layout,Independence Layout,playable_faction,30,6.444987,7.525881,,,,
n_2455133816,Society For Family Health,civic,Civic,B,independence_layout,Independence Layout,playable_faction,30,6.445192,7.527388,,,,
n_2455133817,Ikeoha Foundation,civic,Civic,B,independence_layout,Independence Layout,playable_faction,30,6.4452,7.527473,,,,
n_2455133822,Rural Electrification Agency Of Nigeria,civic,Civic,B,independence_layout,Independence Layout,playable_faction,30,6.4461291,7.512587,,,,
n_2455133823,Modotel,hotel,Hotel,B,unclaimed,Unclaimed area,unclaimed,36,6.446123,7.492059,,,,
n_2455133824,Gardenia Guest House,hotel,Hotel,B,independence_layout,Independence Layout,playable_faction,30,6.4463101,7.5123886,,,,
n_2460131041,Gardenia Guest House,hotel,Hotel,B,ogui,Ogui,unclaimed,36,6.4457225,7.4986264,https://enugupoi.appspot.com/view/binaryData?blobKey=build_POI-Picture-Form_1374250655%5B%40version%3Dnull+and+%40uiVersion%3Dnull%5D%2Fdata%5B%40key%3Duuid%3Aaf505354-17b8-4777-ab9a-dd08f0446ac9%5D%2FPOI_Picture1,,,
n_2455133828,Comni Hotel,hotel,Hotel,B,independence_layout,Independence Layout,playable_faction,30,6.446806,7.532621,,,,
n_2455133830,Gemini Inn,hotel,Hotel,B,independence_layout,Independence Layout,playable_faction,30,6.447077,7.511356,,,,
n_2455133831,Hotel Monte-Carlo,hotel,Hotel,B,independence_layout,Independence Layout,playable_faction,30,6.44719,7.533061,,,,
n_2455133833,Bethel Medical Clinic,hospital,Hospital,B,ogui,Ogui,unclaimed,24,6.447611,7.501111,,,,
n_2455133835,THE Hotel,hotel,Hotel,B,independence_layout,Independence Layout,playable_faction,30,6.448519,7.522784,,,,
n_2455133836,Astoria Guest House,hotel,Hotel,B,independence_layout,Independence Layout,playable_faction,30,6.448773,7.511899,,,,
n_2455133837,Metropole Guest House,hotel,Hotel,B,independence_layout,Independence Layout,playable_faction,30,6.449193,7.512225,,,,
n_2455133838,State UNDP Desk Office,civic,Civic,B,independence_layout,Independence Layout,playable_faction,30,6.449256,7.520472,,,,
n_2455133840,Office Of The Special Adviser To The Governor,civic,Civic,B,independence_layout,Independence Layout,playable_faction,30,6.449277,7.520499,,,,
n_2455133841,National Emergency Management Agency,civic,Civic,B,independence_layout,Independence Layout,playable_faction,30,6.449421,7.534563,,,,
n_2455133842,Hotel Chiloville,hotel,Hotel,B,independence_layout,Independence Layout,playable_faction,30,6.449412,7.5202699,,,,
n_2455133843,Independent Corrupt Practice & Other Related Offences Commission,civic,Civic,B,independence_layout,Independence Layout,playable_faction,30,6.449477,7.534779,,,,
n_2455133845,Favours Guest House,hotel,Hotel,B,independence_layout,Independence Layout,playable_faction,30,6.449758,7.511517,,,,
n_2455133846,Lavida Suites,hotel,Hotel,B,independence_layout,Independence Layout,playable_faction,30,6.449999,7.521868,,,,
n_2455133847,Allen Suites,hotel,Hotel,B,independence_layout,Independence Layout,playable_faction,30,6.450161,7.519926,,,,
n_2455133855,Petroleum Equalisation Fund Board,civic,Civic,B,independence_layout,Independence Layout,playable_faction,30,6.450252,7.535889,,,,
n_2455133863,Admiral Resort & Hotel,hotel,Hotel,B,independence_layout,Independence Layout,playable_faction,30,6.4504208,7.5309225,,,,
n_2455133871,Legislative Quarters,civic,Civic,B,independence_layout,Independence Layout,playable_faction,30,6.4445264,7.5126252,,,,
n_2455133879,Hotel Fidelma,hotel,Hotel,B,independence_layout,Independence Layout,playable_faction,30,6.450657,7.536405,,,,
n_2455133888,Prawa,civic,Civic,B,independence_layout,Independence Layout,playable_faction,30,6.451082,7.528012,,,,
n_2455133907,Crown Guest House,hotel,Hotel,B,independence_layout,Independence Layout,playable_faction,30,6.45121,7.526142,,,,
n_2455133916,Blue Island Hotel & Arena,hotel,Hotel,B,independence_layout,Independence Layout,playable_faction,30,6.453459,7.512837,,,,
n_2455133925,Citi Center,food,Food,B,independence_layout,Independence Layout,playable_faction,40,6.453905,7.512724,,,,
n_2455133927,Naowa Group Of Schools,school,School,B,unclaimed,Unclaimed area,unclaimed,24,6.462466,7.513008,,,,
n_2455133928,Naowa Nursery School,school,School,B,unclaimed,Unclaimed area,unclaimed,24,6.462553,7.513196,,,,
n_2455133930,El-Shaddai International Schools,school,School,B,abakpa,Abakpa,playable_faction,20,6.481112,7.525955,,,,
n_2455133931,New Eunaco Guest House,hotel,Hotel,B,abakpa,Abakpa,playable_faction,30,6.482651,7.523375,,,,
n_2460130857,Carmel Nursery & Primary School,school,School,B,unclaimed,Unclaimed area,unclaimed,24,6.467566,7.504813,https://enugupoi.appspot.com/view/binaryData?blobKey=build_POI-Picture-Form_1374250655%5B%40version%3Dnull+and+%40uiVersion%3Dnull%5D%2Fdata%5B%40key%3Duuid%3A32fd838b-253f-4a78-b803-b397763231ac%5D%2FPOI_Picture1,,,
n_2460130860,Catholic Workers Volunteer Force Enugu Head Office.,civic,Civic,B,uwani,Uwani,unclaimed,36,6.417684,7.492469,https://enugupoi.appspot.com/view/binaryData?blobKey=build_POI-Picture-Form_1374250655%5B%40version%3Dnull+and+%40uiVersion%3Dnull%5D%2Fdata%5B%40key%3Duuid%3A6a36cfea-98b4-4637-8513-3af15acc579d%5D%2FPOI_Picture1,,,
n_2460130988,"Enugu State College Of Education (Technical), Enugu",school,School,B,unclaimed,Unclaimed area,unclaimed,24,6.4597925,7.498836000000001,https://enugupoi.appspot.com/view/binaryData?blobKey=build_POI-Picture-Form_1374250655%5B%40version%3Dnull+and+%40uiVersion%3Dnull%5D%2Fdata%5B%40key%3Duuid%3A4c6cc28a-0b85-4e56-b8ed-a577c327991f%5D%2FPOI_Picture1,,,
n_2460131005,Federal Character Commission,civic,Civic,B,independence_layout,Independence Layout,playable_faction,30,6.433987,7.516896,https://enugupoi.appspot.com/view/binaryData?blobKey=build_POI-Picture-Form_1374250655%5B%40version%3Dnull+and+%40uiVersion%3Dnull%5D%2Fdata%5B%40key%3Duuid%3A7fc1d849-a02f-412e-a23d-1dd6cd537500%5D%2FPOI_Picture1,,,
n_2460131006,Federal High Court,civic,Civic,B,independence_layout,Independence Layout,playable_faction,30,6.4400089,7.523446,https://enugupoi.appspot.com/view/binaryData?blobKey=build_POI-Picture-Form_1374250655%5B%40version%3Dnull+and+%40uiVersion%3Dnull%5D%2Fdata%5B%40key%3Duuid%3A3bb96bd5-de39-4439-8235-7eba5bac191a%5D%2FPOI_Picture1,,,
n_2460131055,Grandchavy,hotel,Hotel,B,independence_layout,Independence Layout,playable_faction,30,6.434606,7.532501,https://enugupoi.appspot.com/view/binaryData?blobKey=build_POI-Picture-Form_1374250655%5B%40version%3Dnull+and+%40uiVersion%3Dnull%5D%2Fdata%5B%40key%3Duuid%3Ae99dbe89-53e2-42b5-b573-0aa4b2d738c0%5D%2FPOI_Picture1,,,
n_2460131090,INEC,civic,Civic,B,independence_layout,Independence Layout,playable_faction,30,6.4338523,7.5214984,https://enugupoi.appspot.com/view/binaryData?blobKey=build_POI-Picture-Form_1374250655%5B%40version%3Dnull+and+%40uiVersion%3Dnull%5D%2Fdata%5B%40key%3Duuid%3Ae103b26a-35ba-474d-86c8-ccc5b66fea46%5D%2FPOI_Picture1,,,
n_2460131108,Mac-Royal Hotels Limited Annex,hotel,Hotel,B,independence_layout,Independence Layout,playable_faction,30,6.441628,7.510457,https://enugupoi.appspot.com/view/binaryData?blobKey=build_POI-Picture-Form_1374250655%5B%40version%3Dnull+and+%40uiVersion%3Dnull%5D%2Fdata%5B%40key%3Duuid%3Ab1f2db3b-222a-4908-ab23-a9d2f88fe362%5D%2FPOI_Picture1,,,
n_2460131109,Maco Plaza Hotels,hotel,Hotel,B,independence_layout,Independence Layout,playable_faction,30,6.44645,7.529332,https://enugupoi.appspot.com/view/binaryData?blobKey=build_POI-Picture-Form_1374250655%5B%40version%3Dnull+and+%40uiVersion%3Dnull%5D%2Fdata%5B%40key%3Duuid%3A051a4dff-0660-46a2-923d-90aa8332e9a5%5D%2FPOI_Picture1,,,
n_2460131167,Mr bigs stuffs,food,Food,B,ogui,Ogui,unclaimed,48,6.4474229,7.4998656,https://enugupoi.appspot.com/view/binaryData?blobKey=build_POI-Picture-Form_1374250655%5B%40version%3Dnull+and+%40uiVersion%3Dnull%5D%2Fdata%5B%40key%3Duuid%3Adb260556-ec3a-4bb9-8464-f2e215beeba9%5D%2FPOI_Picture1,,,
n_2460131169,NDLEA,civic,Civic,B,independence_layout,Independence Layout,playable_faction,30,6.440375,7.537779,https://enugupoi.appspot.com/view/binaryData?blobKey=build_POI-Picture-Form_1374250655%5B%40version%3Dnull+and+%40uiVersion%3Dnull%5D%2Fdata%5B%40key%3Duuid%3Aae3840b2-cb38-4be9-b4b0-ad3f604032fb%5D%2FPOI_Picture1,,,
n_2460131213,Nigeria Institute For Triponomiasis Research,civic,Civic,B,independence_layout,Independence Layout,playable_faction,30,6.440908,7.51024,https://enugupoi.appspot.com/view/binaryData?blobKey=build_POI-Picture-Form_1374250655%5B%40version%3Dnull+and+%40uiVersion%3Dnull%5D%2Fdata%5B%40key%3Duuid%3Ab60c721e-cee6-4099-bafb-6e3aaaf1893e%5D%2FPOI_Picture1,,,
n_2460131219,Nigerian Bank For Commerce & Industry Enugu,bank,Bank,B,independence_layout,Independence Layout,playable_faction,0,6.440306,7.507694,https://enugupoi.appspot.com/view/binaryData?blobKey=build_POI-Picture-Form_1374250655%5B%40version%3Dnull+and+%40uiVersion%3Dnull%5D%2Fdata%5B%40key%3Duuid%3A3625aa59-f6cf-417d-8255-57d8c0c17bbb%5D%2FPOI_Picture1,,,
n_2460131222,Nigerian Telecommunication,civic,Civic,B,independence_layout,Independence Layout,playable_faction,30,6.431524,7.513976,https://enugupoi.appspot.com/view/binaryData?blobKey=build_POI-Picture-Form_1374250655%5B%40version%3Dnull+and+%40uiVersion%3Dnull%5D%2Fdata%5B%40key%3Duuid%3A09ffa381-2837-493a-a1e1-917717956a0d%5D%2FPOI_Picture1,,,
n_2460131284,Quixotel,hotel,Hotel,B,ogui,Ogui,unclaimed,36,6.4460583,7.4985996,https://enugupoi.appspot.com/view/binaryData?blobKey=build_POI-Picture-Form_1374250655%5B%40version%3Dnull+and+%40uiVersion%3Dnull%5D%2Fdata%5B%40key%3Duuid%3Afd07ca90-33ac-45b6-b1fd-089906cdb490%5D%2FPOI_Picture1,,,
n_2460131293,Rockland International,school,School,B,independence_layout,Independence Layout,playable_faction,20,6.442606,7.510234,https://enugupoi.appspot.com/view/binaryData?blobKey=build_POI-Picture-Form_1374250655%5B%40version%3Dnull+and+%40uiVersion%3Dnull%5D%2Fdata%5B%40key%3Duuid%3A7585e894-8d2c-4261-af4e-b3b2863f3275%5D%2FPOI_Picture1,,,
n_2460131329,Standard Organization Of Nigeria,civic,Civic,B,independence_layout,Independence Layout,playable_faction,30,6.4282324,7.5289681,https://enugupoi.appspot.com/view/binaryData?blobKey=build_POI-Picture-Form_1374250655%5B%40version%3Dnull+and+%40uiVersion%3Dnull%5D%2Fdata%5B%40key%3Duuid%3A82550ace-97f1-4519-a16c-7f02df17f911%5D%2FPOI_Picture1,,,
n_2460131346,Teachers Registration Council Of Nigeria,civic,Civic,B,independence_layout,Independence Layout,playable_faction,30,6.433674,7.517222,https://enugupoi.appspot.com/view/binaryData?blobKey=build_POI-Picture-Form_1374250655%5B%40version%3Dnull+and+%40uiVersion%3Dnull%5D%2Fdata%5B%40key%3Duuid%3A1982fd62-6b7f-4f69-8094-3919e19ae323%5D%2FPOI_Picture1,,,
n_2460131361,Trisa Clinics,hospital,Hospital,B,independence_layout,Independence Layout,playable_faction,20,6.4402618,7.5107963,https://enugupoi.appspot.com/view/binaryData?blobKey=build_POI-Picture-Form_1374250655%5B%40version%3Dnull+and+%40uiVersion%3Dnull%5D%2Fdata%5B%40key%3Duuid%3A0af2a73b-d4ec-4e1e-8eea-95aa3a514b0c%5D%2FPOI_Picture1,,,
n_2482707775,Prosper Hotel,hotel,Hotel,B,trans_ekulu,Trans-Ekulu,unclaimed,36,6.4798527,7.4849388,,,,
n_2492311896,GTC Clinic Enugu,hospital,Hospital,B,unclaimed,Unclaimed area,unclaimed,24,6.459315,7.497971,https://enugupoi.appspot.com/view/binaryData?blobKey=build_POI-Picture-Form_1374250655%5B%40version%3Dnull+and+%40uiVersion%3Dnull%5D%2Fdata%5B%40key%3Duuid%3A3583dd97-d401-44b3-adea-557122fe34e7%5D%2FPOI_Picture1,,,
n_2492312262,Trafalgar Place,hotel,Hotel,B,unclaimed,Unclaimed area,unclaimed,36,6.481725,7.501872,https://enugupoi.appspot.com/view/binaryData?blobKey=build_POI-Picture-Form_1374250655%5B%40version%3Dnull+and+%40uiVersion%3Dnull%5D%2Fdata%5B%40key%3Duuid%3A85de6557-5d94-4c1b-ad78-8ff717a96034%5D%2FPOI_Picture1,,,
n_2492315023,Enugu State Broadcasting Service,shop,Shop,B,independence_layout,Independence Layout,playable_faction,35,6.434097,7.516597,https://enugupoi.appspot.com/view/binaryData?blobKey=build_POI-Picture-Form_1374250655%5B%40version%3Dnull+and+%40uiVersion%3Dnull%5D%2Fdata%5B%40key%3Duuid%3Af2b4181a-b8d5-48d8-a6fe-5f0a80e29566%5D%2FPOI_Picture1,,,
n_2492315229,Gardenia Guest House,food,Food,B,ogui,Ogui,unclaimed,48,6.4457704,7.4987015,,,,
n_2492315499,Spar,shop,Shop,B,independence_layout,Independence Layout,playable_faction,35,6.436776,7.513594,https://enugupoi.appspot.com/view/binaryData?blobKey=build_POI-Picture-Form_1374250655%5B%40version%3Dnull+and+%40uiVersion%3Dnull%5D%2Fdata%5B%40key%3Duuid%3A5e5282e3-eb9a-4981-8ed0-b2177095b552%5D%2FPOI_Picture1,,,
n_2492315803,NECO Zonal Office,civic,Civic,B,independence_layout,Independence Layout,playable_faction,30,6.432783,7.516284,https://enugupoi.appspot.com/view/binaryData?blobKey=build_POI-Picture-Form_1374250655%5B%40version%3Dnull+and+%40uiVersion%3Dnull%5D%2Fdata%5B%40key%3Duuid%3Ad890758f-7242-4535-9578-1e271bd99def%5D%2FPOI_Picture1,,,
n_2492316934,Parkview Montessori School Enugu,school,School,B,unclaimed,Unclaimed area,unclaimed,24,6.4592052,7.4940894,,,,
n_2492349907,KIngdom Hall of Jehovah's Witnesses,worship,Worship,B,unclaimed,Unclaimed area,unclaimed,30,6.483939,7.4784842,,,,
n_2728365916,African Princess Resort,food,Food,B,new_haven,New Haven,unclaimed,48,6.4610031,7.5306974,,,,
n_2728367699,Amazon Hotel,food,Food,B,ogui,Ogui,unclaimed,48,6.4527749,7.5021555,,,,
n_2728370040,Ascot Hotel Resort,food,Food,B,new_haven,New Haven,unclaimed,48,6.4610767,7.5337215,,,,
n_2728374198,Access Bank2,bank,Bank,B,abakpa,Abakpa,playable_faction,0,6.4852424,7.5161188,,,,
n_2728400400,Nike Lake Resort Hotel,food,Food,B,unclaimed,Unclaimed area,unclaimed,48,6.5104799,7.5133143,,,,
n_2815429094,NABTEB South East Zonal Office,civic,Civic,B,independence_layout,Independence Layout,playable_faction,30,6.4366556,7.5043596,,,,
n_4440329790,Edidas Guests House,hotel,Hotel,B,uwani,Uwani,unclaimed,36,6.4124401,7.5016313,,,,
n_4440451190,Konigin Des Fredens College,school,School,B,uwani,Uwani,unclaimed,24,6.4134811,7.5023965,,,,
n_4440476590,Maryland Police Post,civic,Civic,B,independence_layout,Independence Layout,playable_faction,30,6.4174437,7.5096079,,,,
n_4440481189,Oando Filling Station,fuel,Fuel station,B,independence_layout,Independence Layout,playable_faction,20,6.4177243,7.5104482,,,,
n_4440481289,Anchor Filling Station,fuel,Fuel station,B,unclaimed,Unclaimed area,unclaimed,24,6.4280845,7.4936604,,,,
n_4440481389,Mobil Filling Station,fuel,Fuel station,B,unclaimed,Unclaimed area,unclaimed,24,6.428222,7.493806,,,,
n_4440534790,Ecobank Plc,bank,Bank,B,uwani,Uwani,unclaimed,0,6.4165496,7.4941772,,,,
n_4592363904,Aguagwa,landmark,Landmark,B,coal_camp,Coal Camp,playable_faction,50,6.415742,7.4807023,,,,
n_4593001813,Ukondioma Electrical,shop,Shop,B,unclaimed,Unclaimed area,unclaimed,42,6.4197589,7.4834372,,,,
n_4607342591,ZION HILL,landmark,Landmark,B,unclaimed,Unclaimed area,unclaimed,60,6.4089579,7.4776168,,,,
n_5268873490,"University of Nigeria,Enugu Campus UNEC",school,School,B,independence_layout,Independence Layout,playable_faction,20,6.4234846,7.5074935,,,,
w_1421633156,University of Nigeria Enugu Campus (UNEC),school,School,B,independence_layout,Independence Layout,playable_faction,20,6.4232556,7.5045338,,,,
n_5272365692,Twinnies Super Mart,shop,Shop,B,new_haven,New Haven,unclaimed,42,6.4582814,7.5323646,,,,
n_5275462823,Lady eudorah ibiam hostel,hotel,Hotel,B,independence_layout,Independence Layout,playable_faction,30,6.4257896,7.5083986,,,,
n_5766476645,UNGEL UNEC,food,Food,B,independence_layout,Independence Layout,playable_faction,40,6.4246212499999995,7.5063051000000005,,,,
n_5768444610,Victory Ground UNEC,worship,Worship,B,independence_layout,Independence Layout,playable_faction,25,6.4266986,7.5043101,,,,
n_5768474619,MANUAH BUSTOP,transit,Transit,B,independence_layout,Independence Layout,playable_faction,15,6.4250627,7.5076453,,,,
n_5896088234,Dr Nnnamdi Azikiwe Statue,landmark,Landmark,B,independence_layout,Independence Layout,playable_faction,50,6.4250485,7.5045591,,,,
n_5896090405,Statue of Harmony,landmark,Landmark,B,independence_layout,Independence Layout,playable_faction,50,6.425277,7.5040503,,,,
n_6685600511,Independence Layout Sec. School,school,School,B,independence_layout,Independence Layout,playable_faction,20,6.4329787,7.5224747,,,,
n_6724338501,Glorious Power Assembly,worship,Worship,B,unclaimed,Unclaimed area,unclaimed,30,6.4162808,7.4937708,,,,
n_7029846770,Makesense Alex Car AC Mechanic,shop,Shop,B,ogui,Ogui,unclaimed,42,6.4401263,7.4987201,,,,
n_7826007897,Prudent Child First School,school,School,B,unclaimed,Unclaimed area,unclaimed,24,6.4675307,7.4914983,,,,
n_8349145218,Udemelicious House,hotel,Hotel,B,independence_layout,Independence Layout,playable_faction,30,6.436972,7.506958,,,,
n_8573594310,Chrislaug Showroom,civic,Civic,B,unclaimed,Unclaimed area,unclaimed,36,6.4350679,7.4943573,,,,
n_8573595162,Central Methodists Church,worship,Worship,B,ogui,Ogui,unclaimed,30,6.4367705,7.4949445,,,,
n_8573612202,Mountain of Fire and Miracle Ministries,worship,Worship,B,ogui,Ogui,unclaimed,30,6.4365962,7.4949765,,,,
n_8573614685,Sabros International Biz,shop,Shop,B,unclaimed,Unclaimed area,unclaimed,42,6.4355847,7.4949048,,,,
n_8573629988,De-Ultimate Furniture,shop,Shop,B,unclaimed,Unclaimed area,unclaimed,42,6.4347365,7.4947806,,,,
n_8573630441,Total,fuel,Fuel station,B,unclaimed,Unclaimed area,unclaimed,24,6.434404,7.4946376,,,,
n_8577461770,Enugwu Abor Street Enugu,shop,Shop,B,trans_ekulu,Trans-Ekulu,unclaimed,42,6.4822596,7.4996119,,,,
n_8625818163,NGWO PARK UWANI ENUGU,park,Park,B,uwani,Uwani,unclaimed,24,6.4224172,7.4903715,,,,
n_8634538118,MCAN LODGE,hotel,Hotel,B,uwani,Uwani,unclaimed,36,6.4211968,7.4936126,,,,
n_8752842869,Autostar Travelers and Tourism,civic,Civic,B,unclaimed,Unclaimed area,unclaimed,36,6.4610443,7.5088213,,,,
n_8752844313,Juhel Filing Station,civic,Civic,B,unclaimed,Unclaimed area,unclaimed,36,6.4608841,7.5092893,,,,
n_8752849616,Gorgik Hotels and Suites,hotel,Hotel,B,unclaimed,Unclaimed area,unclaimed,36,6.4600792,7.5083829,,,,
n_8752853772,Green Bank Microfinance Bank,bank,Bank,B,unclaimed,Unclaimed area,unclaimed,0,6.4609818,7.5086444,,,,
n_8752862973,Fore Trust Digitat Canter/Enugu,civic,Civic,B,unclaimed,Unclaimed area,unclaimed,36,6.4612553,7.5101859,,,,
n_8752864734,The Hometown Bar and Restaurant,food,Food,B,unclaimed,Unclaimed area,unclaimed,48,6.4602159,7.5076514,,,,
n_8752865054,new Berries Park,park,Park,B,unclaimed,Unclaimed area,unclaimed,24,6.4611244,7.5086208,,,,
n_8754485318,New Berries Park,park,Park,B,unclaimed,Unclaimed area,unclaimed,24,6.4618538,7.5091727,,,,
n_8752865904,Golf Gardens,food,Food,B,unclaimed,Unclaimed area,unclaimed,48,6.4604308,7.5084143,,,,
n_8752871370,Centurion Tech Hub,shop,Shop,B,new_haven,New Haven,unclaimed,42,6.4596903,7.5113125,,,,
n_8752872118,The Edge Guest house,hotel,Hotel,B,unclaimed,Unclaimed area,unclaimed,36,6.4606985,7.5083789,,,,
n_8752872914,Ogui Junction Bus-Stop,transit,Transit,B,unclaimed,Unclaimed area,unclaimed,18,6.4614683,7.5105516,,,,
n_8752874011,Access Closa Agent - OGBONNA,civic,Civic,B,unclaimed,Unclaimed area,unclaimed,36,6.4614507,7.5078815,,,,
n_8752874419,The Redeemed Christian church,worship,Worship,B,unclaimed,Unclaimed area,unclaimed,30,6.460929,7.5074017,,,,
n_8752874422,Village Kitchen,food,Food,B,unclaimed,Unclaimed area,unclaimed,48,6.4603722,7.5069515,,,,
n_8752875106,Mouka Foam,shop,Shop,B,new_haven,New Haven,unclaimed,42,6.4597051,7.5132305,,,,
n_8752875113,DOT3 Health n Fitness Center,civic,Civic,B,new_haven,New Haven,unclaimed,36,6.4596396,7.5133417,,,,
n_8752876909,Firstmonie Agent - ENE,civic,Civic,B,unclaimed,Unclaimed area,unclaimed,36,6.4619958,7.5120125,,,,
n_8752877164,Dallas Communication Ltd,civic,Civic,B,new_haven,New Haven,unclaimed,36,6.4597001,7.5103786,,,,
n_8752877496,AkeemBaba Gsm & Computer,shop,Shop,B,new_haven,New Haven,unclaimed,42,6.4595263,7.5100797,,,,
n_8752879709,Rowlex Computers,shop,Shop,B,new_haven,New Haven,unclaimed,42,6.4593895,7.5109999,,,,
n_8752882990,Sunny Best,civic,Civic,B,new_haven,New Haven,unclaimed,36,6.4594813,7.5104749,,,,
n_8752883145,Dandon Global,shop,Shop,B,new_haven,New Haven,unclaimed,42,6.4592977,7.5109665,,,,
n_8752885188,Golden Bowl,food,Food,B,unclaimed,Unclaimed area,unclaimed,48,6.4618981,7.5107502,,,,
n_8752886232,Franklin Chiaha,civic,Civic,B,new_haven,New Haven,unclaimed,36,6.459706,7.5100679,,,,
n_8752894498,Hendsoft Global Services,shop,Shop,B,new_haven,New Haven,unclaimed,42,6.4594794,7.5105438,,,,
n_8752900797,UGBA Plaza,food,Food,B,new_haven,New Haven,unclaimed,48,6.4576907,7.5131613,,,,
n_8752900954,Do 4 Love Boutique,shop,Shop,B,new_haven,New Haven,unclaimed,42,6.4597334,7.5109409,,,,
n_8752901794,PhoneMagics,shop,Shop,B,new_haven,New Haven,unclaimed,42,6.4597196,7.5108367,,,,
n_8752903570,Ijegold Fashion World,shop,Shop,B,new_haven,New Haven,unclaimed,42,6.4597015,7.512954,,,,
n_8752903587,De-Choice Communication,civic,Civic,B,new_haven,New Haven,unclaimed,36,6.4583618,7.5142776,,,,
n_8752904419,Genesis,civic,Civic,B,new_haven,New Haven,unclaimed,36,6.4597177,7.5103117,,,,
n_8752914429,Ekel Finery,civic,Civic,B,new_haven,New Haven,unclaimed,36,6.4596943,7.5116016,,,,
n_8752919284,Cee House Collection,shop,Shop,B,new_haven,New Haven,unclaimed,42,6.4595287,7.5115633,,,,
n_8752921536,Tunder Tailor,shop,Shop,B,new_haven,New Haven,unclaimed,42,6.4596923,7.5120715,,,,
n_8752929157,Devine D Communication,civic,Civic,B,new_haven,New Haven,unclaimed,36,6.4594969,7.5116291,,,,
n_8752929461,Janise Collection,civic,Civic,B,new_haven,New Haven,unclaimed,36,6.4597177,7.5117078,,,,
n_8752943982,Hanacy Stores and Pharmacy,pharmacy,Pharmacy,B,new_haven,New Haven,unclaimed,36,6.4597001,7.5134243,,,,
n_8752944126,Sonice Beauty World,civic,Civic,B,new_haven,New Haven,unclaimed,36,6.458946,7.5139433,,,,
n_8752944783,Evelton Models & Fashion,shop,Shop,B,new_haven,New Haven,unclaimed,42,6.4590463,7.5134945,,,,
n_8752945574,Red-Wrappings Nig,civic,Civic,B,new_haven,New Haven,unclaimed,36,6.458268,7.5137271,,,,
n_8752947337,Sydok,shop,Shop,B,new_haven,New Haven,unclaimed,42,6.458158,7.5133306,,,,
n_8752948278,Mummy's Choice,shop,Shop,B,new_haven,New Haven,unclaimed,42,6.4583342,7.5133181,,,,
n_8752950707,St. Callistus Chatolic Church,worship,Worship,B,new_haven,New Haven,unclaimed,30,6.4583507,7.5126658,,,,
n_8752955427,Forddz Blison Nigeria Limited,civic,Civic,B,new_haven,New Haven,unclaimed,36,6.4586354,7.5135639,,,,
n_8752957843,Open Sharaton,food,Food,B,new_haven,New Haven,unclaimed,48,6.4582798,7.5129779,,,,
n_8752958432,The Good Wine,civic,Civic,B,new_haven,New Haven,unclaimed,36,6.4582954,7.5139178,,,,
n_8752959339,Doronize,civic,Civic,B,new_haven,New Haven,unclaimed,36,6.4586764,7.5143425,,,,
n_8752959340,Glamopur Bridals,shop,Shop,B,new_haven,New Haven,unclaimed,42,6.4580981,7.5129327,,,,
n_8752962669,Littleones Boutique,shop,Shop,B,new_haven,New Haven,unclaimed,42,6.4575979,7.5143807,,,,
n_8752976472,Beauty Blend,shop,Shop,B,new_haven,New Haven,unclaimed,42,6.4577217,7.5131863,,,,
n_8752980531,Continental Store,shop,Shop,B,new_haven,New Haven,unclaimed,42,6.4581352,7.5130743,,,,
n_8752997536,Pcou Engineering and Info-Tech Services Intl,civic,Civic,B,new_haven,New Haven,unclaimed,36,6.4577861,7.5136439,,,,
n_8752997542,Chukky Clothing,shop,Shop,B,new_haven,New Haven,unclaimed,42,6.4578557,7.5141109,,,,
n_8753000672,Firstmonie Agent-Ezeoma,shop,Shop,B,new_haven,New Haven,unclaimed,42,6.4578411,7.5138378,,,,
n_8753021401,Assenblies of god church,worship,Worship,B,new_haven,New Haven,unclaimed,30,6.4578996,7.5143211,,,,
n_8753036775,HYX Properties,civic,Civic,B,new_haven,New Haven,unclaimed,36,6.4574871,7.514334,,,,
n_8753037505,Octopus Taxi Enugu,transit,Transit,B,new_haven,New Haven,unclaimed,18,6.4574897,7.5144793,,,,
n_8753037922,Clara Beauty Salon,shop,Shop,B,new_haven,New Haven,unclaimed,42,6.457304,7.5134441,,,,
n_8753039784,Wines & Spirit,shop,Shop,B,new_haven,New Haven,unclaimed,42,6.4581737,7.516156,,,,
n_8753045109,San Frankin Outfit,shop,Shop,B,new_haven,New Haven,unclaimed,42,6.4585544,7.5171023,,,,
n_8753048388,Jifun Investments,civic,Civic,B,new_haven,New Haven,unclaimed,36,6.4570798,7.5144793,,,,
n_8753056757,First Bank - Enugu New Haven Branch,bank,Bank,B,new_haven,New Haven,unclaimed,0,6.4579588,7.5145701,,,,
n_8753056906,Lovik,food,Food,B,new_haven,New Haven,unclaimed,48,6.4582063,7.5158725,,,,
n_8753070715,Frank Supermarket,shop,Shop,B,new_haven,New Haven,unclaimed,42,6.4581986,7.5167962,,,,
n_8753071290,Firstmonie Agent - NDUBUSI,shop,Shop,B,new_haven,New Haven,unclaimed,42,6.4579373,7.514617,,,,
n_8753071291,Lizzy Fish Shop,shop,Shop,B,new_haven,New Haven,unclaimed,42,6.4579818,7.514784,,,,
n_8753071505,Ntachi osa,food,Food,B,new_haven,New Haven,unclaimed,48,6.458671649999999,7.5196228000000005,,,,
n_8753233091,Ntachi-Osa,food,Food,B,new_haven,New Haven,unclaimed,48,6.4585389,7.5228879,,,,
n_10543701167,Ntachi Osa,food,Food,B,independence_layout,Independence Layout,playable_faction,40,6.4515434,7.5144055,,,,
n_8753071772,Tinas Beauty Saloon,shop,Shop,B,new_haven,New Haven,unclaimed,42,6.4587426,7.5167417,,,,
n_8753077539,Chazen Ice Cream Depot,food,Food,B,new_haven,New Haven,unclaimed,48,6.4580439,7.5150138,,,,
n_8753077540,Roka Drinks & Food Items Plaza,food,Food,B,new_haven,New Haven,unclaimed,48,6.4576624,7.5158232,,,,
n_8753078699,49 Chime new Haven,shop,Shop,B,new_haven,New Haven,unclaimed,42,6.4585827,7.5152836,,,,
n_8753078859,Gratitude Collections,shop,Shop,B,new_haven,New Haven,unclaimed,42,6.4582656,7.5162124,,,,
n_8753079021,Reen's Exclusive,shop,Shop,B,new_haven,New Haven,unclaimed,42,6.4572241,7.5144689,,,,
n_8753079442,Foxxymobile DJ,civic,Civic,B,new_haven,New Haven,unclaimed,36,6.4578867,7.5150683,,,,
n_8753085721,The Platinum Ice Co.,food,Food,B,new_haven,New Haven,unclaimed,48,6.4580697,7.5151046,,,,
n_8753085800,Bella Belle Couture,shop,Shop,B,new_haven,New Haven,unclaimed,42,6.4582192,7.5159919,,,,
n_8753087407,God's and Glory Pharmacy Ltd,pharmacy,Pharmacy,B,new_haven,New Haven,unclaimed,36,6.4582398,7.5175096,,,,
n_8753090066,Cardinal Digital Studios,shop,Shop,B,new_haven,New Haven,unclaimed,42,6.4587786,7.5165108,,,,
n_8753093843,Feel at Home,food,Food,B,new_haven,New Haven,unclaimed,48,6.4587374,7.5170997,,,,
n_8753093933,Chicke ibeabuchi & Co,civic,Civic,B,new_haven,New Haven,unclaimed,36,6.4585363,7.5151383,,,,
n_8753094064,Belwin Memorial Clinic,hospital,Hospital,B,new_haven,New Haven,unclaimed,24,6.4584693,7.5148166,,,,
n_8753096260,Vision Dta-Techs,shop,Shop,B,new_haven,New Haven,unclaimed,42,6.4586833,7.5158881,,,,
n_8753097390,$u Magazine,shop,Shop,B,new_haven,New Haven,unclaimed,42,6.4585468,7.5215748,,,,
n_8753098260,RCCG Living Spring Parish,worship,Worship,B,new_haven,New Haven,unclaimed,30,6.4587013,7.5160204,,,,
n_8753104511,Amblinn Labs and Services,civic,Civic,B,new_haven,New Haven,unclaimed,36,6.4581883,7.5173202,,,,
n_8753108971,Household of Jewellery,shop,Shop,B,new_haven,New Haven,unclaimed,42,6.4581084,7.5166794,,,,
n_8753109668,Dress me,shop,Shop,B,new_haven,New Haven,unclaimed,42,6.4586704,7.5167365,,,,
n_8753109673,Masculine,shop,Shop,B,new_haven,New Haven,unclaimed,42,6.458223,7.5171891,,,,
n_8753110630,Scripture Union(Nig) Asata Zonal Office,shop,Shop,B,new_haven,New Haven,unclaimed,42,6.458227,7.5162928,,,,
n_8753115200,Debby Fabrics,shop,Shop,B,new_haven,New Haven,unclaimed,42,6.457665,7.5177613,,,,
n_8753115900,Oven and Batter Bakery Studio,food,Food,B,new_haven,New Haven,unclaimed,48,6.4582063,7.5171905,,,,
n_8753126186,Stylish Mum & Kids Outlet,shop,Shop,B,new_haven,New Haven,unclaimed,42,6.4585982,7.5173332,,,,
n_8753126187,Crownpoint Pharmacy & Stores Ltd,pharmacy,Pharmacy,B,new_haven,New Haven,unclaimed,36,6.4586523,7.51807,,,,
n_8753126649,Friendly Supermarket,shop,Shop,B,new_haven,New Haven,unclaimed,42,6.4581367,7.5177094,,,,
n_8753127421,JB-Jem Fashion and Accessories,shop,Shop,B,new_haven,New Haven,unclaimed,42,6.4587301,7.5163788,,,,
n_8753133590,Epi Talent Fashion Designer,civic,Civic,B,new_haven,New Haven,unclaimed,36,6.4586755,7.516791,,,,
n_8753136858,Ksley Mega Lottery,shop,Shop,B,new_haven,New Haven,unclaimed,42,6.4581238,7.5171931,,,,
n_8753138574,Chilovet Couture,shop,Shop,B,new_haven,New Haven,unclaimed,42,6.4581032,7.5175382,,,,
n_8753140270,Chibros Driving School,school,School,B,new_haven,New Haven,unclaimed,24,6.4587168,7.5172346,,,,
n_8753140359,Mama Ejima 3,food,Food,B,new_haven,New Haven,unclaimed,48,6.4591215,7.517245,,,,
n_8753140569,Eastern Shop Corner Shop,shop,Shop,B,new_haven,New Haven,unclaimed,42,6.458196,7.5182309,,,,
n_8753142269,Victoria Kol,shop,Shop,B,new_haven,New Haven,unclaimed,42,6.4581986,7.5184981,,,,
n_8753146759,Whyteboynation,civic,Civic,B,new_haven,New Haven,unclaimed,36,6.458624,7.5190481,,,,
n_8753147365,Jenicristal Collections,shop,Shop,B,new_haven,New Haven,unclaimed,42,6.4577655,7.5174058,,,,
n_8753147374,Nwanyi Achi Special Abacha & Beer,food,Food,B,new_haven,New Haven,unclaimed,48,6.4587065,7.5182957,,,,
n_8753149700,Zeeda Couture,shop,Shop,B,new_haven,New Haven,unclaimed,42,6.4587065,7.5179014,,,,
n_8753150397,RCCG.David Generation Chruch,worship,Worship,B,new_haven,New Haven,unclaimed,30,6.4585569,7.5212171,,,,
n_8753150412,Movin Star Supermarket,shop,Shop,B,new_haven,New Haven,unclaimed,42,6.458508,7.5231681,,,,
n_8753151380,Faith Durham Pharmacy,pharmacy,Pharmacy,B,new_haven,New Haven,unclaimed,36,6.4580053,7.5206956,,,,
n_8753154011,Medicine Store,pharmacy,Pharmacy,B,new_haven,New Haven,unclaimed,36,6.4576314,7.5193543,,,,
n_8753159219,Clara Collection,shop,Shop,B,new_haven,New Haven,unclaimed,42,6.4581801,7.5185035,,,,
n_8753159224,Chuks Pharmacy,pharmacy,Pharmacy,B,new_haven,New Haven,unclaimed,36,6.457982,7.5185318,,,,
n_8753159225,Mother and Child,shop,Shop,B,new_haven,New Haven,unclaimed,42,6.4579672,7.5188803,,,,
n_8753159711,Chitis Hot Bread,food,Food,B,new_haven,New Haven,unclaimed,48,6.4580542,7.5191623,,,,
n_8753159794,Tradeoptions Technologies,shop,Shop,B,new_haven,New Haven,unclaimed,42,6.4586884,7.5175485,,,,
n_8753160049,Assemblies of god church chimes avenue,worship,Worship,B,new_haven,New Haven,unclaimed,30,6.4579279,7.5197175,,,,
n_8753161978,Splendid Place,food,Food,B,new_haven,New Haven,unclaimed,48,6.4582141,7.5183736,,,,
n_8753173688,Kedi Healthcare Nig Ltd,shop,Shop,B,new_haven,New Haven,unclaimed,42,6.4586162,7.5209758,,,,
n_8753173952,Clean Habit Dry Cleaners,civic,Civic,B,new_haven,New Haven,unclaimed,36,6.4586111,7.5188535,,,,
n_8753174686,Philip Electronic House,shop,Shop,B,new_haven,New Haven,unclaimed,42,6.458062,7.5196085,,,,
n_8753177652,Artitude Arts and Interiors,shop,Shop,B,new_haven,New Haven,unclaimed,42,6.4586462,7.5183401,,,,
n_8753184302,Snod Ice Cream,food,Food,B,new_haven,New Haven,unclaimed,48,6.45742,7.5190481,,,,
n_8753184509,Philinda Fashion World,shop,Shop,B,new_haven,New Haven,unclaimed,42,6.4576477,7.5192671,,,,
n_8753185033,Dilinma Fashion Home,shop,Shop,B,new_haven,New Haven,unclaimed,42,6.4586059,7.5200963,,,,
n_8753186571,H2N.Hair Hub Naturelle Beauty salons,shop,Shop,B,new_haven,New Haven,unclaimed,42,6.4579099,7.519279,,,,
n_8753186885,Makisblau,civic,Civic,B,new_haven,New Haven,unclaimed,36,6.4592427,7.5187238,,,,
n_8753187761,Denis Pharmacy,pharmacy,Pharmacy,B,new_haven,New Haven,unclaimed,36,6.4581213,7.5200859,,,,
n_8753187762,Avikhol Company Limites,civic,Civic,B,new_haven,New Haven,unclaimed,36,6.4576134,7.5201897,,,,
n_8753188125,Cleon Pharmacy,pharmacy,Pharmacy,B,new_haven,New Haven,unclaimed,36,6.4580413,7.5210614,,,,
n_8753193039,Paus Pharmacy,pharmacy,Pharmacy,B,new_haven,New Haven,unclaimed,36,6.4578583,7.5206463,,,,
n_8753193040,Nigus PHarmacy,pharmacy,Pharmacy,B,new_haven,New Haven,unclaimed,36,6.4579872,7.521147,,,,
n_8753193968,Upper Mbanefo Street Garage 3,civic,Civic,B,new_haven,New Haven,unclaimed,36,6.4590493,7.5208331,,,,
n_8753196386,Lafta Lounge,food,Food,B,new_haven,New Haven,unclaimed,48,6.4588302,7.5218787,,,,
n_8753200401,Eze & Chris Auto Klinic Nig,shop,Shop,B,new_haven,New Haven,unclaimed,42,6.4585415,7.5207034,,,,
n_8753201263,Upper Mbanefo Street Mechanic Garage 2,civic,Civic,B,new_haven,New Haven,unclaimed,36,6.4590132,7.5211574,,,,
n_8753202319,Firstmonie Agent - EHIRIM,shop,Shop,B,new_haven,New Haven,unclaimed,42,6.4588538,7.5207428,,,,
n_8753209633,Arik air Office,civic,Civic,B,new_haven,New Haven,unclaimed,36,6.4585801,7.5207138,,,,
n_8753209649,D-Grace Textiles,shop,Shop,B,new_haven,New Haven,unclaimed,42,6.4590213,7.5196902,,,,
n_8753209654,Discovery Kitchen,food,Food,B,new_haven,New Haven,unclaimed,48,6.4572783,7.5233757,,,,
n_8753211712,First Opinion Medical Laboratory,hospital,Hospital,B,new_haven,New Haven,unclaimed,24,6.4586291,7.5230021,,,,
n_8753211932,The Apostolic Church,worship,Worship,B,new_haven,New Haven,unclaimed,30,6.458574349999999,7.5236442,,,,
n_8753212073,Mount Carmel Hospital and Mortuary,hospital,Hospital,B,new_haven,New Haven,unclaimed,24,6.4585466,7.5217282,,,,
n_8753212234,Mount Carmel Maternity,hospital,Hospital,B,new_haven,New Haven,unclaimed,24,6.4586549,7.5217464,,,,
n_8753214767,Melody Pharmacy,pharmacy,Pharmacy,B,new_haven,New Haven,unclaimed,36,6.4587219,7.5213572,,,,
n_8753214832,Gross Security and Technology,shop,Shop,B,new_haven,New Haven,unclaimed,42,6.4585312,7.521422,,,,
n_8753215728,Execellent Projects and Technology Company,shop,Shop,B,new_haven,New Haven,unclaimed,42,6.4586053,7.5210161,,,,
n_8753218929,Upper Mbanefo Street Mechanic Garage 4,civic,Civic,B,new_haven,New Haven,unclaimed,36,6.4591267,7.5203557,,,,
n_8753220981,Mama paul's Restaurant,food,Food,B,new_haven,New Haven,unclaimed,48,6.4588663,7.5210329,,,,
n_8753227879,Akalaka House,mall,Mall,B,new_haven,New Haven,unclaimed,54,6.4585337,7.5229865,,,,
n_8753230454,Favour Water,civic,Civic,B,new_haven,New Haven,unclaimed,36,6.4572602,7.5231318,,,,
n_8753232879,Donald Pharmacy,pharmacy,Pharmacy,B,new_haven,New Haven,unclaimed,36,6.4579073,7.5227374,,,,
n_8753233096,Dex Records,civic,Civic,B,new_haven,New Haven,unclaimed,36,6.4586162,7.5231136,,,,
n_8753235812,Dominic Pharmacy,pharmacy,Pharmacy,B,new_haven,New Haven,unclaimed,36,6.4588431,7.523482,,,,
n_8753243439,Chukwuemeka Investment Nig,shop,Shop,B,new_haven,New Haven,unclaimed,42,6.4578094,7.5224582,,,,
n_8753246552,Supernatural Family,worship,Worship,B,new_haven,New Haven,unclaimed,30,6.4575489,7.5221303,,,,
n_8753246687,Discovery Plaza,mall,Mall,B,new_haven,New Haven,unclaimed,54,6.4577077,7.5236002,,,,
n_8753251536,Daisy life,food,Food,B,new_haven,New Haven,unclaimed,48,6.4577062,7.5245665,,,,
n_8753251611,Nagode Pharmacy,pharmacy,Pharmacy,B,new_haven,New Haven,unclaimed,36,6.4581176,7.5319446,,,,
n_8753252234,Twzee World,shop,Shop,B,new_haven,New Haven,unclaimed,42,6.4573726,7.5237166,,,,
n_8753260897,Zeez Garden,food,Food,B,new_haven,New Haven,unclaimed,48,6.4579485,7.524442,,,,
n_8753265106,Kesandra Hotel & Suites,hotel,Hotel,B,new_haven,New Haven,unclaimed,36,6.4578428,7.5266447,,,,
n_8753272032,Party Pluz,shop,Shop,B,new_haven,New Haven,unclaimed,42,6.4585849,7.5259617,,,,
n_8753272033,Planet Food Restaurant and Bar,food,Food,B,new_haven,New Haven,unclaimed,48,6.4578119,7.527135,,,,
n_8753275114,"IELTS, TOEFL, PTE, GRE, SAT CENTER IN ENUGU",school,School,B,new_haven,New Haven,unclaimed,24,6.4583997,7.5251217,,,,
n_8753279876,New Haven Primary School,school,School,B,new_haven,New Haven,unclaimed,24,6.4571571,7.5252151,,,,
n_8753287719,Cabrini Bar,food,Food,B,new_haven,New Haven,unclaimed,48,6.4586369,7.5256795,,,,
n_8753293779,Johnson Pharmacy,pharmacy,Pharmacy,B,new_haven,New Haven,unclaimed,36,6.4567884,7.5230254,,,,
n_8753295007,Nipco Filling Station,civic,Civic,B,new_haven,New Haven,unclaimed,36,6.4579795,7.525389,,,,
n_8753296442,Sleplendid Furniture,shop,Shop,B,new_haven,New Haven,unclaimed,42,6.458062,7.5282117,,,,
n_8753296507,Queen's Super Stores,shop,Shop,B,new_haven,New Haven,unclaimed,42,6.4576418,7.5284556,,,,
n_8753305181,Reigning King Mega Parish,worship,Worship,B,new_haven,New Haven,unclaimed,30,6.4587761,7.525184,,,,
n_8753305929,Elmpucker Intl,shop,Shop,B,new_haven,New Haven,unclaimed,42,6.4586139,7.5254241,,,,
n_8753305974,Alex Pharmacy,pharmacy,Pharmacy,B,new_haven,New Haven,unclaimed,36,6.4579743,7.5264708,,,,
n_8753305980,Precioustel,hotel,Hotel,B,new_haven,New Haven,unclaimed,36,6.4578428,7.5275683,,,,
n_8753307619,Darlington Pharmacy,pharmacy,Pharmacy,B,new_haven,New Haven,unclaimed,36,6.4580181,7.5256899,,,,
n_8753536618,Darlington Pharmacy,pharmacy,Pharmacy,B,new_haven,New Haven,unclaimed,36,6.4591207,7.5313596,,,,
n_8753308108,Pat Medicine Store,pharmacy,Pharmacy,B,new_haven,New Haven,unclaimed,36,6.457848,7.5287747,,,,
n_8753310205,De Pines,food,Food,B,new_haven,New Haven,unclaimed,48,6.4583713,7.5253915,,,,
n_8753318123,Godswill Collections,shop,Shop,B,new_haven,New Haven,unclaimed,42,6.4577603,7.5284711,,,,
n_8753320313,Dalila Pharmacy,pharmacy,Pharmacy,B,new_haven,New Haven,unclaimed,36,6.457867,7.5271175,,,,
n_8753322720,Item 7,food,Food,B,new_haven,New Haven,unclaimed,48,6.4583043,7.5272595,,,,
n_8753322721,Stephanies Hotels,hotel,Hotel,B,new_haven,New Haven,unclaimed,36,6.4577835,7.5280768,,,,
n_8753324226,Sephora,shop,Shop,B,new_haven,New Haven,unclaimed,42,6.4579769,7.5270883,,,,
n_8753326501,Artitude Designs & Interiors,civic,Civic,B,new_haven,New Haven,unclaimed,36,6.4580774,7.5270468,,,,
n_8753326629,Frankprio Cosmetics,shop,Shop,B,new_haven,New Haven,unclaimed,42,6.4578467,7.5276084,,,,
n_8753326630,Hotel Codial Exclusive,hotel,Hotel,B,new_haven,New Haven,unclaimed,36,6.4584951,7.5272284,,,,
n_8753327556,Cliff Collections,shop,Shop,B,new_haven,New Haven,unclaimed,42,6.4579717,7.5278329,,,,
n_8753336559,GCI Technology,civic,Civic,B,new_haven,New Haven,unclaimed,36,6.4582499,7.5291394,,,,
n_8753337658,Perfect Shoemakers,shop,Shop,B,new_haven,New Haven,unclaimed,42,6.4582455,7.5286335,,,,
n_8753338604,Grand Riviera Hotel and Suites (Enugu),hotel,Hotel,B,new_haven,New Haven,unclaimed,36,6.4578034,7.5300542,,,,
n_8753341669,Monte Pharmacy,pharmacy,Pharmacy,B,new_haven,New Haven,unclaimed,36,6.4578662,7.5295437,,,,
n_8753343743,Ruben Roofing System,civic,Civic,B,new_haven,New Haven,unclaimed,36,6.4580884,7.5284619,,,,
n_8753344916,white Leaf,hotel,Hotel,B,new_haven,New Haven,unclaimed,36,6.4582949,7.5287216,,,,
n_8753346785,Author Pharmacy,pharmacy,Pharmacy,B,new_haven,New Haven,unclaimed,36,6.4584856,7.5318091,,,,
n_8753348475,Nel's Salon,shop,Shop,B,new_haven,New Haven,unclaimed,42,6.4582186,7.5302845,,,,
n_8753349162,Chuckstar Pharmacy,pharmacy,Pharmacy,B,new_haven,New Haven,unclaimed,36,6.4582051,7.5301829,,,,
n_8753357432,3/20 House of Brenda & Anne-Marie,shop,Shop,B,new_haven,New Haven,unclaimed,42,6.4583552,7.529772,,,,
n_8753359749,Dee Kings Place,food,Food,B,new_haven,New Haven,unclaimed,48,6.4582612,7.5292727,,,,
n_8753359949,Rose View,hotel,Hotel,B,new_haven,New Haven,unclaimed,36,6.4572872,7.5308966,,,,
n_8753360742,Lec Shopping Centre /Outdoor Restaurant,food,Food,B,new_haven,New Haven,unclaimed,48,6.4582814,7.5299932,,,,
n_8753362814,Goodys Fashion,shop,Shop,B,new_haven,New Haven,unclaimed,42,6.4581265,7.5311609,,,,
n_8753363424,Fan Milk,food,Food,B,new_haven,New Haven,unclaimed,48,6.4574779,7.530533,,,,
n_8753370650,Dinmzy Treats,food,Food,B,new_haven,New Haven,unclaimed,48,6.4573141,7.5303275,,,,
n_8753372014,Swiss Furniture Complex(Nig). Ltd,shop,Shop,B,new_haven,New Haven,unclaimed,42,6.4577809,7.5315448,,,,
n_8753372080,Jook Hotels and Towers,hotel,Hotel,B,new_haven,New Haven,unclaimed,36,6.4577854,7.531048,,,,
n_8753375927,Kap Beauty Warehouse,shop,Shop,B,new_haven,New Haven,unclaimed,42,6.458273,7.531854,,,,
n_8753386234,Braunx Pharmaceuticals,pharmacy,Pharmacy,B,new_haven,New Haven,unclaimed,36,6.4582702,7.531843,,,,
n_8753387087,Edit Pharmacy,pharmacy,Pharmacy,B,new_haven,New Haven,unclaimed,36,6.4577666,7.5320859,,,,
n_8753390115,Douglas Way Stores,shop,Shop,B,new_haven,New Haven,unclaimed,42,6.4575727,7.5340598,,,,
n_8753398265,Mama's Pot,food,Food,B,new_haven,New Haven,unclaimed,48,6.4582096,7.5329813,,,,
n_8753414228,Topic Garden,park,Park,B,new_haven,New Haven,unclaimed,24,6.4577001,7.5338147,,,,
n_8753414307,Benny Techs,civic,Civic,B,new_haven,New Haven,unclaimed,36,6.4561516,7.52476,,,,
n_8753414308,3pple D Classy,civic,Civic,B,new_haven,New Haven,unclaimed,36,6.4567261,7.5194072,,,,
n_8753417697,Gold Value,hotel,Hotel,B,new_haven,New Haven,unclaimed,36,6.4577793,7.5322519,,,,
n_8753423975,Foxxymobile Cloths,shop,Shop,B,new_haven,New Haven,unclaimed,42,6.4579919,7.5327238,,,,
n_8753424006,kingdom hall,worship,Worship,B,new_haven,New Haven,unclaimed,30,6.4598681,7.5353393,,,,
n_8753424236,Philip Water Depot,shop,Shop,B,new_haven,New Haven,unclaimed,42,6.4581041,7.5328307,,,,
n_8753430482,Pinacle,fuel,Fuel station,B,new_haven,New Haven,unclaimed,24,6.4582376,7.5330863,,,,
n_8753430734,PicturePerfect Beauty,shop,Shop,B,new_haven,New Haven,unclaimed,42,6.4581939,7.5328142,,,,
n_8753434342,Dio De Steel Oil & Gas,fuel,Fuel station,B,new_haven,New Haven,unclaimed,24,6.4601733,7.533878,,,,
n_8753434343,Okaw House of Law,civic,Civic,B,new_haven,New Haven,unclaimed,36,6.4603753,7.5341919,,,,
n_8753434474,Fresh Choice Bakery,food,Food,B,new_haven,New Haven,unclaimed,48,6.45803,7.5350795,,,,
n_8753436191,Clif Investment,shop,Shop,B,new_haven,New Haven,unclaimed,42,6.4581624,7.5346233,,,,
n_8753436783,House of Heroes Chapel Int'l Ministries,worship,Worship,B,new_haven,New Haven,unclaimed,30,6.4605616,7.5341242,,,,
n_8753436798,Godwin Pharmacy,pharmacy,Pharmacy,B,new_haven,New Haven,unclaimed,36,6.4600095,7.5309644,,,,
n_8753437262,Sibax,food,Food,B,new_haven,New Haven,unclaimed,48,6.4577966,7.5339254,,,,
n_8753439130,Konga Retail Store,shop,Shop,B,new_haven,New Haven,unclaimed,42,6.4576466,7.533102,,,,
n_8754419791,Konga retail store,shop,Shop,B,new_haven,New Haven,unclaimed,42,6.4583445,7.5310613,,,,
n_8753439135,Gonnec Stores,shop,Shop,B,new_haven,New Haven,unclaimed,42,6.457736,7.533957,,,,
n_8753441653,DMG Communication,shop,Shop,B,new_haven,New Haven,unclaimed,42,6.4582141,7.5348446,,,,
n_8753443527,Omoakin,civic,Civic,B,new_haven,New Haven,unclaimed,36,6.4581378,7.5334759,,,,
n_8753443528,Karas Place,food,Food,B,new_haven,New Haven,unclaimed,48,6.4582836,7.5349372,,,,
n_8753445089,Obusin Engineering,civic,Civic,B,thinkers_corner,Thinkers Corner,unclaimed,36,6.4617981,7.5353009,,,,
n_8753445474,Adrose Best Bar,food,Food,B,new_haven,New Haven,unclaimed,48,6.4577226,7.5335595,,,,
n_8753445475,Continental Impressive Restaurant,food,Food,B,new_haven,New Haven,unclaimed,48,6.4577203,7.5342348,,,,
n_8753445476,Happy Time,food,Food,B,new_haven,New Haven,unclaimed,48,6.4577562,7.534682,,,,
n_8753447721,Security Hub,civic,Civic,B,new_haven,New Haven,unclaimed,36,6.4578123,7.5332094,,,,
n_8753449193,Adrose Best International,shop,Shop,B,new_haven,New Haven,unclaimed,42,6.4577194,7.5336749,,,,
n_8753449993,Ziidels Nig,civic,Civic,B,new_haven,New Haven,unclaimed,36,6.4558576,7.5246629,,,,
n_8753449994,Back to School & Kiddies Stuff,shop,Shop,B,new_haven,New Haven,unclaimed,42,6.4563625,7.5252682,,,,
n_8753451961,Goodway,food,Food,B,new_haven,New Haven,unclaimed,48,6.4581063,7.5344426,,,,
n_8753451969,Bennybees Empire and Eterprise,shop,Shop,B,new_haven,New Haven,unclaimed,42,6.4581446,7.5346257,,,,
n_8753453138,Tosky,food,Food,B,new_haven,New Haven,unclaimed,48,6.4580861,7.5342145,,,,
n_8753453518,Chi-Ella Fast Food,food,Food,B,new_haven,New Haven,unclaimed,48,6.458158,7.5336115,,,,
n_8753453579,Chisome Tutors,school,School,B,new_haven,New Haven,unclaimed,24,6.4596727,7.5360348,,,,
n_8753453593,Kidsville Event Center,civic,Civic,B,new_haven,New Haven,unclaimed,36,6.4604134,7.5303613,,,,
n_8753454272,Mr. Fancy Collections,shop,Shop,B,new_haven,New Haven,unclaimed,42,6.4581355,7.5338215,,,,
n_8753457222,Fegnolak Pharmacy,pharmacy,Pharmacy,B,new_haven,New Haven,unclaimed,36,6.4580166,7.5343636,,,,
n_8753457223,Emly Pharmacy,pharmacy,Pharmacy,B,new_haven,New Haven,unclaimed,36,6.4584116,7.534883,,,,
n_8753465559,Dozzy Pharmacy,pharmacy,Pharmacy,B,new_haven,New Haven,unclaimed,36,6.460768,7.5353054,,,,
n_8753471286,Double M. Collection & Hair Cut,shop,Shop,B,new_haven,New Haven,unclaimed,42,6.4577495,7.5349034,,,,
n_8753472501,State Joma Photos,shop,Shop,B,new_haven,New Haven,unclaimed,42,6.4576306,7.5349824,,,,
n_8753473215,Pasodina Central Suites,hotel,Hotel,B,new_haven,New Haven,unclaimed,36,6.4603147,7.5320146,,,,
n_8753473987,D'Junction Lounge & Wholesale,food,Food,B,new_haven,New Haven,unclaimed,48,6.4607254,7.5346143,,,,
n_8753475574,Sunny Furnished Furniture,shop,Shop,B,new_haven,New Haven,unclaimed,42,6.4590108,7.5344765,,,,
n_8753477264,Wisdom of Cathedral,worship,Worship,B,new_haven,New Haven,unclaimed,30,6.4560326,7.5247307,,,,
n_8753480791,Ossymaco Super Store,shop,Shop,B,new_haven,New Haven,unclaimed,42,6.4582275,7.5350524,,,,
n_8753480792,Wealth Collection Wears,shop,Shop,B,new_haven,New Haven,unclaimed,42,6.4585866,7.5348582,,,,
n_8753483676,Chiez - Inn,hotel,Hotel,B,new_haven,New Haven,unclaimed,36,6.4592846,7.5344404,,,,
n_8753486657,Legacy Bar,food,Food,B,new_haven,New Haven,unclaimed,48,6.4588851,7.5353664,,,,
n_8753486658,PSGUY,shop,Shop,B,new_haven,New Haven,unclaimed,42,6.4597671,7.5351518,,,,
n_8753487741,Choice Bridal,shop,Shop,B,new_haven,New Haven,unclaimed,42,6.4587078,7.5344358,,,,
n_8753488436,Ada Pharmacy Tech,pharmacy,Pharmacy,B,new_haven,New Haven,unclaimed,36,6.4591836,7.5344742,,,,
n_8753488523,DeCave,food,Food,B,new_haven,New Haven,unclaimed,48,6.4592397,7.5346753,,,,
n_8753492488,Pliis,food,Food,B,thinkers_corner,Thinkers Corner,unclaimed,48,6.461659,7.5344223,,,,
n_8753498703,Timeless Bar and Grill,food,Food,B,thinkers_corner,Thinkers Corner,unclaimed,48,6.461668,7.5347385,,,,
n_8753499228,Desmond Pharmacy,pharmacy,Pharmacy,B,new_haven,New Haven,unclaimed,36,6.4608039,7.5348785,,,,
n_8753499483,Success,shop,Shop,B,new_haven,New Haven,unclaimed,42,6.4563648,7.5282608,,,,
n_8753500145,Babu Pharmacy,pharmacy,Pharmacy,B,new_haven,New Haven,unclaimed,36,6.4601957,7.5312738,,,,
n_8753501020,Light & Freedom Mpving Church Intl,worship,Worship,B,new_haven,New Haven,unclaimed,30,6.4604763,7.5341784,,,,
n_8753501760,Firstmonie Agent - EZE,shop,Shop,B,thinkers_corner,Thinkers Corner,unclaimed,42,6.4620832,7.5337108,,,,
n_8753502026,Almonds Suites New Haven Enugu,hotel,Hotel,B,new_haven,New Haven,unclaimed,36,6.4603124,7.5324799,,,,
n_8753503652,Romchi Pharmacy,pharmacy,Pharmacy,B,new_haven,New Haven,unclaimed,36,6.4603169,7.533826,,,,
n_8753503682,Timeless Lounge,food,Food,B,thinkers_corner,Thinkers Corner,unclaimed,48,6.4616949,7.5345172,,,,
n_8753503683,Novas Guest House,hotel,Hotel,B,new_haven,New Haven,unclaimed,36,6.4602518,7.532245,,,,
n_8753503709,Child's Destiny Academy,school,School,B,new_haven,New Haven,unclaimed,24,6.4603551,7.5312422,,,,
n_8753512926,African Princess Hotel New Haven,hotel,Hotel,B,new_haven,New Haven,unclaimed,36,6.4608825,7.5311451,,,,
n_8753518512,Davis Suites Ltd,hotel,Hotel,B,new_haven,New Haven,unclaimed,36,6.4566812,7.5312128,,,,
n_8753518697,MCLorrets Suites,hotel,Hotel,B,new_haven,New Haven,unclaimed,36,6.4607299,7.5327125,,,,
n_8753519673,Dannic Hotels,hotel,Hotel,B,new_haven,New Haven,unclaimed,36,6.4599466,7.5316487,,,,
n_8753522106,Barry Gold Bridal Makeover,civic,Civic,B,new_haven,New Haven,unclaimed,36,6.45678,7.5301558,,,,
n_8753522735,Elsies Bake House,food,Food,B,new_haven,New Haven,unclaimed,48,6.4603708,7.5304562,,,,
n_8753527479,Hatton Garden Bar,food,Food,B,new_haven,New Haven,unclaimed,48,6.45656,7.5228041,,,,
n_8753527738,Fuzohairport Natural Hair Spa,shop,Shop,B,new_haven,New Haven,unclaimed,42,6.4605526,7.5303388,,,,
n_8753529457,Kclitch Fashion,shop,Shop,B,new_haven,New Haven,unclaimed,42,6.4572782,7.522061,,,,
n_8753529491,Sweettamara Studio,civic,Civic,B,new_haven,New Haven,unclaimed,36,6.4569595,7.520559,,,,
n_8753536376,Eddybina Hotels,hotel,Hotel,B,new_haven,New Haven,unclaimed,36,6.4594978,7.5312399,,,,
n_8753536794,Barry Gold Hotels,hotel,Hotel,B,new_haven,New Haven,unclaimed,36,6.4566835,7.5301197,,,,
n_8753538391,Exclusive Serene,hotel,Hotel,B,new_haven,New Haven,unclaimed,36,6.4572154,7.5294398,,,,
n_8753539284,Mountain of Fire And Miracles,worship,Worship,B,new_haven,New Haven,unclaimed,30,6.4572333,7.5216274,,,,
n_8753544690,Juwana Cusina,food,Food,B,new_haven,New Haven,unclaimed,48,6.4557499,7.5246584,,,,
n_8753544691,5-CEE Divine,civic,Civic,B,new_haven,New Haven,unclaimed,36,6.4569685,7.5196692,,,,
n_8753544953,Women of God Gospel Mission,worship,Worship,B,new_haven,New Haven,unclaimed,30,6.4562593,7.5246245,,,,
n_8753544954,Hayatt Suites,hotel,Hotel,B,new_haven,New Haven,unclaimed,36,6.4565264,7.523712,,,,
n_8753549557,Independent Baptist Bible Church,worship,Worship,B,new_haven,New Haven,unclaimed,30,6.4573029,7.5218781,,,,
n_8753550298,Richard Pharmacy,pharmacy,Pharmacy,B,new_haven,New Haven,unclaimed,36,6.4567441,7.5224292,,,,
n_8753555901,Afia 9,civic,Civic,B,unclaimed,Unclaimed area,unclaimed,36,6.438009,7.5036275,,,,
n_8753555914,Roots restaurant & Cafe,food,Food,B,independence_layout,Independence Layout,playable_faction,40,6.4391755,7.5157417,,,,
n_8753556554,Alvine Pharmacy,pharmacy,Pharmacy,B,new_haven,New Haven,unclaimed,36,6.4567082,7.522183,,,,
n_8753556555,Kimmy Fashion House,shop,Shop,B,new_haven,New Haven,unclaimed,42,6.4572782,7.5212186,,,,
n_8753557939,Juicy Fashion Mart,shop,Shop,B,new_haven,New Haven,unclaimed,42,6.4572984,7.5211463,,,,
n_8753557940,First Choice Pharmacy,pharmacy,Pharmacy,B,new_haven,New Haven,unclaimed,36,6.4568136,7.5186957,,,,
n_8753558021,Pauline Medicine Shop,pharmacy,Pharmacy,B,new_haven,New Haven,unclaimed,36,6.4565421,7.5210943,,,,
n_8753558022,Ndaaik Fashion House,shop,Shop,B,new_haven,New Haven,unclaimed,42,6.4572221,7.518786,,,,
n_8753559556,Jonap Pharmacy,pharmacy,Pharmacy,B,new_haven,New Haven,unclaimed,36,6.4567014,7.5190774,,,,
n_8753560185,Ikemis Beauty Concepts,shop,Shop,B,new_haven,New Haven,unclaimed,42,6.4573074,7.51793,,,,
n_8753562890,Mkpokiti Bus Stop,transit,Transit,B,independence_layout,Independence Layout,playable_faction,15,6.4396617,7.5108014,,,,
n_8753562911,Oshimiri bus stop,transit,Transit,B,independence_layout,Independence Layout,playable_faction,15,6.4170569,7.5312012,,,,
n_8753564618,Pentacular Investment Limited,civic,Civic,B,new_haven,New Haven,unclaimed,36,6.456854,7.5185602,,,,
n_8753565874,Jennie's Place,civic,Civic,B,new_haven,New Haven,unclaimed,36,6.4574959,7.518585,,,,
n_8753565875,N.D Beauty,shop,Shop,B,new_haven,New Haven,unclaimed,42,6.4574645,7.5180407,,,,
n_8753567356,Meeting Point Bar,food,Food,B,new_haven,New Haven,unclaimed,48,6.4573478,7.5187973,,,,
n_8753567670,ND Laundry and Dry Cleaning Services,shop,Shop,B,new_haven,New Haven,unclaimed,42,6.4567328,7.5182214,,,,
n_8753568293,"Josy Fashion - Beaded Necklace, Earrings",shop,Shop,B,new_haven,New Haven,unclaimed,42,6.4571249,7.5178919,,,,
n_8753568372,Gossip Cosmetics,shop,Shop,B,new_haven,New Haven,unclaimed,42,6.4573859,7.517842,,,,
n_8753568625,Sower Evergreen Production,civic,Civic,B,new_haven,New Haven,unclaimed,36,6.4575183,7.518655,,,,
n_8753583046,Trans-Ekulu,transit,Transit,B,trans_ekulu,Trans-Ekulu,unclaimed,18,6.4782876,7.4940416,,,,
n_8753585116,Obiagu Bus Stop,transit,Transit,B,unclaimed,Unclaimed area,unclaimed,18,6.435749,7.4972967,,,,
n_8753596575,Ogbete,transit,Transit,B,coal_camp,Coal Camp,playable_faction,15,6.4313654,7.4767021,,,,
n_8753608901,Institute of Management technology,civic,Civic,B,independence_layout,Independence Layout,playable_faction,30,6.4357352,7.5146067,,,,
n_8753608935,P&T Bus stop,transit,Transit,B,unclaimed,Unclaimed area,unclaimed,18,6.441541,7.4873523,,,,
n_8753624004,Abuja BUs stop,transit,Transit,B,independence_layout,Independence Layout,playable_faction,15,6.4299309,7.5094346,,,,
n_8753636901,Mbanugo Bus stop coal camp,transit,Transit,B,coal_camp,Coal Camp,playable_faction,15,6.418933,7.4780933,,,,
n_8753637264,Mayor Bus stop,transit,Transit,B,unclaimed,Unclaimed area,unclaimed,18,6.3986395,7.4887631,,,,
n_8753637702,Igbariam Bus stop,transit,Transit,B,uwani,Uwani,unclaimed,18,6.4165244,7.4952704,,,,
n_8753639566,GUO transport terminal Bus stop,transit,Transit,B,unclaimed,Unclaimed area,unclaimed,18,6.4380494,7.4886302,,,,
n_8753646612,New Market,market,Market,B,unclaimed,Unclaimed area,unclaimed,60,6.4519199,7.4803376,,,,
n_8753650489,UBA Bus stop,transit,Transit,B,uwani,Uwani,unclaimed,18,6.4291686,7.487872,,,,
n_8753652164,Okilo Bus Stop,transit,Transit,B,independence_layout,Independence Layout,playable_faction,15,6.4204706,7.5177334,,,,
n_8753652175,East side hospital,hospital,Hospital,B,independence_layout,Independence Layout,playable_faction,20,6.4459657,7.5279212,,,,
n_8753792017,East Side Hospital,hospital,Hospital,B,independence_layout,Independence Layout,playable_faction,20,6.4484318,7.536304,,,,
n_8753652411,Precious Bus stop,transit,Transit,B,unclaimed,Unclaimed area,unclaimed,18,6.4007535,7.4780438,,,,
n_8753662599,Royal Hospital,hospital,Hospital,B,unclaimed,Unclaimed area,unclaimed,24,6.4432724,7.4821383,,,,
n_8753662600,Niger foundation hospital,hospital,Hospital,B,independence_layout,Independence Layout,playable_faction,20,6.4438519,7.5156998,,,,
n_8753662624,National Museum of Unity,landmark,Landmark,B,unclaimed,Unclaimed area,unclaimed,60,6.4530724,7.4866157,,,,
n_8753662625,Spar Enugu,civic,Civic,B,independence_layout,Independence Layout,playable_faction,30,6.4375523,7.5125593,,,,
n_8753663543,Amechi Bus stop,transit,Transit,B,uwani,Uwani,unclaimed,18,6.4103942,7.5039289,,,,
n_8753669421,UNEC Gate,civic,Civic,B,unclaimed,Unclaimed area,unclaimed,36,6.4288995,7.4970978,,,,
n_8753669422,City girls College,school,School,B,independence_layout,Independence Layout,playable_faction,20,6.4325647,7.5028521,,,,
n_8753671421,Okpara Square,pitch,Pitch,B,independence_layout,Independence Layout,playable_faction,35,6.4409008,7.5194368,,,,
n_8753672111,De Angelo Hotel,hotel,Hotel,B,unclaimed,Unclaimed area,unclaimed,36,6.4588103,7.4778151,,,,
n_8753676025,Ogbete main Market,market,Market,B,ogbete,Ogbete,prize_zone,75,6.4354497,7.4815672,,,,
n_13170601832,Ogbete Main Market,market,Market,B,ogbete,Ogbete,prize_zone,75,6.4356538,7.4844225,,,,
n_8753676026,Old Artisan Market,market,Market,B,ogui,Ogui,unclaimed,60,6.4538382,7.5011176,,,,
n_8753676765,Airtel office Enugu,civic,Civic,B,ogui,Ogui,unclaimed,36,6.458854,7.5094998,,,,
n_8753678376,Aaron’s place,civic,Civic,B,independence_layout,Independence Layout,playable_faction,30,6.4485226,7.5347513,,,,
n_8753679088,Queens school,school,School,B,independence_layout,Independence Layout,playable_faction,20,6.4340241,7.5065893,,,,
n_8753679737,National Orthopedic Hospital,hospital,Hospital,B,thinkers_corner,Thinkers Corner,unclaimed,24,6.4683887,7.525556,,,,
n_8753683963,Mother of Christ specialist hospital,hospital,Hospital,B,ogui,Ogui,unclaimed,24,6.4363489,7.4903597,,,,
w_792054613,Mother Of Christ Specialist Hospital,hospital,Hospital,B,unclaimed,Unclaimed area,unclaimed,24,6.4356649,7.4890754,,,,
n_8753683976,Ntachi Osa,civic,Civic,B,independence_layout,Independence Layout,playable_faction,30,6.4522042,7.5130534,,,,
n_8753683987,RCC Estate,civic,Civic,B,trans_ekulu,Trans-Ekulu,unclaimed,36,6.471899,7.4856734,,,,
n_8754447537,RCC estate,civic,Civic,B,trans_ekulu,Trans-Ekulu,unclaimed,36,6.4705649,7.487276,,,,
n_8753687542,NNPC Mega filling station,civic,Civic,B,new_haven,New Haven,unclaimed,36,6.459264,7.5376326,,,,
n_8753689869,POSH specialist Hospital,hospital,Hospital,B,new_haven,New Haven,unclaimed,24,6.4582082,7.517708,,,,
w_945499855,"POSH, Specialist Hospital",hospital,Hospital,B,new_haven,New Haven,unclaimed,24,6.4575361,7.5240168,,,,
n_8753689870,Best western Hotel,hotel,Hotel,B,independence_layout,Independence Layout,playable_faction,30,6.451395,7.5304526,,,,
n_8753690626,ESBS Bus stop,transit,Transit,B,independence_layout,Independence Layout,playable_faction,15,6.4320819,7.5173282,,,,
n_8753690719,Ntachi Osa New Haven,food,Food,B,thinkers_corner,Thinkers Corner,unclaimed,48,6.4592719,7.5220516,,,,
n_8753691700,Zenith Bank Kenyatta,bank,Bank,B,uwani,Uwani,unclaimed,0,6.4195816,7.5006049,,,,
n_8753692331,-Open Sharaton,civic,Civic,B,new_haven,New Haven,unclaimed,36,6.4586825,7.514817,,,,
n_8753694349,Mammy,civic,Civic,B,unclaimed,Unclaimed area,unclaimed,36,6.4727743,7.5165498,,,,
n_8753694780,Subway ogui road,civic,Civic,B,unclaimed,Unclaimed area,unclaimed,36,6.4427326,7.4927645,,,,
n_8753694820,Mini market Timber Maryland,shop,Shop,B,independence_layout,Independence Layout,playable_faction,35,6.4156522,7.5045716,,,,
n_8753697135,The Base Landmark,civic,Civic,B,independence_layout,Independence Layout,playable_faction,30,6.4384201,7.521357,,,,
n_8753705199,Ngwo Park,park,Park,B,uwani,Uwani,unclaimed,24,6.4223693,7.4924814,,,,
n_8753705269,Coal camp motor spare parts,shop,Shop,B,coal_camp,Coal Camp,playable_faction,35,6.4276633,7.4772286,,,,
n_8753705277,New Society Bus stop Emene,transit,Transit,B,emene,Emene,playable_faction,15,6.4734815,7.5824183,,,,
n_8753706768,Bush Bar,food,Food,B,new_haven,New Haven,unclaimed,48,6.4538476,7.5234758,,,,
n_8753706769,-Kenyatta Market,market,Market,B,uwani,Uwani,unclaimed,60,6.4235355,7.4941516,,,,
n_13170601825,Kenyatta Market,market,Market,B,uwani,Uwani,unclaimed,60,6.4231493,7.4984186,,,,
n_8753709079,Ozinga cooking gas plant,shop,Shop,B,unclaimed,Unclaimed area,unclaimed,42,6.435952,7.4940933,,,,
n_8753711557,UBA Bank Otigba Junction,bank,Bank,B,new_haven,New Haven,unclaimed,0,6.4588,7.5118364,,,,
n_8753716469,The good shepherd hospital,hospital,Hospital,B,uwani,Uwani,unclaimed,24,6.4269815,7.4898406,,,,
n_8753720810,Guaranty trust bank 1 Ogui road,bank,Bank,B,ogui,Ogui,unclaimed,0,6.4381656,7.4934379,,,,
n_8753723082,Firts bank Enugu main branch,bank,Bank,B,unclaimed,Unclaimed area,unclaimed,0,6.4555909,7.4970517,,,,
n_8753723084,Ekulu garden,park,Park,B,trans_ekulu_extension,Trans-Ekulu Extension,unclaimed,24,6.4956334,7.4955845,,,,
n_8753726470,"UBA Bank, 20 Okpara avenue",bank,Bank,B,unclaimed,Unclaimed area,unclaimed,0,6.4409158,7.4886602,,,,
n_8753726471,UBA bank 10 Station Road,bank,Bank,B,ogui,Ogui,unclaimed,0,6.4452756,7.4963212,,,,
n_8753728318,edozie bus stop,transit,Transit,B,unclaimed,Unclaimed area,unclaimed,18,6.4281833,7.493987,,,,
n_8753728455,The gate luxury,civic,Civic,B,unclaimed,Unclaimed area,unclaimed,36,6.4674915,7.5084102,,,,
n_8753728800,St Andrews Anglican church,worship,Worship,B,trans_ekulu,Trans-Ekulu,unclaimed,30,6.4832866,7.488172,,,,
n_8753733505,National open university of Nigeria,school,School,B,trans_ekulu,Trans-Ekulu,unclaimed,24,6.4888927,7.499479,,,,
n_8753736415,-Access bank PLC Agbani road,bank,Bank,B,uwani,Uwani,unclaimed,0,6.4188534,7.4979001,,,,
n_8753736621,Access bank Presidential road,bank,Bank,B,unclaimed,Unclaimed area,unclaimed,0,6.4441766,7.5048063,,,,
n_8753737809,Zenith Bank Zik Avenue,bank,Bank,B,uwani,Uwani,unclaimed,0,6.4262744,7.4952102,,,,
n_8753739658,UBA Bank Chris Uba street GRA,bank,Bank,B,unclaimed,Unclaimed area,unclaimed,0,6.4666434,7.4934602,,,,
n_8753739925,Roban Stores Trans Ekulu,shop,Shop,B,trans_ekulu,Trans-Ekulu,unclaimed,42,6.4827765,7.4971232,,,,
n_8753739943,St Mary's catholic church,worship,Worship,B,trans_ekulu,Trans-Ekulu,unclaimed,30,6.4814424,7.495585,,,,
n_8753740302,Mama Onyinye Cafeteria,food,Food,B,unclaimed,Unclaimed area,unclaimed,48,6.4626528,7.498126,,,,
n_8753741358,UBA Trans Ekulu,civic,Civic,B,unclaimed,Unclaimed area,unclaimed,36,6.4829657,7.5040472,,,,
n_8753741387,Nike Lake Hotel and resort,hotel,Hotel,B,unclaimed,Unclaimed area,unclaimed,36,6.5096925,7.5080311,,,,
n_8753741515,Innoson Technical & industrial Company,civic,Civic,B,emene,Emene,playable_faction,30,6.4573917,7.5656157,,,,
n_8753741516,Eastern Nigeria Medical Center,hospital,Hospital,B,independence_layout,Independence Layout,playable_faction,20,6.409846,7.509275,,,,
n_8753747656,Christ the king Hospital,hospital,Hospital,B,trans_ekulu,Trans-Ekulu,unclaimed,24,6.478419,7.4870836,,,,
w_791453174,Christ The King Hospital,hospital,Hospital,B,trans_ekulu,Trans-Ekulu,unclaimed,24,6.4794149,7.4868631,https://enugupoi.appspot.com/view/binaryData?blobKey=build_POI-Picture-Form_1374250655%5B%40version%3Dnull+and+%40uiVersion%3Dnull%5D%2Fdata%5B%40key%3Duuid%3A134b784e-fc7c-4cfa-94f2-76b97d139f44%5D%2FPOI_Picture1,,,
n_8753751530,Announciation Specialist hospital,hospital,Hospital,B,unclaimed,Unclaimed area,unclaimed,24,6.4684403,7.5919103,,,,
n_8753752087,First Bank Ogui road,bank,Bank,B,ogui,Ogui,unclaimed,0,6.4426429,7.4944371,,,,
n_8753752088,Otigba Junction,civic,Civic,B,unclaimed,Unclaimed area,unclaimed,36,6.4611333,7.5089488,,,,
n_8753753629,Another level Bar,food,Food,B,unclaimed,Unclaimed area,unclaimed,48,6.5041921,7.5106251,,,,
n_8753753630,Godfery Okoye University,school,School,B,unclaimed,Unclaimed area,unclaimed,24,6.487405,7.5911694,,,,
n_8753753695,Enugu State Housing Development,civic,Civic,B,unclaimed,Unclaimed area,unclaimed,36,6.4444328,7.4808454,,,,
n_8753756336,Timber market Abakpa,market,Market,B,trans_ekulu_extension,Trans-Ekulu Extension,unclaimed,60,6.4957015,7.5024551,,,,
n_8753756337,Coal City University Enugu,school,School,B,unclaimed,Unclaimed area,unclaimed,24,6.4617555,7.5866013,,,,
n_8753756338,Anammco,civic,Civic,B,emene,Emene,playable_faction,30,6.4627403,7.5554274,,,,
n_8753757385,Oye emene Market,market,Market,B,emene,Emene,playable_faction,50,6.4787045,7.5784307,,,,
n_8753759199,Fidelity estate,civic,Civic,B,unclaimed,Unclaimed area,unclaimed,36,6.4527311,7.495951,,,,
n_8753762212,Ugbene 2 road,civic,Civic,B,trans_ekulu_extension,Trans-Ekulu Extension,unclaimed,36,6.4980579,7.5024062,,,,
n_8753768210,- Marist Polytechnic Emene,civic,Civic,B,emene,Emene,playable_faction,30,6.4871397,7.5646835,,,,
n_8753773220,Caritas University,school,School,B,emene,Emene,playable_faction,20,6.5037334,7.5692315,,,,
n_8753773222,Eke Obinagu Market,market,Market,B,unclaimed,Unclaimed area,unclaimed,60,6.4687068,7.6010143,,,,
n_8753774535,Elim Plaza,civic,Civic,B,ogui,Ogui,unclaimed,36,6.4546246,7.503075,,,,
n_8753782922,National identity management commission,civic,Civic,B,emene,Emene,playable_faction,30,6.4607202,7.5767463,,,,
n_8753782923,Memfys Hospital,hospital,Hospital,B,trans_ekulu,Trans-Ekulu,unclaimed,24,6.4771182,7.4926629,,,,
n_8753782940,Nigerian Postal service,civic,Civic,B,unclaimed,Unclaimed area,unclaimed,36,6.443279,7.4885249,,,,
n_8753783065,Dolphin,food,Food,B,ogui,Ogui,unclaimed,48,6.4574699,7.5087577,,,,
n_8753785520,Adorable British College,school,School,B,emene,Emene,playable_faction,20,6.4553093,7.5578671,,,,
n_8753785603,Slot,civic,Civic,B,unclaimed,Unclaimed area,unclaimed,36,6.443157,7.491036,,,,
n_8753785738,Enugu state government secretariat,civic,Civic,B,unclaimed,Unclaimed area,unclaimed,36,6.4456914,7.4851119,,,,
n_8753786767,Agofure park,park,Park,B,unclaimed,Unclaimed area,unclaimed,24,6.4385958,7.4881237,,,,
n_8753787677,NYSC secretariat,civic,Civic,B,unclaimed,Unclaimed area,unclaimed,36,6.4537451,7.482723,,,,
n_8753791521,Federal NeuroPsychiatrist hospital,hospital,Hospital,B,new_haven,New Haven,unclaimed,24,6.4605893,7.532368,,,,
n_8753791522,St Leo the great Catholic church,worship,Worship,B,unclaimed,Unclaimed area,unclaimed,30,6.4799612,7.509256,,,,
n_8753791523,Oakland Park,park,Park,B,ogui,Ogui,unclaimed,24,6.4555095,7.5025242,,,,
n_8753793446,Federal Road Safety Commission,civic,Civic,B,unclaimed,Unclaimed area,unclaimed,36,6.4524847,7.4827629,,,,
n_8753798728,Garden Plaza,park,Park,B,unclaimed,Unclaimed area,unclaimed,24,6.4544102,7.4925756,,,,
n_8753833961,Police Command Headquarters,civic,Civic,B,unclaimed,Unclaimed area,unclaimed,36,6.444614,7.484979,,,,
n_8753835819,CBN Enugu regional office,civic,Civic,B,unclaimed,Unclaimed area,unclaimed,36,6.4474048,7.489379,,,,
n_8753835935,Faith Motors,shop,Shop,B,ogbete,Ogbete,prize_zone,52,6.4374698,7.4866731,,,,
n_8753836534,Peace Park,park,Park,B,ogbete,Ogbete,prize_zone,30,6.4380595,7.4862566,,,,
n_8753844692,Madam Omeife,food,Food,B,ogui,Ogui,unclaimed,48,6.4396803,7.4976265,,,,
n_8753846143,Emily,food,Food,B,ogui,Ogui,unclaimed,48,6.4394499,7.4951833,,,,
n_8753846443,Albertina electronics,shop,Shop,B,unclaimed,Unclaimed area,unclaimed,42,6.4351409,7.4921984,,,,
n_8753851147,Dmatel hotel and suites,hotel,Hotel,B,independence_layout,Independence Layout,playable_faction,30,6.4539275,7.5168252,,,,
n_8753852287,Roban Stores Independence avenue,civic,Civic,B,independence_layout,Independence Layout,playable_faction,30,6.4489441,7.5127035,,,,
n_8753853751,Nipost Office,civic,Civic,B,ogui,Ogui,unclaimed,36,6.4493575,7.500832,,,,
n_8754414724,Christ the king catholic church,worship,Worship,B,unclaimed,Unclaimed area,unclaimed,30,6.4644852,7.4937725,,,,
n_8754422832,Saint Mulumba,worship,Worship,B,new_haven,New Haven,unclaimed,30,6.4570428,7.5249892,,,,
w_945536211,Saint Mulumba,worship,Worship,B,new_haven,New Haven,unclaimed,30,6.45676,7.5261323,,,,
n_8754422833,New Haven Suites,civic,Civic,B,new_haven_extension,New Haven Extension,unclaimed,36,6.4621085,7.5442372,,,,
n_8754422850,Glo world Enugu,civic,Civic,B,unclaimed,Unclaimed area,unclaimed,36,6.4429262,7.48727,,,,
n_8754442589,Citi gas and mineral resources limited,civic,Civic,B,new_haven_extension,New Haven Extension,unclaimed,36,6.4541238,7.5410745,,,,
n_8754447269,Villa italia Hotel,hotel,Hotel,B,independence_layout,Independence Layout,playable_faction,30,6.4157416,7.5119928,,,,
n_8754447270,Maria Assumpta parish,worship,Worship,B,uwani,Uwani,unclaimed,30,6.4057871,7.5006292,,,,
n_8754447491,Veromica Suites,hotel,Hotel,B,unclaimed,Unclaimed area,unclaimed,36,6.4648092,7.4965471,,,,
n_8754448957,Market Square,market,Market,B,unclaimed,Unclaimed area,unclaimed,60,6.4597785,7.5084066,,,,
n_8754448961,Maryland estate,civic,Civic,B,independence_layout,Independence Layout,playable_faction,30,6.4205648,7.5193683,,,,
n_8754449647,Loma Linda Extension,food,Food,B,independence_layout,Independence Layout,playable_faction,40,6.4186297,7.5143847,,,,
n_8754449705,DEC Enugu Microfinance bank,bank,Bank,B,independence_layout,Independence Layout,playable_faction,0,6.4342891,7.5195215,,,,
n_8754454486,Ntachi Osa New Haven,civic,Civic,B,new_haven,New Haven,unclaimed,36,6.459156,7.5186598,,,,
n_8754456280,Domino’s Pizza Enugu,food,Food,B,unclaimed,Unclaimed area,unclaimed,48,6.4601901,7.4967755,,,,
n_8754457347,Church of Christ Emene 2,worship,Worship,B,emene,Emene,playable_faction,25,6.4665664,7.5527089,,,,
n_8754457771,Diamond estate,civic,Civic,B,independence_layout,Independence Layout,playable_faction,30,6.4368808,7.5355861,,,,
n_8754457772,Police post Maryland,civic,Civic,B,independence_layout,Independence Layout,playable_faction,30,6.4192042,7.5074641,,,,
n_8754459351,Dragon Bar,food,Food,B,unclaimed,Unclaimed area,unclaimed,48,6.4629027,7.5131972,,,,
n_8754465444,Nigerian Immigration,civic,Civic,B,independence_layout,Independence Layout,playable_faction,30,6.4319506,7.5146482,,,,
n_8754466854,IMT Campus 3,school,School,B,independence_layout,Independence Layout,playable_faction,20,6.4289032,7.5174478,,,,
n_8754466855,St Vincent De Paul Catholic church,worship,Worship,B,unclaimed,Unclaimed area,unclaimed,30,6.4123612,7.4947242,,,,
n_8754467537,Ochiri Plaza,civic,Civic,B,emene,Emene,playable_faction,30,6.464946,7.5403243,,,,
n_8754467538,New Haven Extension,civic,Civic,B,emene,Emene,playable_faction,30,6.4637864,7.5443637,,,,
n_8754467570,Timber Maryland,civic,Civic,B,uwani,Uwani,unclaimed,36,6.4139374,7.5029144,,,,
n_8754472384,Court of appeal Enugu,civic,Civic,B,independence_layout,Independence Layout,playable_faction,30,6.4398783,7.5223903,,,,
n_8754472593,Apostolic faith church,worship,Worship,B,independence_layout,Independence Layout,playable_faction,25,6.439502,7.5132896,,,,
n_8754472671,Liberty estate phase 2,worship,Worship,B,independence_layout,Independence Layout,playable_faction,25,6.4343381,7.5237236,,,,
n_8754473353,ministry of transport,worship,Worship,B,independence_layout,Independence Layout,playable_faction,25,6.435947,7.5196138,,,,
n_8754473551,Heliu Estate Enugu,civic,Civic,B,unclaimed,Unclaimed area,unclaimed,36,6.4064842,7.5293455,,,,
n_8754473552,Abacha special zik avenue,food,Food,B,unclaimed,Unclaimed area,unclaimed,48,6.4329789,7.4965821,,,,
n_8754474363,Unity Park,park,Park,B,independence_layout,Independence Layout,playable_faction,20,6.441447849999999,7.5215972,,,,
n_8754474450,Vita gracia estate,civic,Civic,B,independence_layout,Independence Layout,playable_faction,30,6.4430779,7.5309042,,,,
n_8754475866,Brown and Brown Center,civic,Civic,B,independence_layout,Independence Layout,playable_faction,30,6.4452245,7.5292102,,,,
n_8754476425,Maryland secondary school,school,School,B,independence_layout,Independence Layout,playable_faction,20,6.4141038,7.5128511,,,,
n_8754479084,celebrities,civic,Civic,B,unclaimed,Unclaimed area,unclaimed,36,6.4562443,7.4926299,,,,
n_8754480805,Top Rank Hotel,hotel,Hotel,B,independence_layout,Independence Layout,playable_faction,30,6.4311882,7.5194315,,,,
n_8754480806,Maria Rosa Mystica Parish,worship,Worship,B,independence_layout,Independence Layout,playable_faction,25,6.4268268,7.5316665,,,,
n_8754481308,All saints church GRA Enugu,worship,Worship,B,thinkers_corner,Thinkers Corner,unclaimed,30,6.464712,7.5256021,,,,
n_8754484790,"Fire Service, Ogui Road",civic,Civic,B,new_haven,New Haven,unclaimed,36,6.4583145,7.5098206,,,,
n_8754486084,Enugu State House of Assembly,civic,Civic,B,independence_layout,Independence Layout,playable_faction,30,6.4362182,7.5168142,,,,
n_8754486210,Kilimanjaro restaurant and Bar,food,Food,B,independence_layout,Independence Layout,playable_faction,40,6.4378288,7.514866,,,,
n_8754486555,Enugu state high court,civic,Civic,B,independence_layout,Independence Layout,playable_faction,30,6.4361353,7.5185708,,,,
n_8754488903,MTN Office Zik Avenue,civic,Civic,B,unclaimed,Unclaimed area,unclaimed,36,6.4322178,7.4944601,,,,
n_8754489639,Eden crest hotel,hotel,Hotel,B,unclaimed,Unclaimed area,unclaimed,36,6.4600219,7.5010498,,,,
n_8754489829,Octopus,civic,Civic,B,independence_layout,Independence Layout,playable_faction,30,6.452914,7.5301773,,,,
n_8754490471,Voodoo lounge,food,Food,B,unclaimed,Unclaimed area,unclaimed,48,6.4659889,7.4941831,,,,
n_8754490472,trade fair complex,civic,Civic,B,unclaimed,Unclaimed area,unclaimed,36,6.4654257,7.4972623,,,,
n_8754490616,Genesis restaurant zik avenue,food,Food,B,unclaimed,Unclaimed area,unclaimed,48,6.4357716,7.4803746,,,,
n_8754496460,Abakpa Market,market,Market,B,unclaimed,Unclaimed area,unclaimed,60,6.4821283,7.5160936,,,,
w_1433362624,Abakpa Market,market,Market,B,unclaimed,Unclaimed area,unclaimed,60,6.4834721,7.5162545,,,,
n_9234146448,Cubana club & Bar,food,Food,B,independence_layout,Independence Layout,playable_faction,40,6.4454276,7.5151507,,,,
n_9644326190,UNEC Stadium,pitch,Pitch,B,independence_layout,Independence Layout,playable_faction,35,6.4267831,7.497786,,,,
n_9646966180,Hilton Park & Resort Ltd.,hotel,Hotel,B,unclaimed,Unclaimed area,unclaimed,36,6.5063918,7.5100747,,,,
n_9800726601,Vivid Reflections (Nig) Ltd.,shop,Shop,B,new_haven,New Haven,unclaimed,42,6.4590514,7.5319442,,,,
n_10581904941,lambi,food,Food,B,unclaimed,Unclaimed area,unclaimed,48,6.4149041,7.4818256,,,,
n_10581904942,drinks by lambi,food,Food,B,unclaimed,Unclaimed area,unclaimed,48,6.4150197,7.4827251,,,,
n_10746300705,Nondon,hotel,Hotel,B,new_haven,New Haven,unclaimed,36,6.4600934,7.527128,,,,
n_10922038202,Simple Aim Paza,shop,Shop,B,unclaimed,Unclaimed area,unclaimed,42,6.4668142,7.5980978,,,,
n_10922040383,Sochi Petroleum,fuel,Fuel station,B,unclaimed,Unclaimed area,unclaimed,24,6.464835,7.592959,,,,
n_10922065147,Akpouga Nike Market,market,Market,B,unclaimed,Unclaimed area,unclaimed,60,6.4681336,7.6023965,,,,
n_11396389530,PPM,worship,Worship,B,unclaimed,Unclaimed area,unclaimed,30,6.4416205,7.5023539,,,,
n_11396393143,Coal City Plaza,shop,Shop,B,ogui,Ogui,unclaimed,42,6.4358114,7.4919994,,,,
n_11396399055,N-C-Angus,fuel,Fuel station,B,unclaimed,Unclaimed area,unclaimed,24,6.4419515,7.5018341,,,,
n_11396426694,Ogui Police Station,civic,Civic,B,ogui,Ogui,unclaimed,36,6.4417471,7.4952698,,,,
n_11397559832,UNEC,school,School,B,independence_layout,Independence Layout,playable_faction,20,6.4246001,7.505567,,,,
n_11579054269,OFFRS QTRS 2,hotel,Hotel,B,unclaimed,Unclaimed area,unclaimed,36,6.4656674,7.5094127,,,,
n_12747920823,Comms,shop,Shop,B,emene,Emene,playable_faction,35,6.4685466,7.558672,,,,
n_12964360180,UNEC Lion Statue,landmark,Landmark,B,independence_layout,Independence Layout,playable_faction,50,6.4285659,7.4983413,,,,
n_13170584597,New Artisan,market,Market,B,unclaimed,Unclaimed area,unclaimed,60,6.4526825,7.5417218,,,,
n_13170601823,Nowas,transit,Transit,B,unclaimed,Unclaimed area,unclaimed,18,6.4821936,7.501208,,,,
n_13170601824,Nowas Filling Station,fuel,Fuel station,B,unclaimed,Unclaimed area,unclaimed,24,6.4823649,7.5013108,,,,
n_13171248093,Liberty,transit,Transit,B,abakpa,Abakpa,playable_faction,15,6.485638,7.5163017,,,,
n_13171248096,Fire Service,transit,Transit,B,new_haven,New Haven,unclaimed,18,6.4588547,7.5097563,,,,
n_13171397012,Shoprite Mall,mall,Mall,B,unclaimed,Unclaimed area,unclaimed,54,6.4599176,7.4962077,,,,
n_13173782553,Ugbo-Ezeji,transit,Transit,B,abakpa,Abakpa,playable_faction,15,6.4830484,7.5307468,,,,
n_13173782554,Ifo Field,transit,Transit,B,abakpa,Abakpa,playable_faction,15,6.4817629,7.5378124,,,,
n_13175470646,Umuchigbo Secondary School,school,School,B,unclaimed,Unclaimed area,unclaimed,24,6.4955251,7.5329412,,,,
n_13696036519,Bon Hotel Platinum,hotel,Hotel,B,independence_layout,Independence Layout,playable_faction,30,6.4388958,7.5149651,,,,
n_13959213369,Jombo's Kitchen,food,Food,B,thinkers_corner,Thinkers Corner,unclaimed,48,6.467189,7.522927,,,,
n_14104703978,ICC Hotel,hotel,Hotel,B,independence_layout,Independence Layout,playable_faction,30,6.4404414,7.5167934,,,,
w_518124114,Polo Park Mall,mall,Mall,B,unclaimed,Unclaimed area,unclaimed,54,6.4601783,7.4959705,,,,
w_545122836,"Love Garden ,UNEC",park,Park,B,independence_layout,Independence Layout,playable_faction,20,6.4245828,7.5055689,,,,
w_572378769,Kingdom Hall of Jehovah,worship,Worship,B,unclaimed,Unclaimed area,unclaimed,30,6.4301294,7.4975164,,,,
w_608710538,ST MULUMBUS CATHOLIC CHURCH UNEC,worship,Worship,B,independence_layout,Independence Layout,playable_faction,25,6.4286324,7.5065681,,,,
w_608930869,Jopal Inn,food,Food,B,independence_layout,Independence Layout,playable_faction,40,6.4273032,7.5076473,,,,
w_608962705,UNEC Lawn,pitch,Pitch,B,independence_layout,Independence Layout,playable_faction,35,6.4261578,7.5040736,,,,
w_608964574,UNEC VOLLEYBALL FIELD,pitch,Pitch,B,independence_layout,Independence Layout,playable_faction,35,6.4264807,7.5042925,,,,
w_608971723,EATERY,food,Food,B,independence_layout,Independence Layout,playable_faction,40,6.4267228,7.5096638,,,,
w_617584126,Nnamdi Azikiwe Stadium,pitch,Pitch,B,ogui,Ogui,unclaimed,42,6.4442601,7.4964734,,,,en:Nnamdi Azikiwe Stadium
w_629619668,First Baptist Church,worship,Worship,B,uwani,Uwani,unclaimed,30,6.4211061,7.4923559,,,,
w_629619669,Baptist Church Office,worship,Worship,B,uwani,Uwani,unclaimed,30,6.4209297,7.4925064,,,,
w_630038813,Wesley Cathedral,worship,Worship,B,uwani,Uwani,unclaimed,30,6.4225292,7.4940956,,,,
w_630039653,SCRIPTURE UNION ENUGU REGIONAL HOUSE,worship,Worship,B,unclaimed,Unclaimed area,unclaimed,30,6.4161638,7.4919022,,,,
w_630041284,Holy Trinity Church,worship,Worship,B,uwani,Uwani,unclaimed,30,6.4020704,7.4954456,,,,
w_632445154,Emmanuel Anglican Church,worship,Worship,B,uwani,Uwani,unclaimed,30,6.418105,7.4956647,,,,
w_632536974,SACRED HEART CATHOLIC CHURCH,worship,Worship,B,uwani,Uwani,unclaimed,30,6.4222138,7.4876841,,,,
w_640143543,Enugu City Golf Course,pitch,Pitch,B,unclaimed,Unclaimed area,unclaimed,42,6.4613373,7.4853386,,,,
w_642146597,Chapel Of Redemption UNEC,worship,Worship,B,independence_layout,Independence Layout,playable_faction,25,6.4251035,7.5031241,,,,
w_642228554,UBA Bank,bank,Bank,B,independence_layout,Independence Layout,playable_faction,0,6.4255783,7.5021397,,,,
w_710750867,Rivonia pool,pitch,Pitch,B,independence_layout,Independence Layout,playable_faction,35,6.4316917,7.5244697,,,,
w_760014544,Railway Line Ogbete Market,market,Market,B,ogbete,Ogbete,prize_zone,75,6.4351947,7.4852329,,,,
w_770851671,manuwa bus sop,transit,Transit,B,independence_layout,Independence Layout,playable_faction,15,6.425058,7.5076468,,,,
w_791453166,Abakpa Nike Health Centre,hospital,Hospital,B,unclaimed,Unclaimed area,unclaimed,24,6.4796201,7.5159044,https://enugupoi.appspot.com/view/binaryData?blobKey=build_POI-Picture-Form_1374250655%5B%40version%3Dnull+and+%40uiVersion%3Dnull%5D%2Fdata%5B%40key%3Duuid%3A3e0e7db0-e508-44ba-8243-a5ea7584f69d%5D%2FPOI_Picture1,,,
w_791453168,Alpha Specialist Hospital,hospital,Hospital,B,trans_ekulu,Trans-Ekulu,unclaimed,24,6.4790177,7.494263,https://enugupoi.appspot.com/view/binaryData?blobKey=build_POI-Picture-Form_1374250655%5B%40version%3Dnull+and+%40uiVersion%3Dnull%5D%2Fdata%5B%40key%3Duuid%3Ac4842737-aac3-4540-8c1d-12b86d83d7b7%5D%2FPOI_Picture1,,,
w_791453169,St Gabriel's Specialist Hospital,hospital,Hospital,B,trans_ekulu,Trans-Ekulu,unclaimed,24,6.4785291,7.4938352,https://enugupoi.appspot.com/view/binaryData?blobKey=build_POI-Picture-Form_1374250655%5B%40version%3Dnull+and+%40uiVersion%3Dnull%5D%2Fdata%5B%40key%3Duuid%3A62f2e696-c503-48cc-ba41-7063c8708f43%5D%2FPOI_Picture1,,,
w_791453181,Colliery Hospital,hospital,Hospital,B,unclaimed,Unclaimed area,unclaimed,24,6.4493196,7.477465,https://enugupoi.appspot.com/view/binaryData?blobKey=build_POI-Picture-Form_1374250655%5B%40version%3Dnull+and+%40uiVersion%3Dnull%5D%2Fdata%5B%40key%3Duuid%3A609ddcba-5366-425a-b4b0-67fb07c0b122%5D%2FPOI_Picture1,,,
w_791453184,Enugu State Medical Diagnostic Centre,hospital,Hospital,B,unclaimed,Unclaimed area,unclaimed,24,6.4553839,7.4954882,https://enugupoi.appspot.com/view/binaryData?blobKey=build_POI-Picture-Form_1374250655%5B%40version%3Dnull+and+%40uiVersion%3Dnull%5D%2Fdata%5B%40key%3Duuid%3Ab3cbf237-b2e2-4032-aaf9-ccb12df98f08%5D%2FPOI_Picture1,,,
w_791453186,Health Solutions Specialist Hospital,hospital,Hospital,B,trans_ekulu,Trans-Ekulu,unclaimed,24,6.4768291,7.4904267,,,,
w_791453192,Mbanefo Hospital,hospital,Hospital,B,trans_ekulu,Trans-Ekulu,unclaimed,24,6.4730611,7.5046212,https://enugupoi.appspot.com/view/binaryData?blobKey=build_POI-Picture-Form_1374250655%5B%40version%3Dnull+and+%40uiVersion%3Dnull%5D%2Fdata%5B%40key%3Duuid%3A75d0d832-d57d-4e9b-9f26-43fe406a88a8%5D%2FPOI_Picture1,,,
w_791453196,Obu Amarachukwu Emmanuel Hospital & Maternity,hospital,Hospital,B,unclaimed,Unclaimed area,unclaimed,24,6.4824966,7.5091291,https://enugupoi.appspot.com/view/binaryData?blobKey=build_POI-Picture-Form_1374250655%5B%40version%3Dnull+and+%40uiVersion%3Dnull%5D%2Fdata%5B%40key%3Duuid%3A6a62b567-afe0-4edb-8690-d85ba611094d%5D%2FPOI_Picture1,,,
w_791724801,Rail Way Hospital,hospital,Hospital,B,unclaimed,Unclaimed area,unclaimed,24,6.4479242,7.4962003,https://enugupoi.appspot.com/view/binaryData?blobKey=build_POI-Picture-Form_1374250655%5B%40version%3Dnull+and+%40uiVersion%3Dnull%5D%2Fdata%5B%40key%3Duuid%3A20d89ad7-ad8f-46dd-bf53-427b9a876204%5D%2FPOI_Picture1,,,
w_791724805,Gerald Hospital,hospital,Hospital,B,independence_layout,Independence Layout,playable_faction,20,6.4145041,7.5093793,,,,
w_791724808,German Leprosy & Tb Relief Association,hospital,Hospital,B,independence_layout,Independence Layout,playable_faction,20,6.4272064,7.5175267,,,,
w_792054610,Ogui Nike Health Center,hospital,Hospital,B,unclaimed,Unclaimed area,unclaimed,24,6.4334422,7.5014753,,,,
w_792054615,Niger Foundation Hospital &Diagnostic Center,hospital,Hospital,B,independence_layout,Independence Layout,playable_faction,20,6.4430439,7.5135802,,,,
w_792054618,Neo Hospital,hospital,Hospital,B,independence_layout,Independence Layout,playable_faction,20,6.4513143,7.5238781,,,,
w_796944669,"Mammography Unit, Enugu State University Teaching Hospital",school,School,B,unclaimed,Unclaimed area,unclaimed,24,6.4630116,7.4939925,https://enugupoi.appspot.com/view/binaryData?blobKey=build_POI-Picture-Form_1374250655%5B%40version%3Dnull+and+%40uiVersion%3Dnull%5D%2Fdata%5B%40key%3Duuid%3A5ee43b83-37ba-4e60-91dd-781a7018156a%5D%2FPOI_Picture1,,,
w_796948506,"Physiotherapy Dept, Enugu State University Teaching Hospital",school,School,B,unclaimed,Unclaimed area,unclaimed,24,6.4613514,7.4940193,https://enugupoi.appspot.com/view/binaryData?blobKey=build_POI-Picture-Form_1374250655%5B%40version%3Dnull+and+%40uiVersion%3Dnull%5D%2Fdata%5B%40key%3Duuid%3A3ee51818-39b2-4d27-92fb-3715bdcd8617%5D%2FPOI_Picture1,,,
w_796949850,"Surgical Ward, Enugu State University Teaching Hospital",school,School,B,unclaimed,Unclaimed area,unclaimed,24,6.4618337,7.4944456,https://enugupoi.appspot.com/view/binaryData?blobKey=build_POI-Picture-Form_1374250655%5B%40version%3Dnull+and+%40uiVersion%3Dnull%5D%2Fdata%5B%40key%3Duuid%3A30836dc6-6349-4512-b108-0321f053c704%5D%2FPOI_Picture1,,,
w_796952567,"Theatre, Enugu State University Teaching Hospital",school,School,B,unclaimed,Unclaimed area,unclaimed,24,6.4623226,7.4941349,https://enugupoi.appspot.com/view/binaryData?blobKey=build_POI-Picture-Form_1374250655%5B%40version%3Dnull+and+%40uiVersion%3Dnull%5D%2Fdata%5B%40key%3Duuid%3Acc78e7b9-d2ed-45cf-9ded-43a16fe716f3%5D%2FPOI_Picture1,,,
w_796954147,"Radiology Dept, Enugu State University Teaching Hospital",school,School,B,unclaimed,Unclaimed area,unclaimed,24,6.4630715,7.4942825,https://enugupoi.appspot.com/view/binaryData?blobKey=build_POI-Picture-Form_1374250655%5B%40version%3Dnull+and+%40uiVersion%3Dnull%5D%2Fdata%5B%40key%3Duuid%3Ae72bca12-8d7a-4f2b-9a0e-971f9592477c%5D%2FPOI_Picture1,,,
w_796958283,ESUT College of Medicine Enugu,school,School,B,unclaimed,Unclaimed area,unclaimed,24,6.4623007,7.4947013,https://enugupoi.appspot.com/view/binaryData?blobKey=build_POI-Picture-Form_1374250655%5B%40version%3Dnull+and+%40uiVersion%3Dnull%5D%2Fdata%5B%40key%3Duuid%3A22cd6bc8-b546-4a96-b47d-4cf783997d8f%5D%2FPOI_Picture1,,,
w_819142900,Piccola Opera Specialist Hospital,hospital,Hospital,B,unclaimed,Unclaimed area,unclaimed,24,6.4484249,7.4847156,https://enugupoi.appspot.com/view/binaryData?blobKey=build_POI-Picture-Form_1374250655%5B%40version%3Dnull+and+%40uiVersion%3Dnull%5D%2Fdata%5B%40key%3Duuid%3A3e8f5e85-7ef0-487e-9913-65710f729dd9%5D%2FPOI_Picture1,,,
w_923599834,Albertina Electronics Nigeria Ltd,shop,Shop,B,unclaimed,Unclaimed area,unclaimed,42,6.435354,7.4942988,,,,
w_945532713,pool,pitch,Pitch,B,new_haven,New Haven,unclaimed,42,6.4607298,7.5328051,,,,
w_945534816,New Hacen Synagogue God's Sabbath Mission,worship,Worship,B,new_haven,New Haven,unclaimed,30,6.4566041,7.5308047,,,,
w_1046819673,"Christ the King, Parish",worship,Worship,B,unclaimed,Unclaimed area,unclaimed,30,6.4639631,7.4938127,,,,
w_1062909973,Lion Statue,landmark,Landmark,B,independence_layout,Independence Layout,playable_faction,50,6.4413561,7.5214302,,,,
w_1065179280,national orthpaedic hospital,hospital,Hospital,B,thinkers_corner,Thinkers Corner,unclaimed,24,6.4656487,7.522714,,,,
w_1065970064,XX Arena and Lounge,food,Food,B,independence_layout,Independence Layout,playable_faction,40,6.4161517,7.5217164,,,,
w_1065980014,Ilo Travelers Lodge Hotel,hotel,Hotel,B,uwani,Uwani,unclaimed,36,6.4183974,7.4942652,https://enugupoi.appspot.com/view/binaryData?blobKey=build_POI-Picture-Form_1374250655%5B%40version%3Dnull+and+%40uiVersion%3Dnull%5D%2Fdata%5B%40key%3Duuid%3Ad6e55c18-4812-4edc-9cd5-bc3cc3c0f69e%5D%2FPOI_Picture1,,,
w_1066222371,National Orientation Agency,civic,Civic,B,independence_layout,Independence Layout,playable_faction,30,6.4483122,7.5141742,,,,
w_1067483764,Bona Pharmacy,pharmacy,Pharmacy,B,new_haven,New Haven,unclaimed,36,6.4566304,7.5319067,,,,
w_1068252743,lambi inn,hotel,Hotel,B,unclaimed,Unclaimed area,unclaimed,36,6.4153327,7.4828473,,,,
w_1070485961,Cekon,fuel,Fuel station,B,unclaimed,Unclaimed area,unclaimed,24,6.4605851,7.4771527,,,,
w_1074567669,Medical Center,hospital,Hospital,B,independence_layout,Independence Layout,playable_faction,20,6.424096,7.5068905,,,,
w_1088769079,Gold Value Hotel,hotel,Hotel,B,new_haven,New Haven,unclaimed,36,6.4575763,7.5329053,,,,
w_1125508400,Mariere Bus Stop,transit,Transit,B,independence_layout,Independence Layout,playable_faction,15,6.425665,7.5069221,,,,
w_1125966284,IJ AIRPORT,park,Park,B,independence_layout,Independence Layout,playable_faction,20,6.4252335,7.5081946,,,,
w_1135169946,lambi's park- attatched to cafe,park,Park,B,unclaimed,Unclaimed area,unclaimed,24,6.4151175,7.481884,,,,
w_1135169952,lambi church,worship,Worship,B,unclaimed,Unclaimed area,unclaimed,30,6.4153993,7.4823474,,,,
w_1135169961,lambi town,hospital,Hospital,B,unclaimed,Unclaimed area,unclaimed,24,6.4149826,7.4823889,,,,
w_1135552236,Ifenzi Beauty Salon,shop,Shop,B,unclaimed,Unclaimed area,unclaimed,42,6.4663188,7.4977946,,,,
w_1144816529,Kilimanjaro,food,Food,B,uwani,Uwani,unclaimed,48,6.4137905,7.4955124,https://lh3.googleusercontent.com/p/AF1QipPNbG3x96hNdYsAhLNHJ6miIMdzfBV0D7L4S1Bh=s680-w680-h510,,,
w_1167573499,Enugu's National Museum of Unity,landmark,Landmark,B,unclaimed,Unclaimed area,unclaimed,60,6.461786,7.5088215,,,,
w_1201729313,The Lord's Vineyard School,worship,Worship,B,emene,Emene,playable_faction,25,6.4663025,7.5523628,,,,
w_1253882142,Church of Christ Emene,worship,Worship,B,emene,Emene,playable_faction,25,6.4662832,7.5541476,,,,
w_1298057640,Old Park,park,Park,B,unclaimed,Unclaimed area,unclaimed,24,6.4389959,7.4826722,,,,
w_1421633153,Institute of Management and Technology (IMT),school,School,B,independence_layout,Independence Layout,playable_faction,20,6.4300108,7.5134,,,,
w_1432944363,New Kenyatta,market,Market,B,unclaimed,Unclaimed area,unclaimed,60,6.4264197,7.539666,,,,
w_1437148223,Enugu Smart School,school,School,B,unclaimed,Unclaimed area,unclaimed,24,6.4414541,7.5659032,,,,
n_4639427993,Unnamed landmark,landmark,Landmark,C,unclaimed,Unclaimed area,unclaimed,42,6.4092795,7.4777513,,,,
n_4691776024,Unnamed hotel,hotel,Hotel,C,unclaimed,Unclaimed area,unclaimed,25,6.4695932,7.5067451,,,,
n_8752872167,Unnamed atm,atm,ATM,C,ogui,Ogui,unclaimed,0,6.459198,7.5095095,,,,
n_8753041953,Unnamed worship,worship,Worship,C,new_haven,New Haven,unclaimed,21,6.4573968,7.514513,,,,
n_10745651305,Unnamed fuel,fuel,Fuel station,C,unclaimed,Unclaimed area,unclaimed,17,6.4690484,7.6039045,,,,
w_548721927,Unnamed pitch,pitch,Pitch,C,independence_layout,Independence Layout,playable_faction,24,6.4268107,7.497898,,,,
w_563538365,Unnamed pitch,pitch,Pitch,C,independence_layout,Independence Layout,playable_faction,24,6.4268241,7.4979968,,,,
w_611742293,Unnamed pitch,pitch,Pitch,C,ogui,Ogui,unclaimed,29,6.4442699,7.4964921,,,,
w_670561960,Unnamed pitch,pitch,Pitch,C,independence_layout,Independence Layout,playable_faction,24,6.4384015,7.5101713,,,,
w_760009591,Unnamed civic_unknown,civic_unknown,Unidentified building,D,emene,Emene,playable_faction,8,6.4723742,7.5684884,,,,
w_760014545,Unnamed worship,worship,Worship,C,unclaimed,Unclaimed area,unclaimed,21,6.4359974,7.487934,,,,
w_781797321,Unnamed worship,worship,Worship,C,unclaimed,Unclaimed area,unclaimed,21,6.4163205,7.4937765,,,,
w_788701669,Unnamed worship,worship,Worship,C,trans_ekulu,Trans-Ekulu,unclaimed,21,6.4808258,7.4963942,,,,
w_788701670,Unnamed worship,worship,Worship,C,trans_ekulu,Trans-Ekulu,unclaimed,21,6.4828102,7.4972282,,,,
w_788701671,Unnamed worship,worship,Worship,C,trans_ekulu,Trans-Ekulu,unclaimed,21,6.4830586,7.4971158,,,,
w_791724807,Unnamed hospital,hospital,Hospital,C,uwani,Uwani,unclaimed,17,6.4242287,7.4873751,,,,
w_863411984,Unnamed fuel,fuel,Fuel station,C,unclaimed,Unclaimed area,unclaimed,17,6.4710636,7.5954849,,,,
w_923600507,Unnamed bank,bank,Bank,C,unclaimed,Unclaimed area,unclaimed,0,6.4346529,7.4942085,,,,
w_923613854,Unnamed bank,bank,Bank,C,unclaimed,Unclaimed area,unclaimed,0,6.4343188,7.4941544,,,,
w_926783626,Unnamed worship,worship,Worship,C,unclaimed,Unclaimed area,unclaimed,21,6.4398052,7.5056255,,,,
w_1047450308,Unnamed pitch,pitch,Pitch,C,independence_layout,Independence Layout,playable_faction,24,6.4373675,7.5260517,,,,
w_1059375680,Unnamed civic_unknown,civic_unknown,Unidentified building,D,ogui,Ogui,unclaimed,10,6.4414686,7.4940825,,,,
w_1062909995,Unnamed landmark,landmark,Landmark,C,independence_layout,Independence Layout,playable_faction,35,6.4429255,7.5200248,,,,
w_1068626405,Unnamed pitch,pitch,Pitch,C,independence_layout,Independence Layout,playable_faction,24,6.4315817,7.5189724,,,,
w_1070795457,Unnamed school,school,School,C,independence_layout,Independence Layout,playable_faction,14,6.4287933,7.5021276,,,,
w_1080345955,Unnamed park,park,Park,C,unclaimed,Unclaimed area,unclaimed,17,6.442178,7.5044544,,,,
w_1080345961,Unnamed park,park,Park,C,unclaimed,Unclaimed area,unclaimed,17,6.4412282,7.5033151,,,,
w_1080345962,Unnamed park,park,Park,C,unclaimed,Unclaimed area,unclaimed,17,6.4412508,7.5036557,,,,
w_1080375602,Unnamed park,park,Park,C,unclaimed,Unclaimed area,unclaimed,17,6.4071508,7.487824,,,,
w_1080375610,Unnamed park,park,Park,C,unclaimed,Unclaimed area,unclaimed,17,6.4070114,7.4866163,,,,
w_1080375613,Unnamed park,park,Park,C,unclaimed,Unclaimed area,unclaimed,17,6.4090928,7.4929187,,,,
w_1080375614,Unnamed park,park,Park,C,unclaimed,Unclaimed area,unclaimed,17,6.4102086,7.4930599,,,,
w_1080375615,Unnamed park,park,Park,C,unclaimed,Unclaimed area,unclaimed,17,6.408721,7.492368,,,,
w_1080375617,Unnamed park,park,Park,C,unclaimed,Unclaimed area,unclaimed,17,6.4078019,7.4923465,,,,
w_1080375618,Unnamed park,park,Park,C,unclaimed,Unclaimed area,unclaimed,17,6.4087922,7.4917952,,,,
w_1080375622,Unnamed park,park,Park,C,unclaimed,Unclaimed area,unclaimed,17,6.4147437,7.4883503,,,,
w_1080375623,Unnamed park,park,Park,C,unclaimed,Unclaimed area,unclaimed,17,6.407635,7.4875572,,,,
w_1080375624,Unnamed park,park,Park,C,unclaimed,Unclaimed area,unclaimed,17,6.4080844,7.4868547,,,,
w_1080375625,Unnamed park,park,Park,C,unclaimed,Unclaimed area,unclaimed,17,6.4076045,7.4866835,,,,
w_1080375627,Unnamed park,park,Park,C,unclaimed,Unclaimed area,unclaimed,17,6.4077992,7.485962,,,,
w_1085760254,Unnamed pitch,pitch,Pitch,C,uwani,Uwani,unclaimed,29,6.4002076,7.4949435,,,,
w_1085760255,Unnamed pitch,pitch,Pitch,C,uwani,Uwani,unclaimed,29,6.4037798,7.496654,,,,
w_1125966360,Unnamed pitch,pitch,Pitch,C,independence_layout,Independence Layout,playable_faction,24,6.4257426,7.4994924,,,,
w_1125966383,Unnamed park,park,Park,C,independence_layout,Independence Layout,playable_faction,14,6.4265985,7.5043843,,,,
w_1125966384,Unnamed pitch,pitch,Pitch,C,independence_layout,Independence Layout,playable_faction,24,6.4262974,7.5039061,,,,
w_1135169947,Unnamed park,park,Park,C,unclaimed,Unclaimed area,unclaimed,17,6.415404,7.4819781,,,,
w_1135169954,Unnamed park,park,Park,C,unclaimed,Unclaimed area,unclaimed,17,6.4152219,7.4823397,,,,
w_1135169955,Unnamed park,park,Park,C,unclaimed,Unclaimed area,unclaimed,17,6.4153772,7.4824727,,,,
w_1206115340,Unnamed worship,worship,Worship,C,new_haven,New Haven,unclaimed,21,6.4576495,7.5347646,,,,
w_1313721818,Unnamed pitch,pitch,Pitch,C,new_haven,New Haven,unclaimed,29,6.4575042,7.525401,,,,
w_1313721819,Unnamed pitch,pitch,Pitch,C,ogui,Ogui,unclaimed,29,6.451118,7.5063851,,,,
w_1313722097,Unnamed pitch,pitch,Pitch,C,ogui,Ogui,unclaimed,29,6.4471961,7.5030057,,,,
w_1313722098,Unnamed pitch,pitch,Pitch,C,ogui,Ogui,unclaimed,29,6.4423002,7.499236,,,,
w_1313722099,Unnamed pitch,pitch,Pitch,C,unclaimed,Unclaimed area,unclaimed,29,6.4347552,7.4977053,,,,
w_1313722890,Unnamed pitch,pitch,Pitch,C,unclaimed,Unclaimed area,unclaimed,29,6.4269988,7.4954287,,,,
w_1313722891,Unnamed pitch,pitch,Pitch,C,uwani,Uwani,unclaimed,29,6.4233009,7.4952634,,,,
w_1313722892,Unnamed pitch,pitch,Pitch,C,uwani,Uwani,unclaimed,29,6.4228271,7.4943953,,,,
w_1313722893,Unnamed pitch,pitch,Pitch,C,unclaimed,Unclaimed area,unclaimed,29,6.3918229,7.5021373,,,,
w_1433361578,Unnamed school,school,School,C,emene,Emene,playable_faction,14,6.5046219,7.5688679,,,,
w_1433494785,Unnamed landmark,landmark,Landmark,C,independence_layout,Independence Layout,playable_faction,35,6.4391807,7.5182405,,,,
