{"type":"FeatureCollection","name":"lvfe-places","features":[{"type":"Feature","id":"n_2455132992","properties":{"id":"n_2455132992","name":"AMC Citibank","catalog_type":"bank","quality":"B","claim_points":30,"territory_id":"unclaimed","territory_name":"Unclaimed area","territory_role":"unclaimed","image":"https://enugupoi.appspot.com/view/binaryData?blobKey=build_POI-Picture-Form_1374250655%5B%40version%3Dnull+and+%40uiVersion%3Dnull%5D%2Fdata%5B%40key%3Duuid%3A81629d08-c45e-4235-b576-c750823e8c6c%5D%2FPOI_Picture1"},"geometry":{"type":"Point","coordinates":[7.478504,6.449876]}},{"type":"Feature","id":"n_2455132994","properties":{"id":"n_2455132994","name":"Academy Of Leadership & Enterprise","catalog_type":"school","quality":"B","claim_points":24,"territory_id":"unclaimed","territory_name":"Unclaimed area","territory_role":"unclaimed","image":"https://enugupoi.appspot.com/view/binaryData?blobKey=build_POI-Picture-Form_1374250655%5B%40version%3Dnull+and+%40uiVersion%3Dnull%5D%2Fdata%5B%40key%3Duuid%3Abf51212a-9c70-41a3-951a-12b6ea845842%5D%2FPOI_Picture1"},"geometry":{"type":"Point","coordinates":[7.50298,6.465779]}},{"type":"Feature","id":"n_2455132995","properties":{"id":"n_2455132995","name":"Access Bank (ATM)","catalog_type":"atm","quality":"B","claim_points":10,"territory_id":"abakpa","territory_name":"Abakpa","territory_role":"playable_faction","image":"https://enugupoi.appspot.com/view/binaryData?blobKey=build_POI-Picture-Form_1374250655%5B%40version%3Dnull+and+%40uiVersion%3Dnull%5D%2Fdata%5B%40key%3Duuid%3A043a46e2-450a-4d57-8ff6-60a9a77eb3de%5D%2FPOI_Picture1"},"geometry":{"type":"Point","coordinates":[7.518541,6.481285]}},{"type":"Feature","id":"n_2455133695","properties":{"id":"n_2455133695","name":"Access Bank (ATM)","catalog_type":"atm","quality":"B","claim_points":10,"territory_id":"independence_layout","territory_name":"Independence Layout","territory_role":"playable_faction"},"geometry":{"type":"Point","coordinates":[7.520797,6.435608]}},{"type":"Feature","id":"w_1125508406","properties":{"id":"w_1125508406","name":"Access Bank ATM","catalog_type":"atm","quality":"B","claim_points":10,"territory_id":"independence_layout","territory_name":"Independence Layout","territory_role":"playable_faction"},"geometry":{"type":"Point","coordinates":[7.5077304,6.4250899]}},{"type":"Feature","id":"n_2455132996","properties":{"id":"n_2455132996","name":"Access Bank","catalog_type":"bank","quality":"B","claim_points":30,"territory_id":"unclaimed","territory_name":"Unclaimed area","territory_role":"unclaimed","image":"https://enugupoi.appspot.com/view/binaryData?blobKey=build_POI-Picture-Form_1374250655%5B%40version%3Dnull+and+%40uiVersion%3Dnull%5D%2Fdata%5B%40key%3Duuid%3Ab3fc3a31-dc22-43b0-8712-f1ae5ad461a2%5D%2FPOI_Picture1"},"geometry":{"type":"Point","coordinates":[7.494248,6.453484]}},{"type":"Feature","id":"n_2455133559","properties":{"id":"n_2455133559","name":"Access Bank","catalog_type":"bank","quality":"B","claim_points":25,"territory_id":"independence_layout","territory_name":"Independence Layout","territory_role":"playable_faction"},"geometry":{"type":"Point","coordinates":[7.504789,6.426813]}},{"type":"Feature","id":"n_2455133722","properties":{"id":"n_2455133722","name":"Access Bank","catalog_type":"bank","quality":"B","claim_points":30,"territory_id":"unclaimed","territory_name":"Unclaimed area","territory_role":"unclaimed"},"geometry":{"type":"Point","coordinates":[7.484623,6.438323]}},{"type":"Feature","id":"n_2460130808","properties":{"id":"n_2460130808","name":"Access Bank","catalog_type":"bank","quality":"B","claim_points":30,"territory_id":"ogui","territory_name":"Ogui","territory_role":"unclaimed","image":"https://enugupoi.appspot.com/view/binaryData?blobKey=build_POI-Picture-Form_1374250655%5B%40version%3Dnull+and+%40uiVersion%3Dnull%5D%2Fdata%5B%40key%3Duuid%3Ae7975571-7c4e-469f-aca7-fe6d93663644%5D%2FPOI_Picture1"},"geometry":{"type":"Point","coordinates":[7.4977628,6.4450935]}},{"type":"Feature","id":"n_2455132997","properties":{"id":"n_2455132997","name":"Administrative Building","catalog_type":"civic","quality":"B","claim_points":36,"territory_id":"unclaimed","territory_name":"Unclaimed area","territory_role":"unclaimed","image":"https://enugupoi.appspot.com/view/binaryData?blobKey=build_POI-Picture-Form_1374250655%5B%40version%3Dnull+and+%40uiVersion%3Dnull%5D%2Fdata%5B%40key%3Duuid%3A8e1533b2-17d4-4962-bfed-168533460823%5D%2FPOI_Picture1"},"geometry":{"type":"Point","coordinates":[7.500277,6.458846]}},{"type":"Feature","id":"n_2455132998","properties":{"id":"n_2455132998","name":"Agricultural Development Programme","catalog_type":"civic","quality":"B","claim_points":36,"territory_id":"unclaimed","territory_name":"Unclaimed area","territory_role":"unclaimed","image":"https://enugupoi.appspot.com/view/binaryData?blobKey=build_POI-Picture-Form_1374250655%5B%40version%3Dnull+and+%40uiVersion%3Dnull%5D%2Fdata%5B%40key%3Duuid%3Af9d609cb-78eb-4e58-b3b8-b62b2e146569%5D%2FPOI_Picture1"},"geometry":{"type":"Point","coordinates":[7.490728,6.445004]}},{"type":"Feature","id":"n_2455133001","properties":{"id":"n_2455133001","name":"Alfa Medical Center","catalog_type":"hospital","quality":"B","claim_points":24,"territory_id":"unclaimed","territory_name":"Unclaimed area","territory_role":"unclaimed","image":"https://enugupoi.appspot.com/view/binaryData?blobKey=build_POI-Picture-Form_1374250655%5B%40version%3Dnull+and+%40uiVersion%3Dnull%5D%2Fdata%5B%40key%3Duuid%3Ac9b08a9f-32d1-4f55-bdaf-58c2a0356efb%5D%2FPOI_Picture1"},"geometry":{"type":"Point","coordinates":[7.495643,6.464027]}},{"type":"Feature","id":"n_2455133002","properties":{"id":"n_2455133002","name":"All Saints Ekulu Nursery & Primary School","catalog_type":"school","quality":"B","claim_points":24,"territory_id":"unclaimed","territory_name":"Unclaimed area","territory_role":"unclaimed","image":"https://enugupoi.appspot.com/view/binaryData?blobKey=build_POI-Picture-Form_1374250655%5B%40version%3Dnull+and+%40uiVersion%3Dnull%5D%2Fdata%5B%40key%3Duuid%3A401ecff7-f86f-4501-a765-1e01adc5408d%5D%2FPOI_Picture1"},"geometry":{"type":"Point","coordinates":[7.484622,6.45407]}},{"type":"Feature","id":"n_2455133007","properties":{"id":"n_2455133007","name":"Bora Hotel","catalog_type":"hotel","quality":"B","claim_points":36,"territory_id":"unclaimed","territory_name":"Unclaimed area","territory_role":"unclaimed","image":"https://enugupoi.appspot.com/view/binaryData?blobKey=build_POI-Picture-Form_1374250655%5B%40version%3Dnull+and+%40uiVersion%3Dnull%5D%2Fdata%5B%40key%3Duuid%3A6826ced3-cc8d-4538-9a11-4b72a1bbc2dd%5D%2FPOI_Picture1"},"geometry":{"type":"Point","coordinates":[7.49051,6.453076]}},{"type":"Feature","id":"n_2455133008","properties":{"id":"n_2455133008","name":"Bridge Waters","catalog_type":"hotel","quality":"B","claim_points":36,"territory_id":"unclaimed","territory_name":"Unclaimed area","territory_role":"unclaimed","image":"https://enugupoi.appspot.com/view/binaryData?blobKey=build_POI-Picture-Form_1374250655%5B%40version%3Dnull+and+%40uiVersion%3Dnull%5D%2Fdata%5B%40key%3Duuid%3A1345a4b3-ea56-46f5-b0ad-8067909903ab%5D%2FPOI_Picture1"},"geometry":{"type":"Point","coordinates":[7.493207,6.451891]}},{"type":"Feature","id":"n_2455133009","properties":{"id":"n_2455133009","name":"Carlton Crown Guest House","catalog_type":"hotel","quality":"B","claim_points":30,"territory_id":"abakpa","territory_name":"Abakpa","territory_role":"playable_faction","image":"https://enugupoi.appspot.com/view/binaryData?blobKey=build_POI-Picture-Form_1374250655%5B%40version%3Dnull+and+%40uiVersion%3Dnull%5D%2Fdata%5B%40key%3Duuid%3Acb3efc43-ef26-4155-b5a9-d7a6c80bef4c%5D%2FPOI_Picture1"},"geometry":{"type":"Point","coordinates":[7.520712,6.483247]}},{"type":"Feature","id":"n_2455133012","properties":{"id":"n_2455133012","name":"Carmelite Prisoners Interest Organization","catalog_type":"civic","quality":"B","claim_points":36,"territory_id":"unclaimed","territory_name":"Unclaimed area","territory_role":"unclaimed","image":"https://enugupoi.appspot.com/view/binaryData?blobKey=build_POI-Picture-Form_1374250655%5B%40version%3Dnull+and+%40uiVersion%3Dnull%5D%2Fdata%5B%40key%3Duuid%3Ad22f7990-9a9c-43d5-8fd9-42853dc1efa1%5D%2FPOI_Picture1"},"geometry":{"type":"Point","coordinates":[7.502342,6.462338]}},{"type":"Feature","id":"n_2455133013","properties":{"id":"n_2455133013","name":"Carolina Specialist Clinic","catalog_type":"hospital","quality":"B","claim_points":24,"territory_id":"trans_ekulu","territory_name":"Trans-Ekulu","territory_role":"unclaimed","image":"https://enugupoi.appspot.com/view/binaryData?blobKey=build_POI-Picture-Form_1374250655%5B%40version%3Dnull+and+%40uiVersion%3Dnull%5D%2Fdata%5B%40key%3Duuid%3Abd111ecc-b207-4eac-8eda-f5fb859bc580%5D%2FPOI_Picture1"},"geometry":{"type":"Point","coordinates":[7.4920407,6.4823121]}},{"type":"Feature","id":"n_2455133014","properties":{"id":"n_2455133014","name":"Central Bank Of Nigeria (CBN)","catalog_type":"bank","quality":"B","claim_points":30,"territory_id":"unclaimed","territory_name":"Unclaimed area","territory_role":"unclaimed","image":"https://enugupoi.appspot.com/view/binaryData?blobKey=build_POI-Picture-Form_1374250655%5B%40version%3Dnull+and+%40uiVersion%3Dnull%5D%2Fdata%5B%40key%3Duuid%3A97c2d366-8768-4ad0-9bb8-3621988d9e25%5D%2FPOI_Picture1"},"geometry":{"type":"Point","coordinates":[7.491518,6.447598]}},{"type":"Feature","id":"n_2455133015","properties":{"id":"n_2455133015","name":"Chinwendu Clinic & Maternity","catalog_type":"hospital","quality":"B","claim_points":20,"territory_id":"abakpa","territory_name":"Abakpa","territory_role":"playable_faction","image":"https://enugupoi.appspot.com/view/binaryData?blobKey=build_POI-Picture-Form_1374250655%5B%40version%3Dnull+and+%40uiVersion%3Dnull%5D%2Fdata%5B%40key%3Duuid%3A421fa5cf-4102-4aab-a35f-5f6b0e5df234%5D%2FPOI_Picture1"},"geometry":{"type":"Point","coordinates":[7.519431,6.479913]}},{"type":"Feature","id":"n_2455133018","properties":{"id":"n_2455133018","name":"Cintia Gardens","catalog_type":"hotel","quality":"B","claim_points":36,"territory_id":"trans_ekulu","territory_name":"Trans-Ekulu","territory_role":"unclaimed","image":"https://enugupoi.appspot.com/view/binaryData?blobKey=build_POI-Picture-Form_1374250655%5B%40version%3Dnull+and+%40uiVersion%3Dnull%5D%2Fdata%5B%40key%3Duuid%3A8bb3a572-47b8-41f3-ac71-c152a778b3d2%5D%2FPOI_Picture1"},"geometry":{"type":"Point","coordinates":[7.488871,6.477091]}},{"type":"Feature","id":"n_2455133019","properties":{"id":"n_2455133019","name":"Cocci International Secondary School","catalog_type":"school","quality":"B","claim_points":24,"territory_id":"unclaimed","territory_name":"Unclaimed area","territory_role":"unclaimed","image":"https://enugupoi.appspot.com/view/binaryData?blobKey=build_POI-Picture-Form_1374250655%5B%40version%3Dnull+and+%40uiVersion%3Dnull%5D%2Fdata%5B%40key%3Duuid%3A3da400c5-d2bc-478a-b502-530da24518bb%5D%2FPOI_Picture1"},"geometry":{"type":"Point","coordinates":[7.51449,6.483071]}},{"type":"Feature","id":"n_2455133020","properties":{"id":"n_2455133020","name":"Collery guest house","catalog_type":"hotel","quality":"B","claim_points":36,"territory_id":"unclaimed","territory_name":"Unclaimed area","territory_role":"unclaimed","image":"https://enugupoi.appspot.com/view/binaryData?blobKey=build_POI-Picture-Form_1374250655%5B%40version%3Dnull+and+%40uiVersion%3Dnull%5D%2Fdata%5B%40key%3Duuid%3A14e692b4-c7fe-4029-8adf-5b34144ff63a%5D%2FPOI_Picture1"},"geometry":{"type":"Point","coordinates":[7.489179,6.446103]}},{"type":"Feature","id":"n_2455133023","properties":{"id":"n_2455133023","name":"Conference Hall Ministry","catalog_type":"civic","quality":"B","claim_points":36,"territory_id":"unclaimed","territory_name":"Unclaimed area","territory_role":"unclaimed","image":"https://enugupoi.appspot.com/view/binaryData?blobKey=build_POI-Picture-Form_1374250655%5B%40version%3Dnull+and+%40uiVersion%3Dnull%5D%2Fdata%5B%40key%3Duuid%3Aae5bb801-0afb-41c4-a734-15b869c76bb6%5D%2FPOI_Picture1"},"geometry":{"type":"Point","coordinates":[7.488362,6.444029]}},{"type":"Feature","id":"n_2455133024","properties":{"id":"n_2455133024","name":"Constituency Office Enugu East Urban","catalog_type":"civic","quality":"B","claim_points":36,"territory_id":"unclaimed","territory_name":"Unclaimed area","territory_role":"unclaimed"},"geometry":{"type":"Point","coordinates":[7.504173,6.481978]}},{"type":"Feature","id":"n_2455133025","properties":{"id":"n_2455133025","name":"Cunic Hotels Limited","catalog_type":"hotel","quality":"B","claim_points":36,"territory_id":"trans_ekulu","territory_name":"Trans-Ekulu","territory_role":"unclaimed","image":"https://enugupoi.appspot.com/view/binaryData?blobKey=build_POI-Picture-Form_1374250655%5B%40version%3Dnull+and+%40uiVersion%3Dnull%5D%2Fdata%5B%40key%3Duuid%3Afb2c7dd2-43a1-40ac-b40a-609da3571b7d%5D%2FPOI_Picture1"},"geometry":{"type":"Point","coordinates":[7.494123,6.478516]}},{"type":"Feature","id":"n_2455133027","properties":{"id":"n_2455133027","name":"Davala Suites","catalog_type":"hotel","quality":"B","claim_points":30,"territory_id":"independence_layout","territory_name":"Independence Layout","territory_role":"playable_faction","image":"https://enugupoi.appspot.com/view/binaryData?blobKey=build_POI-Picture-Form_1374250655%5B%40version%3Dnull+and+%40uiVersion%3Dnull%5D%2Fdata%5B%40key%3Duuid%3Aed159c3d-8235-4575-ac74-abf91a8fc362%5D%2FPOI_Picture1"},"geometry":{"type":"Point","coordinates":[7.510857,6.449539]}},{"type":"Feature","id":"n_2455133028","properties":{"id":"n_2455133028","name":"De Bloomindales","catalog_type":"hotel","quality":"B","claim_points":36,"territory_id":"trans_ekulu","territory_name":"Trans-Ekulu","territory_role":"unclaimed"},"geometry":{"type":"Point","coordinates":[7.489892,6.481992]}},{"type":"Feature","id":"n_2455133029","properties":{"id":"n_2455133029","name":"Deily Star","catalog_type":"civic","quality":"B","claim_points":36,"territory_id":"unclaimed","territory_name":"Unclaimed area","territory_role":"unclaimed","image":"https://enugupoi.appspot.com/view/binaryData?blobKey=build_POI-Picture-Form_1374250655%5B%40version%3Dnull+and+%40uiVersion%3Dnull%5D%2Fdata%5B%40key%3Duuid%3A3618a04f-ff6c-4c32-b369-586ad0bbdeca%5D%2FPOI_Picture1"},"geometry":{"type":"Point","coordinates":[7.482696,6.453444]}},{"type":"Feature","id":"n_2455133030","properties":{"id":"n_2455133030","name":"Diamond Plaza Hotel","catalog_type":"hotel","quality":"B","claim_points":36,"territory_id":"unclaimed","territory_name":"Unclaimed area","territory_role":"unclaimed","image":"https://enugupoi.appspot.com/view/binaryData?blobKey=build_POI-Picture-Form_1374250655%5B%40version%3Dnull+and+%40uiVersion%3Dnull%5D%2Fdata%5B%40key%3Duuid%3A79f92065-827d-4c59-940e-3728569951bd%5D%2FPOI_Picture1"},"geometry":{"type":"Point","coordinates":[7.495219,6.464778]}},{"type":"Feature","id":"n_2455133031","properties":{"id":"n_2455133031","name":"Dontell Suites","catalog_type":"hotel","quality":"B","claim_points":36,"territory_id":"unclaimed","territory_name":"Unclaimed area","territory_role":"unclaimed","image":"https://enugupoi.appspot.com/view/binaryData?blobKey=build_POI-Picture-Form_1374250655%5B%40version%3Dnull+and+%40uiVersion%3Dnull%5D%2Fdata%5B%40key%3Duuid%3A8f58fd8b-14b2-42f2-ae8e-6d6f3e4e0ccf%5D%2FPOI_Picture1"},"geometry":{"type":"Point","coordinates":[7.503919,6.47839]}},{"type":"Feature","id":"n_2455133032","properties":{"id":"n_2455133032","name":"E E. Mogor Consultancy Limited(A Division Of Ejimog Associates Ltd)","catalog_type":"civic","quality":"B","claim_points":36,"territory_id":"unclaimed","territory_name":"Unclaimed area","territory_role":"unclaimed","image":"https://enugupoi.appspot.com/view/binaryData?blobKey=build_POI-Picture-Form_1374250655%5B%40version%3Dnull+and+%40uiVersion%3Dnull%5D%2Fdata%5B%40key%3Duuid%3A597c67fa-8e3e-4348-9dcd-b2538c4ed3e6%5D%2FPOI_Picture1"},"geometry":{"type":"Point","coordinates":[7.516849,6.479899]}},{"type":"Feature","id":"n_2455133034","properties":{"id":"n_2455133034","name":"ESUT Medicine Student's Hostel","catalog_type":"school","quality":"B","claim_points":24,"territory_id":"unclaimed","territory_name":"Unclaimed area","territory_role":"unclaimed","image":"https://enugupoi.appspot.com/view/binaryData?blobKey=build_POI-Picture-Form_1374250655%5B%40version%3Dnull+and+%40uiVersion%3Dnull%5D%2Fdata%5B%40key%3Duuid%3A51104e99-9417-467e-98f7-e8c4087b2cec%5D%2FPOI_Picture1"},"geometry":{"type":"Point","coordinates":[7.495811,6.462455]}},{"type":"Feature","id":"n_2455133035","properties":{"id":"n_2455133035","name":"ESUTH Pediatrics Emergency","catalog_type":"school","quality":"B","claim_points":24,"territory_id":"unclaimed","territory_name":"Unclaimed area","territory_role":"unclaimed","image":"https://enugupoi.appspot.com/view/binaryData?blobKey=build_POI-Picture-Form_1374250655%5B%40version%3Dnull+and+%40uiVersion%3Dnull%5D%2Fdata%5B%40key%3Duuid%3A3d3e04d6-40b4-4ff8-8246-2f469fbda13d%5D%2FPOI_Picture1"},"geometry":{"type":"Point","coordinates":[7.494273,6.461448]}},{"type":"Feature","id":"n_2455133036","properties":{"id":"n_2455133036","name":"Ecobank","catalog_type":"bank","quality":"B","claim_points":30,"territory_id":"unclaimed","territory_name":"Unclaimed area","territory_role":"unclaimed","image":"https://enugupoi.appspot.com/view/binaryData?blobKey=build_POI-Picture-Form_1374250655%5B%40version%3Dnull+and+%40uiVersion%3Dnull%5D%2Fdata%5B%40key%3Duuid%3A90c65d03-d5d1-40cb-8b79-1c41b05732a0%5D%2FPOI_Picture1"},"geometry":{"type":"Point","coordinates":[7.493118,6.450823]}},{"type":"Feature","id":"n_2455133569","properties":{"id":"n_2455133569","name":"Ecobank","catalog_type":"bank","quality":"B","claim_points":25,"territory_id":"independence_layout","territory_name":"Independence Layout","territory_role":"playable_faction"},"geometry":{"type":"Point","coordinates":[7.5073489,6.4280323]}},{"type":"Feature","id":"n_2455133701","properties":{"id":"n_2455133701","name":"Ecobank","catalog_type":"bank","quality":"B","claim_points":30,"territory_id":"ogui","territory_name":"Ogui","territory_role":"unclaimed"},"geometry":{"type":"Point","coordinates":[7.489954,6.436056]}},{"type":"Feature","id":"n_2455133740","properties":{"id":"n_2455133740","name":"Ecobank","catalog_type":"bank","quality":"B","claim_points":30,"territory_id":"unclaimed","territory_name":"Unclaimed area","territory_role":"unclaimed"},"geometry":{"type":"Point","coordinates":[7.487983,6.439862]}},{"type":"Feature","id":"n_2455133766","properties":{"id":"n_2455133766","name":"Ecobank","catalog_type":"bank","quality":"B","claim_points":30,"territory_id":"unclaimed","territory_name":"Unclaimed area","territory_role":"unclaimed"},"geometry":{"type":"Point","coordinates":[7.489287,6.441411]}},{"type":"Feature","id":"n_2455133039","properties":{"id":"n_2455133039","name":"Enterprise Bank","catalog_type":"bank","quality":"B","claim_points":30,"territory_id":"unclaimed","territory_name":"Unclaimed area","territory_role":"unclaimed","image":"https://enugupoi.appspot.com/view/binaryData?blobKey=build_POI-Picture-Form_1374250655%5B%40version%3Dnull+and+%40uiVersion%3Dnull%5D%2Fdata%5B%40key%3Duuid%3Adae092f2-49a8-4729-a8c8-cefbba294a9c%5D%2FPOI_Picture1"},"geometry":{"type":"Point","coordinates":[7.516546,6.482518]}},{"type":"Feature","id":"n_2455133584","properties":{"id":"n_2455133584","name":"Enterprise Bank","catalog_type":"bank","quality":"B","claim_points":25,"territory_id":"coal_camp","territory_name":"Coal Camp","territory_role":"playable_faction"},"geometry":{"type":"Point","coordinates":[7.480705,6.429546]}},{"type":"Feature","id":"n_2455133716","properties":{"id":"n_2455133716","name":"Enterprise Bank","catalog_type":"bank","quality":"B","claim_points":30,"territory_id":"ogui","territory_name":"Ogui","territory_role":"unclaimed"},"geometry":{"type":"Point","coordinates":[7.49278,6.437721]}},{"type":"Feature","id":"n_2455133040","properties":{"id":"n_2455133040","name":"Enugu SEM Centre","catalog_type":"civic","quality":"B","claim_points":36,"territory_id":"unclaimed","territory_name":"Unclaimed area","territory_role":"unclaimed","image":"https://enugupoi.appspot.com/view/binaryData?blobKey=build_POI-Picture-Form_1374250655%5B%40version%3Dnull+and+%40uiVersion%3Dnull%5D%2Fdata%5B%40key%3Duuid%3Adff7c3e8-14fb-4940-9581-786a836be940%5D%2FPOI_Picture1"},"geometry":{"type":"Point","coordinates":[7.494364,6.455394]}},{"type":"Feature","id":"n_2455133044","properties":{"id":"n_2455133044","name":"Enugu sports club golf section","catalog_type":"pitch","quality":"B","claim_points":42,"territory_id":"unclaimed","territory_name":"Unclaimed area","territory_role":"unclaimed","image":"https://enugupoi.appspot.com/view/binaryData?blobKey=build_POI-Picture-Form_1374250655%5B%40version%3Dnull+and+%40uiVersion%3Dnull%5D%2Fdata%5B%40key%3Duuid%3A4adc4d96-f4c6-40c5-8abc-583570287ad7%5D%2FPOI_Picture1"},"geometry":{"type":"Point","coordinates":[7.4872451,6.4582527]}},{"type":"Feature","id":"n_2455133045","properties":{"id":"n_2455133045","name":"Enugu state civil service commission","catalog_type":"civic","quality":"B","claim_points":36,"territory_id":"unclaimed","territory_name":"Unclaimed area","territory_role":"unclaimed","image":"https://enugupoi.appspot.com/view/binaryData?blobKey=build_POI-Picture-Form_1374250655%5B%40version%3Dnull+and+%40uiVersion%3Dnull%5D%2Fdata%5B%40key%3Duuid%3A522f61fa-1318-4d82-8812-2db84fc766f4%5D%2FPOI_Picture1"},"geometry":{"type":"Point","coordinates":[7.48957,6.444576]}},{"type":"Feature","id":"n_2455133046","properties":{"id":"n_2455133046","name":"Enugu state transport co limited","catalog_type":"civic","quality":"B","claim_points":36,"territory_id":"unclaimed","territory_name":"Unclaimed area","territory_role":"unclaimed","image":"https://enugupoi.appspot.com/view/binaryData?blobKey=build_POI-Picture-Form_1374250655%5B%40version%3Dnull+and+%40uiVersion%3Dnull%5D%2Fdata%5B%40key%3Duuid%3A5617021e-cf68-4310-b236-db81dd4816da%5D%2FPOI_Picture1"},"geometry":{"type":"Point","coordinates":[7.482409,6.446897]}},{"type":"Feature","id":"n_2455133047","properties":{"id":"n_2455133047","name":"Enugu state water corporation headquarters","catalog_type":"civic","quality":"B","claim_points":36,"territory_id":"unclaimed","territory_name":"Unclaimed area","territory_role":"unclaimed","image":"https://enugupoi.appspot.com/view/binaryData?blobKey=build_POI-Picture-Form_1374250655%5B%40version%3Dnull+and+%40uiVersion%3Dnull%5D%2Fdata%5B%40key%3Duuid%3A1eedcd28-bb2a-47d2-b66a-f488b09f3ec5%5D%2FPOI_Picture1"},"geometry":{"type":"Point","coordinates":[7.483974,6.445834]}},{"type":"Feature","id":"n_2455133048","properties":{"id":"n_2455133048","name":"Etta Joe Guest House","catalog_type":"hotel","quality":"B","claim_points":30,"territory_id":"abakpa","territory_name":"Abakpa","territory_role":"playable_faction","image":"https://enugupoi.appspot.com/view/binaryData?blobKey=build_POI-Picture-Form_1374250655%5B%40version%3Dnull+and+%40uiVersion%3Dnull%5D%2Fdata%5B%40key%3Duuid%3Ad8f433fc-1b43-49f8-86da-c915326c7677%5D%2FPOI_Picture1"},"geometry":{"type":"Point","coordinates":[7.520676,6.483458]}},{"type":"Feature","id":"n_2455133050","properties":{"id":"n_2455133050","name":"Extension Eddybina Hotel","catalog_type":"hotel","quality":"B","claim_points":36,"territory_id":"unclaimed","territory_name":"Unclaimed area","territory_role":"unclaimed","image":"https://enugupoi.appspot.com/view/binaryData?blobKey=build_POI-Picture-Form_1374250655%5B%40version%3Dnull+and+%40uiVersion%3Dnull%5D%2Fdata%5B%40key%3Duuid%3A4b4fe96a-68f6-432a-91af-e350e9a802e4%5D%2FPOI_Picture1"},"geometry":{"type":"Point","coordinates":[7.507806,6.477198]}},{"type":"Feature","id":"n_2455133051","properties":{"id":"n_2455133051","name":"Eye Theatre/Clinic, Children Out Patient Clinic/Gynae Ward, Enugu State Teaching Hospital","catalog_type":"school","quality":"B","claim_points":24,"territory_id":"unclaimed","territory_name":"Unclaimed area","territory_role":"unclaimed","image":"https://enugupoi.appspot.com/view/binaryData?blobKey=build_POI-Picture-Form_1374250655%5B%40version%3Dnull+and+%40uiVersion%3Dnull%5D%2Fdata%5B%40key%3Duuid%3Af113e2a3-0214-4c8e-ab9f-093abddbc916%5D%2FPOI_Picture1"},"geometry":{"type":"Point","coordinates":[7.493526,6.461798]}},{"type":"Feature","id":"n_2455133053","properties":{"id":"n_2455133053","name":"Federal Road Safety Corps","catalog_type":"civic","quality":"B","claim_points":36,"territory_id":"unclaimed","territory_name":"Unclaimed area","territory_role":"unclaimed","image":"https://enugupoi.appspot.com/view/binaryData?blobKey=build_POI-Picture-Form_1374250655%5B%40version%3Dnull+and+%40uiVersion%3Dnull%5D%2Fdata%5B%40key%3Duuid%3Ae6177a78-bf7e-4931-8d12-1a15774d4542%5D%2FPOI_Picture1"},"geometry":{"type":"Point","coordinates":[7.482615,6.45059]}},{"type":"Feature","id":"n_2455133054","properties":{"id":"n_2455133054","name":"Federal mortgage bank","catalog_type":"bank","quality":"B","claim_points":30,"territory_id":"unclaimed","territory_name":"Unclaimed area","territory_role":"unclaimed","image":"https://enugupoi.appspot.com/view/binaryData?blobKey=build_POI-Picture-Form_1374250655%5B%40version%3Dnull+and+%40uiVersion%3Dnull%5D%2Fdata%5B%40key%3Duuid%3Abee5e4d3-a191-4b9a-a7e0-72c4bee3e2f9%5D%2FPOI_Picture1"},"geometry":{"type":"Point","coordinates":[7.488994,6.44508725]}},{"type":"Feature","id":"n_2455133055","properties":{"id":"n_2455133055","name":"Fidelity Bank","catalog_type":"atm","quality":"B","claim_points":12,"territory_id":"unclaimed","territory_name":"Unclaimed area","territory_role":"unclaimed","image":"https://enugupoi.appspot.com/view/binaryData?blobKey=build_POI-Picture-Form_1374250655%5B%40version%3Dnull+and+%40uiVersion%3Dnull%5D%2Fdata%5B%40key%3Duuid%3A67b05889-867c-4ec0-96d9-e3ead29b8be1%5D%2FPOI_Picture1"},"geometry":{"type":"Point","coordinates":[7.4955292,6.4592926]}},{"type":"Feature","id":"n_2455133056","properties":{"id":"n_2455133056","name":"First City Monument Bank (FCMB)","catalog_type":"bank","quality":"B","claim_points":30,"territory_id":"unclaimed","territory_name":"Unclaimed area","territory_role":"unclaimed","image":"https://enugupoi.appspot.com/view/binaryData?blobKey=build_POI-Picture-Form_1374250655%5B%40version%3Dnull+and+%40uiVersion%3Dnull%5D%2Fdata%5B%40key%3Duuid%3Af9d0d1a7-2624-4562-bd26-19a52c8068b9%5D%2FPOI_Picture1"},"geometry":{"type":"Point","coordinates":[7.492337,6.449486]}},{"type":"Feature","id":"n_2455133507","properties":{"id":"n_2455133507","name":"First City Monument Bank (FCMB)","catalog_type":"bank","quality":"B","claim_points":30,"territory_id":"unclaimed","territory_name":"Unclaimed area","territory_role":"unclaimed"},"geometry":{"type":"Point","coordinates":[7.492082,6.417341]}},{"type":"Feature","id":"n_2455133706","properties":{"id":"n_2455133706","name":"First City Monument Bank (FCMB)","catalog_type":"bank","quality":"B","claim_points":30,"territory_id":"ogui","territory_name":"Ogui","territory_role":"unclaimed"},"geometry":{"type":"Point","coordinates":[7.488865,6.436619]}},{"type":"Feature","id":"n_2460131032","properties":{"id":"n_2460131032","name":"First City Monument Bank (FCMB)","catalog_type":"bank","quality":"B","claim_points":25,"territory_id":"independence_layout","territory_name":"Independence Layout","territory_role":"playable_faction","image":"https://enugupoi.appspot.com/view/binaryData?blobKey=build_POI-Picture-Form_1374250655%5B%40version%3Dnull+and+%40uiVersion%3Dnull%5D%2Fdata%5B%40key%3Duuid%3A24981753-dc2b-4cd1-b480-cb354db76959%5D%2FPOI_Picture1"},"geometry":{"type":"Point","coordinates":[7.506899,6.439979]}},{"type":"Feature","id":"n_2455133057","properties":{"id":"n_2455133057","name":"First dental consultants dental centre","catalog_type":"hospital","quality":"B","claim_points":24,"territory_id":"ogui","territory_name":"Ogui","territory_role":"unclaimed","image":"https://enugupoi.appspot.com/view/binaryData?blobKey=build_POI-Picture-Form_1374250655%5B%40version%3Dnull+and+%40uiVersion%3Dnull%5D%2Fdata%5B%40key%3Duuid%3A0c1205b3-25c1-41e3-b04d-1f25c331cdfa%5D%2FPOI_Picture1"},"geometry":{"type":"Point","coordinates":[7.50105,6.4492]}},{"type":"Feature","id":"n_2455133058","properties":{"id":"n_2455133058","name":"Fountain Comprehensive College","catalog_type":"school","quality":"B","claim_points":24,"territory_id":"unclaimed","territory_name":"Unclaimed area","territory_role":"unclaimed","image":"https://enugupoi.appspot.com/view/binaryData?blobKey=build_POI-Picture-Form_1374250655%5B%40version%3Dnull+and+%40uiVersion%3Dnull%5D%2Fdata%5B%40key%3Duuid%3A462c5566-00a7-4b76-9f7f-3014e05f0811%5D%2FPOI_Picture1"},"geometry":{"type":"Point","coordinates":[7.506913,6.476999]}},{"type":"Feature","id":"n_2455133062","properties":{"id":"n_2455133062","name":"Goddip Nursery, Primary & Secondary School","catalog_type":"school","quality":"B","claim_points":24,"territory_id":"unclaimed","territory_name":"Unclaimed area","territory_role":"unclaimed","image":"https://enugupoi.appspot.com/view/binaryData?blobKey=build_POI-Picture-Form_1374250655%5B%40version%3Dnull+and+%40uiVersion%3Dnull%5D%2Fdata%5B%40key%3Duuid%3Afa58eea1-5f12-432a-90d0-3464f44505bb%5D%2FPOI_Picture1"},"geometry":{"type":"Point","coordinates":[7.511708,6.479255]}},{"type":"Feature","id":"n_2455133070","properties":{"id":"n_2455133070","name":"Golden Garden Suites","catalog_type":"hotel","quality":"B","claim_points":36,"territory_id":"unclaimed","territory_name":"Unclaimed area","territory_role":"unclaimed","image":"https://enugupoi.appspot.com/view/binaryData?blobKey=build_POI-Picture-Form_1374250655%5B%40version%3Dnull+and+%40uiVersion%3Dnull%5D%2Fdata%5B%40key%3Duuid%3Ac04089f8-02eb-47bb-8932-9ef62a15fe61%5D%2FPOI_Picture1"},"geometry":{"type":"Point","coordinates":[7.491541,6.452924]}},{"type":"Feature","id":"n_2455133079","properties":{"id":"n_2455133079","name":"Good Hope Stars Schools","catalog_type":"school","quality":"B","claim_points":24,"territory_id":"unclaimed","territory_name":"Unclaimed area","territory_role":"unclaimed","image":"https://enugupoi.appspot.com/view/binaryData?blobKey=build_POI-Picture-Form_1374250655%5B%40version%3Dnull+and+%40uiVersion%3Dnull%5D%2Fdata%5B%40key%3Duuid%3A91d8e406-b155-45d5-8686-a1c8340237f2%5D%2FPOI_Picture1"},"geometry":{"type":"Point","coordinates":[7.495831,6.465915]}},{"type":"Feature","id":"n_2455133089","properties":{"id":"n_2455133089","name":"Government of enugu state office of auditor general","catalog_type":"bank","quality":"B","claim_points":30,"territory_id":"unclaimed","territory_name":"Unclaimed area","territory_role":"unclaimed","image":"https://enugupoi.appspot.com/view/binaryData?blobKey=build_POI-Picture-Form_1374250655%5B%40version%3Dnull+and+%40uiVersion%3Dnull%5D%2Fdata%5B%40key%3Duuid%3A6829acf8-3990-4d6b-82a4-c34be9cc64db%5D%2FPOI_Picture1"},"geometry":{"type":"Point","coordinates":[7.491178,6.44584]}},{"type":"Feature","id":"n_2455133099","properties":{"id":"n_2455133099","name":"Graceland Private School","catalog_type":"school","quality":"B","claim_points":24,"territory_id":"unclaimed","territory_name":"Unclaimed area","territory_role":"unclaimed","image":"https://enugupoi.appspot.com/view/binaryData?blobKey=build_POI-Picture-Form_1374250655%5B%40version%3Dnull+and+%40uiVersion%3Dnull%5D%2Fdata%5B%40key%3Duuid%3Abf02f6db-aa63-48ee-83a5-0630387f3699%5D%2FPOI_Picture1"},"geometry":{"type":"Point","coordinates":[7.500532,6.459873]}},{"type":"Feature","id":"n_2455133108","properties":{"id":"n_2455133108","name":"HSB Hotel","catalog_type":"hotel","quality":"B","claim_points":36,"territory_id":"trans_ekulu","territory_name":"Trans-Ekulu","territory_role":"unclaimed"},"geometry":{"type":"Point","coordinates":[7.4955586,6.4704708]}},{"type":"Feature","id":"n_2455133125","properties":{"id":"n_2455133125","name":"Health Of Ihe Sick Pharmacy","catalog_type":"pharmacy","quality":"B","claim_points":36,"territory_id":"unclaimed","territory_name":"Unclaimed area","territory_role":"unclaimed","image":"https://enugupoi.appspot.com/view/binaryData?blobKey=build_POI-Picture-Form_1374250655%5B%40version%3Dnull+and+%40uiVersion%3Dnull%5D%2Fdata%5B%40key%3Duuid%3Ac8d73234-ae00-4133-8e2f-2be5098c4c7a%5D%2FPOI_Picture1"},"geometry":{"type":"Point","coordinates":[7.49453,6.458544]}},{"type":"Feature","id":"n_2455133144","properties":{"id":"n_2455133144","name":"Hematology Dept, Enugu State University Teaching Hospital","catalog_type":"school","quality":"B","claim_points":24,"territory_id":"unclaimed","territory_name":"Unclaimed area","territory_role":"unclaimed","image":"https://enugupoi.appspot.com/view/binaryData?blobKey=build_POI-Picture-Form_1374250655%5B%40version%3Dnull+and+%40uiVersion%3Dnull%5D%2Fdata%5B%40key%3Duuid%3A755f83ef-1d82-4cb3-a0c7-b53fe87594a4%5D%2FPOI_Picture1"},"geometry":{"type":"Point","coordinates":[7.494073,6.461937]}},{"type":"Feature","id":"n_2455133152","properties":{"id":"n_2455133152","name":"Hiltops Clinics","catalog_type":"hospital","quality":"B","claim_points":24,"territory_id":"trans_ekulu","territory_name":"Trans-Ekulu","territory_role":"unclaimed","image":"https://enugupoi.appspot.com/view/binaryData?blobKey=build_POI-Picture-Form_1374250655%5B%40version%3Dnull+and+%40uiVersion%3Dnull%5D%2Fdata%5B%40key%3Duuid%3Aca95fff7-5ccb-4cf4-9a90-1ae169755834%5D%2FPOI_Picture1"},"geometry":{"type":"Point","coordinates":[7.500836,6.473831]}},{"type":"Feature","id":"n_2455133162","properties":{"id":"n_2455133162","name":"Holy Child Nursery & Primary","catalog_type":"school","quality":"B","claim_points":24,"territory_id":"unclaimed","territory_name":"Unclaimed area","territory_role":"unclaimed","image":"https://enugupoi.appspot.com/view/binaryData?blobKey=build_POI-Picture-Form_1374250655%5B%40version%3Dnull+and+%40uiVersion%3Dnull%5D%2Fdata%5B%40key%3Duuid%3A48834a61-7d21-4dd4-8388-86b5e2828ae4%5D%2FPOI_Picture1"},"geometry":{"type":"Point","coordinates":[7.50914,6.481227]}},{"type":"Feature","id":"n_2455133191","properties":{"id":"n_2455133191","name":"Housing Estate Primary School","catalog_type":"school","quality":"B","claim_points":20,"territory_id":"abakpa","territory_name":"Abakpa","territory_role":"playable_faction","image":"https://enugupoi.appspot.com/view/binaryData?blobKey=build_POI-Picture-Form_1374250655%5B%40version%3Dnull+and+%40uiVersion%3Dnull%5D%2Fdata%5B%40key%3Duuid%3A45da8405-d6b9-4df2-b391-ed611e31c6e3%5D%2FPOI_Picture1"},"geometry":{"type":"Point","coordinates":[7.517894,6.481174]}},{"type":"Feature","id":"n_2455133201","properties":{"id":"n_2455133201","name":"Justin Gray Infirmary","catalog_type":"hospital","quality":"B","claim_points":24,"territory_id":"trans_ekulu","territory_name":"Trans-Ekulu","territory_role":"unclaimed","image":"https://enugupoi.appspot.com/view/binaryData?blobKey=build_POI-Picture-Form_1374250655%5B%40version%3Dnull+and+%40uiVersion%3Dnull%5D%2Fdata%5B%40key%3Duuid%3Af0ff18e4-951f-4561-ae02-96148e000305%5D%2FPOI_Picture1"},"geometry":{"type":"Point","coordinates":[7.4913909,6.4777394]}},{"type":"Feature","id":"n_2455133210","properties":{"id":"n_2455133210","name":"Kamsiyochukwu Clinic Maternity","catalog_type":"hospital","quality":"B","claim_points":20,"territory_id":"abakpa","territory_name":"Abakpa","territory_role":"playable_faction","image":"https://enugupoi.appspot.com/view/binaryData?blobKey=build_POI-Picture-Form_1374250655%5B%40version%3Dnull+and+%40uiVersion%3Dnull%5D%2Fdata%5B%40key%3Duuid%3Ae98a4537-c180-487b-b1d5-8efaf0093201%5D%2FPOI_Picture1"},"geometry":{"type":"Point","coordinates":[7.516615,6.483449]}},{"type":"Feature","id":"n_2455133217","properties":{"id":"n_2455133217","name":"Lotanna Clinic","catalog_type":"hospital","quality":"B","claim_points":24,"territory_id":"unclaimed","territory_name":"Unclaimed area","territory_role":"unclaimed","image":"https://enugupoi.appspot.com/view/binaryData?blobKey=build_POI-Picture-Form_1374250655%5B%40version%3Dnull+and+%40uiVersion%3Dnull%5D%2Fdata%5B%40key%3Duuid%3Ac25a3df2-c5b1-49b7-9ad6-45ba4450f8c2%5D%2FPOI_Picture1"},"geometry":{"type":"Point","coordinates":[7.50855,6.482701]}},{"type":"Feature","id":"n_2455133257","properties":{"id":"n_2455133257","name":"Magnet Nursery & Primary School","catalog_type":"school","quality":"B","claim_points":24,"territory_id":"unclaimed","territory_name":"Unclaimed area","territory_role":"unclaimed","image":"https://enugupoi.appspot.com/view/binaryData?blobKey=build_POI-Picture-Form_1374250655%5B%40version%3Dnull+and+%40uiVersion%3Dnull%5D%2Fdata%5B%40key%3Duuid%3Ae29446a5-5505-41a1-8640-336bad57aa45%5D%2FPOI_Picture1"},"geometry":{"type":"Point","coordinates":[7.499558,6.461381]}},{"type":"Feature","id":"n_2455133280","properties":{"id":"n_2455133280","name":"Maranatha Eye Center","catalog_type":"shop","quality":"B","claim_points":42,"territory_id":"trans_ekulu","territory_name":"Trans-Ekulu","territory_role":"unclaimed","image":"https://enugupoi.appspot.com/view/binaryData?blobKey=build_POI-Picture-Form_1374250655%5B%40version%3Dnull+and+%40uiVersion%3Dnull%5D%2Fdata%5B%40key%3Duuid%3A4d2da53f-47dc-4b94-8023-b5224d86c49f%5D%2FPOI_Picture1"},"geometry":{"type":"Point","coordinates":[7.501437,6.472529]}},{"type":"Feature","id":"n_2455133301","properties":{"id":"n_2455133301","name":"Mavis Hotel","catalog_type":"hotel","quality":"B","claim_points":36,"territory_id":"trans_ekulu","territory_name":"Trans-Ekulu","territory_role":"unclaimed","image":"https://enugupoi.appspot.com/view/binaryData?blobKey=build_POI-Picture-Form_1374250655%5B%40version%3Dnull+and+%40uiVersion%3Dnull%5D%2Fdata%5B%40key%3Duuid%3Ab279c59d-6e5d-4cf6-a1c7-3b4eb8d5d283%5D%2FPOI_Picture1"},"geometry":{"type":"Point","coordinates":[7.499449,6.473556]}},{"type":"Feature","id":"n_2455133344","properties":{"id":"n_2455133344","name":"Midland Hotels","catalog_type":"hotel","quality":"B","claim_points":36,"territory_id":"unclaimed","territory_name":"Unclaimed area","territory_role":"unclaimed","image":"https://enugupoi.appspot.com/view/binaryData?blobKey=build_POI-Picture-Form_1374250655%5B%40version%3Dnull+and+%40uiVersion%3Dnull%5D%2Fdata%5B%40key%3Duuid%3A10f4ef8b-084f-434a-8123-4d9af93b9abb%5D%2FPOI_Picture1"},"geometry":{"type":"Point","coordinates":[7.51665,6.482876]}},{"type":"Feature","id":"n_2455133345","properties":{"id":"n_2455133345","name":"Ministry Of Health 3","catalog_type":"civic","quality":"B","claim_points":36,"territory_id":"unclaimed","territory_name":"Unclaimed area","territory_role":"unclaimed","image":"https://enugupoi.appspot.com/view/binaryData?blobKey=build_POI-Picture-Form_1374250655%5B%40version%3Dnull+and+%40uiVersion%3Dnull%5D%2Fdata%5B%40key%3Duuid%3Aa79d3f4c-d5e2-4b5c-9703-bcccf1f92caa%5D%2FPOI_Picture1"},"geometry":{"type":"Point","coordinates":[7.489385,6.444124]}},{"type":"Feature","id":"n_2455133346","properties":{"id":"n_2455133346","name":"Ministry Of Health","catalog_type":"civic","quality":"B","claim_points":36,"territory_id":"unclaimed","territory_name":"Unclaimed area","territory_role":"unclaimed","image":"https://enugupoi.appspot.com/view/binaryData?blobKey=build_POI-Picture-Form_1374250655%5B%40version%3Dnull+and+%40uiVersion%3Dnull%5D%2Fdata%5B%40key%3Duuid%3A9e9639d0-201f-4cd3-82c0-968654a72488%5D%2FPOI_Picture1"},"geometry":{"type":"Point","coordinates":[7.489869,6.444959]}},{"type":"Feature","id":"n_2455133347","properties":{"id":"n_2455133347","name":"Ministry of information head quarters","catalog_type":"civic","quality":"B","claim_points":36,"territory_id":"unclaimed","territory_name":"Unclaimed area","territory_role":"unclaimed","image":"https://enugupoi.appspot.com/view/binaryData?blobKey=build_POI-Picture-Form_1374250655%5B%40version%3Dnull+and+%40uiVersion%3Dnull%5D%2Fdata%5B%40key%3Duuid%3A26f3a237-4957-42b6-a9e9-75ca53d9d347%5D%2FPOI_Picture1"},"geometry":{"type":"Point","coordinates":[7.48827,6.444136]}},{"type":"Feature","id":"n_2455133348","properties":{"id":"n_2455133348","name":"Ministry of land & urban development","catalog_type":"civic","quality":"B","claim_points":36,"territory_id":"unclaimed","territory_name":"Unclaimed area","territory_role":"unclaimed","image":"https://enugupoi.appspot.com/view/binaryData?blobKey=build_POI-Picture-Form_1374250655%5B%40version%3Dnull+and+%40uiVersion%3Dnull%5D%2Fdata%5B%40key%3Duuid%3A9de508d2-cdb8-4032-b4ce-722dff121154%5D%2FPOI_Picture1"},"geometry":{"type":"Point","coordinates":[7.488613,6.445819]}},{"type":"Feature","id":"n_2455133349","properties":{"id":"n_2455133349","name":"Ministry of transport","catalog_type":"civic","quality":"B","claim_points":36,"territory_id":"unclaimed","territory_name":"Unclaimed area","territory_role":"unclaimed","image":"https://enugupoi.appspot.com/view/binaryData?blobKey=build_POI-Picture-Form_1374250655%5B%40version%3Dnull+and+%40uiVersion%3Dnull%5D%2Fdata%5B%40key%3Duuid%3A528d0c6d-5082-4f30-b51b-803d0f842243%5D%2FPOI_Picture1"},"geometry":{"type":"Point","coordinates":[7.495487,6.456365]}},{"type":"Feature","id":"n_2455133350","properties":{"id":"n_2455133350","name":"Ministry of works & infrastructure headquarters","catalog_type":"civic","quality":"B","claim_points":36,"territory_id":"unclaimed","territory_name":"Unclaimed area","territory_role":"unclaimed","image":"https://enugupoi.appspot.com/view/binaryData?blobKey=build_POI-Picture-Form_1374250655%5B%40version%3Dnull+and+%40uiVersion%3Dnull%5D%2Fdata%5B%40key%3Duuid%3Ae7e62344-d678-4de2-ac9d-fa56cd748709%5D%2FPOI_Picture1"},"geometry":{"type":"Point","coordinates":[7.4821989,6.4471172]}},{"type":"Feature","id":"n_2455133351","properties":{"id":"n_2455133351","name":"NITEL","catalog_type":"civic","quality":"B","claim_points":36,"territory_id":"unclaimed","territory_name":"Unclaimed area","territory_role":"unclaimed","image":"https://enugupoi.appspot.com/view/binaryData?blobKey=build_POI-Picture-Form_1374250655%5B%40version%3Dnull+and+%40uiVersion%3Dnull%5D%2Fdata%5B%40key%3Duuid%3Afea8e4f9-7092-47f8-9b72-4aafbc20b985%5D%2FPOI_Picture1"},"geometry":{"type":"Point","coordinates":[7.486125,6.446169]}},{"type":"Feature","id":"n_2455133352","properties":{"id":"n_2455133352","name":"National Agency For Prohibition Of Traffic In Persons","catalog_type":"civic","quality":"B","claim_points":36,"territory_id":"unclaimed","territory_name":"Unclaimed area","territory_role":"unclaimed","image":"https://enugupoi.appspot.com/view/binaryData?blobKey=build_POI-Picture-Form_1374250655%5B%40version%3Dnull+and+%40uiVersion%3Dnull%5D%2Fdata%5B%40key%3Duuid%3A3ec18e82-965c-466c-8f7e-63c7488e2962%5D%2FPOI_Picture1"},"geometry":{"type":"Point","coordinates":[7.492148,6.464425]}},{"type":"Feature","id":"n_2455133353","properties":{"id":"n_2455133353","name":"National Archives","catalog_type":"civic","quality":"B","claim_points":36,"territory_id":"unclaimed","territory_name":"Unclaimed area","territory_role":"unclaimed","image":"https://enugupoi.appspot.com/view/binaryData?blobKey=build_POI-Picture-Form_1374250655%5B%40version%3Dnull+and+%40uiVersion%3Dnull%5D%2Fdata%5B%40key%3Duuid%3A1fdd10cd-6bd5-4ffc-ad72-7b9e993e0cab%5D%2FPOI_Picture1"},"geometry":{"type":"Point","coordinates":[7.489467,6.445641]}},{"type":"Feature","id":"n_2455133354","properties":{"id":"n_2455133354","name":"National Centre For Technology Management","catalog_type":"civic","quality":"B","claim_points":36,"territory_id":"unclaimed","territory_name":"Unclaimed area","territory_role":"unclaimed","image":"https://enugupoi.appspot.com/view/binaryData?blobKey=build_POI-Picture-Form_1374250655%5B%40version%3Dnull+and+%40uiVersion%3Dnull%5D%2Fdata%5B%40key%3Duuid%3A9f8c427d-5f46-4e9e-bd74-40b6a9f8df5e%5D%2FPOI_Picture1"},"geometry":{"type":"Point","coordinates":[7.489455,6.448413]}},{"type":"Feature","id":"n_2455133355","properties":{"id":"n_2455133355","name":"National Industrial Court","catalog_type":"civic","quality":"B","claim_points":36,"territory_id":"unclaimed","territory_name":"Unclaimed area","territory_role":"unclaimed","image":"https://enugupoi.appspot.com/view/binaryData?blobKey=build_POI-Picture-Form_1374250655%5B%40version%3Dnull+and+%40uiVersion%3Dnull%5D%2Fdata%5B%40key%3Duuid%3A6ac27e07-795a-4705-b975-99165996ff5f%5D%2FPOI_Picture1"},"geometry":{"type":"Point","coordinates":[7.48974,6.455583]}},{"type":"Feature","id":"n_2455133356","properties":{"id":"n_2455133356","name":"National Integrated Power Project","catalog_type":"civic","quality":"B","claim_points":36,"territory_id":"unclaimed","territory_name":"Unclaimed area","territory_role":"unclaimed","image":"https://enugupoi.appspot.com/view/binaryData?blobKey=build_POI-Picture-Form_1374250655%5B%40version%3Dnull+and+%40uiVersion%3Dnull%5D%2Fdata%5B%40key%3Duuid%3A87a57166-7bce-4d42-b6e9-020aa568b6db%5D%2FPOI_Picture1"},"geometry":{"type":"Point","coordinates":[7.4980875,6.4548107]}},{"type":"Feature","id":"n_2455133357","properties":{"id":"n_2455133357","name":"National Productivity Center","catalog_type":"civic","quality":"B","claim_points":36,"territory_id":"unclaimed","territory_name":"Unclaimed area","territory_role":"unclaimed","image":"https://enugupoi.appspot.com/view/binaryData?blobKey=build_POI-Picture-Form_1374250655%5B%40version%3Dnull+and+%40uiVersion%3Dnull%5D%2Fdata%5B%40key%3Duuid%3A4e319f13-cbda-4542-9d91-0827fd0cc99e%5D%2FPOI_Picture1"},"geometry":{"type":"Point","coordinates":[7.492878,6.456558]}},{"type":"Feature","id":"n_2455133359","properties":{"id":"n_2455133359","name":"Neuro Spinal Clinic","catalog_type":"hospital","quality":"B","claim_points":24,"territory_id":"unclaimed","territory_name":"Unclaimed area","territory_role":"unclaimed","image":"https://enugupoi.appspot.com/view/binaryData?blobKey=build_POI-Picture-Form_1374250655%5B%40version%3Dnull+and+%40uiVersion%3Dnull%5D%2Fdata%5B%40key%3Duuid%3Abda13a72-6d56-45f8-bf92-589ef0ce5cf5%5D%2FPOI_Picture1"},"geometry":{"type":"Point","coordinates":[7.479773,6.460941]}},{"type":"Feature","id":"n_2455133360","properties":{"id":"n_2455133360","name":"Niger Optical (Eye Clinic)","catalog_type":"shop","quality":"B","claim_points":42,"territory_id":"unclaimed","territory_name":"Unclaimed area","territory_role":"unclaimed","image":"https://enugupoi.appspot.com/view/binaryData?blobKey=build_POI-Picture-Form_1374250655%5B%40version%3Dnull+and+%40uiVersion%3Dnull%5D%2Fdata%5B%40key%3Duuid%3Abd16e2fa-1e11-4df1-b12a-5de4603e521f%5D%2FPOI_Picture1"},"geometry":{"type":"Point","coordinates":[7.516629,6.482949]}},{"type":"Feature","id":"n_2455133361","properties":{"id":"n_2455133361","name":"Nigerian erosion & watershed management project","catalog_type":"civic","quality":"B","claim_points":36,"territory_id":"unclaimed","territory_name":"Unclaimed area","territory_role":"unclaimed","image":"https://enugupoi.appspot.com/view/binaryData?blobKey=build_POI-Picture-Form_1374250655%5B%40version%3Dnull+and+%40uiVersion%3Dnull%5D%2Fdata%5B%40key%3Duuid%3Ab17aa216-927e-4556-a4a0-a503a7f1f921%5D%2FPOI_Picture1"},"geometry":{"type":"Point","coordinates":[7.481866,6.447235]}},{"type":"Feature","id":"n_2455133362","properties":{"id":"n_2455133362","name":"Ntasi Obi Ndi No Naafufu Specialist Hospital","catalog_type":"hospital","quality":"B","claim_points":24,"territory_id":"trans_ekulu","territory_name":"Trans-Ekulu","territory_role":"unclaimed","image":"https://enugupoi.appspot.com/view/binaryData?blobKey=build_POI-Picture-Form_1374250655%5B%40version%3Dnull+and+%40uiVersion%3Dnull%5D%2Fdata%5B%40key%3Duuid%3Aa3343c52-9208-478b-8a99-ba68d2770aef%5D%2FPOI_Picture1"},"geometry":{"type":"Point","coordinates":[7.50139,6.476539]}},{"type":"Feature","id":"n_2455133382","properties":{"id":"n_2455133382","name":"Office of the governor servicom & & performance improvement bureau","catalog_type":"civic","quality":"B","claim_points":36,"territory_id":"unclaimed","territory_name":"Unclaimed area","territory_role":"unclaimed","image":"https://enugupoi.appspot.com/view/binaryData?blobKey=build_POI-Picture-Form_1374250655%5B%40version%3Dnull+and+%40uiVersion%3Dnull%5D%2Fdata%5B%40key%3Duuid%3A2f72ca7f-f8cb-440e-835d-16c7fc0d6202%5D%2FPOI_Picture1"},"geometry":{"type":"Point","coordinates":[7.487611,6.44533]}},{"type":"Feature","id":"n_2455133383","properties":{"id":"n_2455133383","name":"Oosa Herbal International","catalog_type":"shop","quality":"B","claim_points":42,"territory_id":"trans_ekulu","territory_name":"Trans-Ekulu","territory_role":"unclaimed","image":"https://enugupoi.appspot.com/view/binaryData?blobKey=build_POI-Picture-Form_1374250655%5B%40version%3Dnull+and+%40uiVersion%3Dnull%5D%2Fdata%5B%40key%3Duuid%3A5db94c64-b37f-4cf0-a991-f050db393c50%5D%2FPOI_Picture1"},"geometry":{"type":"Point","coordinates":[7.5033186,6.4774414]}},{"type":"Feature","id":"n_2455133384","properties":{"id":"n_2455133384","name":"PDP South East Zonal Headquarters","catalog_type":"civic","quality":"B","claim_points":36,"territory_id":"unclaimed","territory_name":"Unclaimed area","territory_role":"unclaimed","image":"https://enugupoi.appspot.com/view/binaryData?blobKey=build_POI-Picture-Form_1374250655%5B%40version%3Dnull+and+%40uiVersion%3Dnull%5D%2Fdata%5B%40key%3Duuid%3A7a59d579-96f0-4e9d-b28f-8f6fcd01d635%5D%2FPOI_Picture1"},"geometry":{"type":"Point","coordinates":[7.495884,6.4582196]}},{"type":"Feature","id":"n_2455133386","properties":{"id":"n_2455133386","name":"Pharmacists council of Nigeria","catalog_type":"civic","quality":"B","claim_points":36,"territory_id":"unclaimed","territory_name":"Unclaimed area","territory_role":"unclaimed","image":"https://enugupoi.appspot.com/view/binaryData?blobKey=build_POI-Picture-Form_1374250655%5B%40version%3Dnull+and+%40uiVersion%3Dnull%5D%2Fdata%5B%40key%3Duuid%3A7dc57cc0-9276-424b-bb6b-eaa20fdf89fe%5D%2FPOI_Picture1"},"geometry":{"type":"Point","coordinates":[7.489287,6.443834]}},{"type":"Feature","id":"n_2455133387","properties":{"id":"n_2455133387","name":"Pharmacy Dept, Enugu State University Teaching Hospital","catalog_type":"school","quality":"B","claim_points":24,"territory_id":"unclaimed","territory_name":"Unclaimed area","territory_role":"unclaimed","image":"https://enugupoi.appspot.com/view/binaryData?blobKey=build_POI-Picture-Form_1374250655%5B%40version%3Dnull+and+%40uiVersion%3Dnull%5D%2Fdata%5B%40key%3Duuid%3Ae864992d-9028-4ca2-87ce-dd7dda1d8475%5D%2FPOI_Picture1"},"geometry":{"type":"Point","coordinates":[7.49381,6.461387]}},{"type":"Feature","id":"n_2455133390","properties":{"id":"n_2455133390","name":"Planet Medical Centre","catalog_type":"pharmacy","quality":"B","claim_points":36,"territory_id":"unclaimed","territory_name":"Unclaimed area","territory_role":"unclaimed","image":"https://enugupoi.appspot.com/view/binaryData?blobKey=build_POI-Picture-Form_1374250655%5B%40version%3Dnull+and+%40uiVersion%3Dnull%5D%2Fdata%5B%40key%3Duuid%3A74bd4f43-fbaf-4fd4-9098-0e61c0e32f0d%5D%2FPOI_Picture1"},"geometry":{"type":"Point","coordinates":[7.516834,6.479049]}},{"type":"Feature","id":"n_2455133393","properties":{"id":"n_2455133393","name":"Prima Schools","catalog_type":"school","quality":"B","claim_points":24,"territory_id":"unclaimed","territory_name":"Unclaimed area","territory_role":"unclaimed","image":"https://enugupoi.appspot.com/view/binaryData?blobKey=build_POI-Picture-Form_1374250655%5B%40version%3Dnull+and+%40uiVersion%3Dnull%5D%2Fdata%5B%40key%3Duuid%3A32958ef6-cd77-448f-8ea4-bdd61adedc16%5D%2FPOI_Picture1"},"geometry":{"type":"Point","coordinates":[7.504187,6.46983]}},{"type":"Feature","id":"n_2455133395","properties":{"id":"n_2455133395","name":"Proposed enugu state secretariat complex","catalog_type":"civic","quality":"B","claim_points":36,"territory_id":"unclaimed","territory_name":"Unclaimed area","territory_role":"unclaimed","image":"https://enugupoi.appspot.com/view/binaryData?blobKey=build_POI-Picture-Form_1374250655%5B%40version%3Dnull+and+%40uiVersion%3Dnull%5D%2Fdata%5B%40key%3Duuid%3Acbadb8e3-a515-4510-864f-4c5512d0bfe7%5D%2FPOI_Picture1"},"geometry":{"type":"Point","coordinates":[7.484596,6.445278]}},{"type":"Feature","id":"n_2455133397","properties":{"id":"n_2455133397","name":"Provision Shop","catalog_type":"market","quality":"B","claim_points":60,"territory_id":"unclaimed","territory_name":"Unclaimed area","territory_role":"unclaimed","image":"https://enugupoi.appspot.com/view/binaryData?blobKey=build_POI-Picture-Form_1374250655%5B%40version%3Dnull+and+%40uiVersion%3Dnull%5D%2Fdata%5B%40key%3Duuid%3A30ccdab5-c27b-41b3-a2ef-80aa6dfb68c1%5D%2FPOI_Picture1"},"geometry":{"type":"Point","coordinates":[7.59559,6.465918]}},{"type":"Feature","id":"n_2455133400","properties":{"id":"n_2455133400","name":"Railway office","catalog_type":"civic","quality":"B","claim_points":36,"territory_id":"ogui","territory_name":"Ogui","territory_role":"unclaimed","image":"https://enugupoi.appspot.com/view/binaryData?blobKey=build_POI-Picture-Form_1374250655%5B%40version%3Dnull+and+%40uiVersion%3Dnull%5D%2Fdata%5B%40key%3Duuid%3A6b08d1b6-0408-4581-99b4-5bc2bd20200a%5D%2FPOI_Picture1"},"geometry":{"type":"Point","coordinates":[7.500494,6.448707]}},{"type":"Feature","id":"n_2455133401","properties":{"id":"n_2455133401","name":"Renhoks Pharmaceuticals Ltd","catalog_type":"civic","quality":"B","claim_points":36,"territory_id":"unclaimed","territory_name":"Unclaimed area","territory_role":"unclaimed","image":"https://enugupoi.appspot.com/view/binaryData?blobKey=build_POI-Picture-Form_1374250655%5B%40version%3Dnull+and+%40uiVersion%3Dnull%5D%2Fdata%5B%40key%3Duuid%3A507d24d5-23c7-4d3e-81d9-b82abdb9fd3c%5D%2FPOI_Picture1"},"geometry":{"type":"Point","coordinates":[7.498621,6.462298]}},{"type":"Feature","id":"n_2455133402","properties":{"id":"n_2455133402","name":"River Side Nursery & Primary School","catalog_type":"school","quality":"B","claim_points":20,"territory_id":"abakpa","territory_name":"Abakpa","territory_role":"playable_faction","image":"https://enugupoi.appspot.com/view/binaryData?blobKey=build_POI-Picture-Form_1374250655%5B%40version%3Dnull+and+%40uiVersion%3Dnull%5D%2Fdata%5B%40key%3Duuid%3Ae6ef03f4-750a-4825-bca7-edd12193b7f4%5D%2FPOI_Picture1"},"geometry":{"type":"Point","coordinates":[7.520734,6.480415]}},{"type":"Feature","id":"n_2455133403","properties":{"id":"n_2455133403","name":"SARS Zone","catalog_type":"civic","quality":"B","claim_points":36,"territory_id":"unclaimed","territory_name":"Unclaimed area","territory_role":"unclaimed","image":"https://enugupoi.appspot.com/view/binaryData?blobKey=build_POI-Picture-Form_1374250655%5B%40version%3Dnull+and+%40uiVersion%3Dnull%5D%2Fdata%5B%40key%3Duuid%3Ad0d94456-18d9-43c2-b51b-14bcf2ae7b15%5D%2FPOI_Picture1"},"geometry":{"type":"Point","coordinates":[7.476421,6.460924]}},{"type":"Feature","id":"n_2455133405","properties":{"id":"n_2455133405","name":"Spart & Paths(DFID)","catalog_type":"civic","quality":"B","claim_points":36,"territory_id":"unclaimed","territory_name":"Unclaimed area","territory_role":"unclaimed","image":"https://enugupoi.appspot.com/view/binaryData?blobKey=build_POI-Picture-Form_1374250655%5B%40version%3Dnull+and+%40uiVersion%3Dnull%5D%2Fdata%5B%40key%3Duuid%3Afaa206b7-b0ec-4cca-8a80-d9119f33792b%5D%2FPOI_Picture1"},"geometry":{"type":"Point","coordinates":[7.489264,6.447818]}},{"type":"Feature","id":"n_2455133407","properties":{"id":"n_2455133407","name":"St Leo The Great Nursery & Primary School","catalog_type":"school","quality":"B","claim_points":24,"territory_id":"unclaimed","territory_name":"Unclaimed area","territory_role":"unclaimed","image":"https://enugupoi.appspot.com/view/binaryData?blobKey=build_POI-Picture-Form_1374250655%5B%40version%3Dnull+and+%40uiVersion%3Dnull%5D%2Fdata%5B%40key%3Duuid%3A9bdd3d65-da19-4534-a131-5b833b38d506%5D%2FPOI_Picture1"},"geometry":{"type":"Point","coordinates":[7.507836,6.480021]}},{"type":"Feature","id":"n_2455133410","properties":{"id":"n_2455133410","name":"Stambic IBTC Bank","catalog_type":"civic","quality":"B","claim_points":36,"territory_id":"unclaimed","territory_name":"Unclaimed area","territory_role":"unclaimed","image":"https://enugupoi.appspot.com/view/binaryData?blobKey=build_POI-Picture-Form_1374250655%5B%40version%3Dnull+and+%40uiVersion%3Dnull%5D%2Fdata%5B%40key%3Duuid%3A8c4fa673-58ad-4613-878d-c3da43243612%5D%2FPOI_Picture1"},"geometry":{"type":"Point","coordinates":[7.490813,6.4451]}},{"type":"Feature","id":"n_2455133411","properties":{"id":"n_2455133411","name":"Stanbic IBTC Bank Plc","catalog_type":"atm","quality":"B","claim_points":12,"territory_id":"unclaimed","territory_name":"Unclaimed area","territory_role":"unclaimed","image":"https://enugupoi.appspot.com/view/binaryData?blobKey=build_POI-Picture-Form_1374250655%5B%40version%3Dnull+and+%40uiVersion%3Dnull%5D%2Fdata%5B%40key%3Duuid%3Ac3e5a866-a47e-4432-bb30-1ccbe0fbc83a%5D%2FPOI_Picture1"},"geometry":{"type":"Point","coordinates":[7.495592,6.459337]}},{"type":"Feature","id":"n_2455133412","properties":{"id":"n_2455133412","name":"Stanbic IBTC Bank","catalog_type":"bank","quality":"B","claim_points":30,"territory_id":"unclaimed","territory_name":"Unclaimed area","territory_role":"unclaimed","image":"https://enugupoi.appspot.com/view/binaryData?blobKey=build_POI-Picture-Form_1374250655%5B%40version%3Dnull+and+%40uiVersion%3Dnull%5D%2Fdata%5B%40key%3Duuid%3Af588e38e-2427-471e-bc65-b0a83c75b8b2%5D%2FPOI_Picture1"},"geometry":{"type":"Point","coordinates":[7.489525,6.447137]}},{"type":"Feature","id":"n_2455133413","properties":{"id":"n_2455133413","name":"State treasury house","catalog_type":"civic","quality":"B","claim_points":36,"territory_id":"unclaimed","territory_name":"Unclaimed area","territory_role":"unclaimed","image":"https://enugupoi.appspot.com/view/binaryData?blobKey=build_POI-Picture-Form_1374250655%5B%40version%3Dnull+and+%40uiVersion%3Dnull%5D%2Fdata%5B%40key%3Duuid%3Ab1986e71-4f75-4a9e-9f78-35b83844fad0%5D%2FPOI_Picture1"},"geometry":{"type":"Point","coordinates":[7.487171,6.445098]}},{"type":"Feature","id":"n_2455133414","properties":{"id":"n_2455133414","name":"Summieville Cottage","catalog_type":"hotel","quality":"B","claim_points":36,"territory_id":"thinkers_corner","territory_name":"Thinkers Corner","territory_role":"unclaimed","image":"https://enugupoi.appspot.com/view/binaryData?blobKey=build_POI-Picture-Form_1374250655%5B%40version%3Dnull+and+%40uiVersion%3Dnull%5D%2Fdata%5B%40key%3Duuid%3A0c13ffad-92ec-47a8-925e-87eaa33b6961%5D%2FPOI_Picture1"},"geometry":{"type":"Point","coordinates":[7.522565,6.473041]}},{"type":"Feature","id":"n_2455133415","properties":{"id":"n_2455133415","name":"Sunshine Cr\u00e8che","catalog_type":"school","quality":"B","claim_points":24,"territory_id":"unclaimed","territory_name":"Unclaimed area","territory_role":"unclaimed","image":"https://enugupoi.appspot.com/view/binaryData?blobKey=build_POI-Picture-Form_1374250655%5B%40version%3Dnull+and+%40uiVersion%3Dnull%5D%2Fdata%5B%40key%3Duuid%3A3ca67724-b392-43b5-85c8-733b964a00c5%5D%2FPOI_Picture1"},"geometry":{"type":"Point","coordinates":[7.488415,6.447395]}},{"type":"Feature","id":"n_2455133416","properties":{"id":"n_2455133416","name":"Sure mercies eye clinic & services","catalog_type":"hospital","quality":"B","claim_points":24,"territory_id":"unclaimed","territory_name":"Unclaimed area","territory_role":"unclaimed","image":"https://enugupoi.appspot.com/view/binaryData?blobKey=build_POI-Picture-Form_1374250655%5B%40version%3Dnull+and+%40uiVersion%3Dnull%5D%2Fdata%5B%40key%3Duuid%3A8d1f4577-ebc0-4e56-a152-ad9d93aa41e4%5D%2FPOI_Picture1"},"geometry":{"type":"Point","coordinates":[7.493085,6.45038]}},{"type":"Feature","id":"n_2455133418","properties":{"id":"n_2455133418","name":"Tamara Guest Inn","catalog_type":"hotel","quality":"B","claim_points":36,"territory_id":"unclaimed","territory_name":"Unclaimed area","territory_role":"unclaimed","image":"https://enugupoi.appspot.com/view/binaryData?blobKey=build_POI-Picture-Form_1374250655%5B%40version%3Dnull+and+%40uiVersion%3Dnull%5D%2Fdata%5B%40key%3Duuid%3A4719a753-830b-4720-a279-e8ad63e2cc47%5D%2FPOI_Picture1"},"geometry":{"type":"Point","coordinates":[7.481726,6.461007]}},{"type":"Feature","id":"n_2455133419","properties":{"id":"n_2455133419","name":"The Courtyard Hotels & Resorts","catalog_type":"hotel","quality":"B","claim_points":36,"territory_id":"unclaimed","territory_name":"Unclaimed area","territory_role":"unclaimed","image":"https://enugupoi.appspot.com/view/binaryData?blobKey=build_POI-Picture-Form_1374250655%5B%40version%3Dnull+and+%40uiVersion%3Dnull%5D%2Fdata%5B%40key%3Duuid%3A6f7f5168-9f83-4f65-a806-cf422caaa1e4%5D%2FPOI_Picture1"},"geometry":{"type":"Point","coordinates":[7.487704,6.455529]}},{"type":"Feature","id":"n_2455133420","properties":{"id":"n_2455133420","name":"The PDP Presidential Champaign South East Zonal Headquarter","catalog_type":"civic","quality":"B","claim_points":36,"territory_id":"unclaimed","territory_name":"Unclaimed area","territory_role":"unclaimed","image":"https://enugupoi.appspot.com/view/binaryData?blobKey=build_POI-Picture-Form_1374250655%5B%40version%3Dnull+and+%40uiVersion%3Dnull%5D%2Fdata%5B%40key%3Duuid%3A276d4325-98f2-499d-88ae-126639f1bb60%5D%2FPOI_Picture1"},"geometry":{"type":"Point","coordinates":[7.509881,6.46044]}},{"type":"Feature","id":"n_2455133421","properties":{"id":"n_2455133421","name":"The coal city gardens","catalog_type":"hotel","quality":"B","claim_points":36,"territory_id":"unclaimed","territory_name":"Unclaimed area","territory_role":"unclaimed","image":"https://enugupoi.appspot.com/view/binaryData?blobKey=build_POI-Picture-Form_1374250655%5B%40version%3Dnull+and+%40uiVersion%3Dnull%5D%2Fdata%5B%40key%3Duuid%3A09e59ed9-b45c-4841-b73e-e461a8fac7bb%5D%2FPOI_Picture1"},"geometry":{"type":"Point","coordinates":[7.489062,6.447507]}},{"type":"Feature","id":"n_2455133439","properties":{"id":"n_2455133439","name":"Top 10 International Hotel","catalog_type":"hotel","quality":"B","claim_points":36,"territory_id":"unclaimed","territory_name":"Unclaimed area","territory_role":"unclaimed","image":"https://enugupoi.appspot.com/view/binaryData?blobKey=build_POI-Picture-Form_1374250655%5B%40version%3Dnull+and+%40uiVersion%3Dnull%5D%2Fdata%5B%40key%3Duuid%3A884edf90-e0ce-4b90-88f1-5e7859c82cd6%5D%2FPOI_Picture1"},"geometry":{"type":"Point","coordinates":[7.477306,6.462775]}},{"type":"Feature","id":"n_2455133441","properties":{"id":"n_2455133441","name":"Trans Ekulu Girls Secondary School","catalog_type":"school","quality":"B","claim_points":24,"territory_id":"trans_ekulu","territory_name":"Trans-Ekulu","territory_role":"unclaimed","image":"https://enugupoi.appspot.com/view/binaryData?blobKey=build_POI-Picture-Form_1374250655%5B%40version%3Dnull+and+%40uiVersion%3Dnull%5D%2Fdata%5B%40key%3Duuid%3Ad8462692-6a2c-4df0-89c8-b3b077392558%5D%2FPOI_Picture1"},"geometry":{"type":"Point","coordinates":[7.501828,6.476649]}},{"type":"Feature","id":"n_2455133442","properties":{"id":"n_2455133442","name":"Trans Ekulu Primary School","catalog_type":"school","quality":"B","claim_points":24,"territory_id":"trans_ekulu","territory_name":"Trans-Ekulu","territory_role":"unclaimed","image":"https://enugupoi.appspot.com/view/binaryData?blobKey=build_POI-Picture-Form_1374250655%5B%40version%3Dnull+and+%40uiVersion%3Dnull%5D%2Fdata%5B%40key%3Duuid%3Af99135ae-6448-4c42-9194-31455ccdbabb%5D%2FPOI_Picture1"},"geometry":{"type":"Point","coordinates":[7.495381,6.4762499]}},{"type":"Feature","id":"n_2455133444","properties":{"id":"n_2455133444","name":"Union Bank","catalog_type":"bank","quality":"B","claim_points":30,"territory_id":"unclaimed","territory_name":"Unclaimed area","territory_role":"unclaimed","image":"https://enugupoi.appspot.com/view/binaryData?blobKey=build_POI-Picture-Form_1374250655%5B%40version%3Dnull+and+%40uiVersion%3Dnull%5D%2Fdata%5B%40key%3Duuid%3Aaa05fded-52b8-4b8a-878a-971b234c6a9f%5D%2FPOI_Picture1"},"geometry":{"type":"Point","coordinates":[7.490557,6.445506]}},{"type":"Feature","id":"n_2455133721","properties":{"id":"n_2455133721","name":"Union Bank","catalog_type":"bank","quality":"B","claim_points":38,"territory_id":"ogbete","territory_name":"Ogbete","territory_role":"prize_zone"},"geometry":{"type":"Point","coordinates":[7.485022,6.438163]}},{"type":"Feature","id":"n_2455133734","properties":{"id":"n_2455133734","name":"Union Bank","catalog_type":"bank","quality":"B","claim_points":30,"territory_id":"ogui","territory_name":"Ogui","territory_role":"unclaimed"},"geometry":{"type":"Point","coordinates":[7.493999,6.439144]}},{"type":"Feature","id":"n_2455133445","properties":{"id":"n_2455133445","name":"United palm products limited","catalog_type":"civic","quality":"B","claim_points":36,"territory_id":"unclaimed","territory_name":"Unclaimed area","territory_role":"unclaimed","image":"https://enugupoi.appspot.com/view/binaryData?blobKey=build_POI-Picture-Form_1374250655%5B%40version%3Dnull+and+%40uiVersion%3Dnull%5D%2Fdata%5B%40key%3Duuid%3A62acf2a1-0790-4236-beaa-3bded90d589d%5D%2FPOI_Picture1"},"geometry":{"type":"Point","coordinates":[7.483411,6.44641]}},{"type":"Feature","id":"n_2455133457","properties":{"id":"n_2455133457","name":"Universal basic education commission","catalog_type":"civic","quality":"B","claim_points":36,"territory_id":"unclaimed","territory_name":"Unclaimed area","territory_role":"unclaimed","image":"https://enugupoi.appspot.com/view/binaryData?blobKey=build_POI-Picture-Form_1374250655%5B%40version%3Dnull+and+%40uiVersion%3Dnull%5D%2Fdata%5B%40key%3Duuid%3Ac60b2fc3-448c-448d-b9ff-5a3925a3eb8e%5D%2FPOI_Picture1"},"geometry":{"type":"Point","coordinates":[7.482193,6.447128]}},{"type":"Feature","id":"n_2455133465","properties":{"id":"n_2455133465","name":"Veronica Suite","catalog_type":"hotel","quality":"B","claim_points":36,"territory_id":"unclaimed","territory_name":"Unclaimed area","territory_role":"unclaimed","image":"https://enugupoi.appspot.com/view/binaryData?blobKey=build_POI-Picture-Form_1374250655%5B%40version%3Dnull+and+%40uiVersion%3Dnull%5D%2Fdata%5B%40key%3Duuid%3Aa4d22269-c669-4b7d-9058-8c467a702db6%5D%2FPOI_Picture1"},"geometry":{"type":"Point","coordinates":[7.497845,6.464697]}},{"type":"Feature","id":"n_2455133474","properties":{"id":"n_2455133474","name":"Victoria Gardens Hotel Limited","catalog_type":"hotel","quality":"B","claim_points":36,"territory_id":"unclaimed","territory_name":"Unclaimed area","territory_role":"unclaimed","image":"https://enugupoi.appspot.com/view/binaryData?blobKey=build_POI-Picture-Form_1374250655%5B%40version%3Dnull+and+%40uiVersion%3Dnull%5D%2Fdata%5B%40key%3Duuid%3A29b36ace-055f-4b84-a016-be79ac85c9fe%5D%2FPOI_Picture1"},"geometry":{"type":"Point","coordinates":[7.489305,6.459907]}},{"type":"Feature","id":"n_2455133482","properties":{"id":"n_2455133482","name":"Victory Plaza","catalog_type":"market","quality":"B","claim_points":60,"territory_id":"trans_ekulu","territory_name":"Trans-Ekulu","territory_role":"unclaimed","image":"https://enugupoi.appspot.com/view/binaryData?blobKey=build_POI-Picture-Form_1374250655%5B%40version%3Dnull+and+%40uiVersion%3Dnull%5D%2Fdata%5B%40key%3Duuid%3Ae3c097d2-0e33-4e63-8d73-3ab68be71f50%5D%2FPOI_Picture1"},"geometry":{"type":"Point","coordinates":[7.503113,6.479254]}},{"type":"Feature","id":"n_2455133483","properties":{"id":"n_2455133483","name":"Water Works","catalog_type":"civic","quality":"B","claim_points":36,"territory_id":"unclaimed","territory_name":"Unclaimed area","territory_role":"unclaimed","image":"https://enugupoi.appspot.com/view/binaryData?blobKey=build_POI-Picture-Form_1374250655%5B%40version%3Dnull+and+%40uiVersion%3Dnull%5D%2Fdata%5B%40key%3Duuid%3Acaf90f98-9bb8-42ed-a594-1634011c2a59%5D%2FPOI_Picture1"},"geometry":{"type":"Point","coordinates":[7.476037,6.451433]}},{"type":"Feature","id":"n_2455133484","properties":{"id":"n_2455133484","name":"White Hall Medical Centre","catalog_type":"pharmacy","quality":"B","claim_points":36,"territory_id":"unclaimed","territory_name":"Unclaimed area","territory_role":"unclaimed","image":"https://enugupoi.appspot.com/view/binaryData?blobKey=build_POI-Picture-Form_1374250655%5B%40version%3Dnull+and+%40uiVersion%3Dnull%5D%2Fdata%5B%40key%3Duuid%3A3e03256c-921e-4fd1-9ea4-7467e1e38a24%5D%2FPOI_Picture1"},"geometry":{"type":"Point","coordinates":[7.485499,6.450652]}},{"type":"Feature","id":"n_2455133485","properties":{"id":"n_2455133485","name":"Winsophia Child Friendly","catalog_type":"school","quality":"B","claim_points":20,"territory_id":"abakpa","territory_name":"Abakpa","territory_role":"playable_faction","image":"https://enugupoi.appspot.com/view/binaryData?blobKey=build_POI-Picture-Form_1374250655%5B%40version%3Dnull+and+%40uiVersion%3Dnull%5D%2Fdata%5B%40key%3Duuid%3A96ecc298-26d5-4338-a5a5-3454df977b85%5D%2FPOI_Picture1"},"geometry":{"type":"Point","coordinates":[7.52245,6.482994]}},{"type":"Feature","id":"n_2455133487","properties":{"id":"n_2455133487","name":"New Topic Guest House","catalog_type":"hotel","quality":"B","claim_points":36,"territory_id":"unclaimed","territory_name":"Unclaimed area","territory_role":"unclaimed"},"geometry":{"type":"Point","coordinates":[7.507163,6.398478]}},{"type":"Feature","id":"n_2455133488","properties":{"id":"n_2455133488","name":"Ndiagu Amechi Uwani Health Center","catalog_type":"hospital","quality":"B","claim_points":24,"territory_id":"unclaimed","territory_name":"Unclaimed area","territory_role":"unclaimed"},"geometry":{"type":"Point","coordinates":[7.531527,6.407998]}},{"type":"Feature","id":"n_2455133489","properties":{"id":"n_2455133489","name":"Ugwuaji Quest House Enugu","catalog_type":"hotel","quality":"B","claim_points":36,"territory_id":"unclaimed","territory_name":"Unclaimed area","territory_role":"unclaimed"},"geometry":{"type":"Point","coordinates":[7.534622,6.412843]}},{"type":"Feature","id":"n_2455133490","properties":{"id":"n_2455133490","name":"Greater Tomorrow International School (Nur & Pri)","catalog_type":"school","quality":"B","claim_points":24,"territory_id":"uwani","territory_name":"Uwani","territory_role":"unclaimed"},"geometry":{"type":"Point","coordinates":[7.4961329,6.4134409]}},{"type":"Feature","id":"n_2455133491","properties":{"id":"n_2455133491","name":"Chinwe Memorial Clinic","catalog_type":"hospital","quality":"B","claim_points":24,"territory_id":"unclaimed","territory_name":"Unclaimed area","territory_role":"unclaimed"},"geometry":{"type":"Point","coordinates":[7.5442724,6.4134272]}},{"type":"Feature","id":"n_2455133492","properties":{"id":"n_2455133492","name":"Voyage Bay Guest House","catalog_type":"hotel","quality":"B","claim_points":30,"territory_id":"independence_layout","territory_name":"Independence Layout","territory_role":"playable_faction"},"geometry":{"type":"Point","coordinates":[7.52932,6.413652]}},{"type":"Feature","id":"n_2455133493","properties":{"id":"n_2455133493","name":"May Blossom High School","catalog_type":"school","quality":"B","claim_points":24,"territory_id":"uwani","territory_name":"Uwani","territory_role":"unclaimed"},"geometry":{"type":"Point","coordinates":[7.502434,6.413662]}},{"type":"Feature","id":"n_2455133494","properties":{"id":"n_2455133494","name":"Anndy Model School","catalog_type":"school","quality":"B","claim_points":24,"territory_id":"unclaimed","territory_name":"Unclaimed area","territory_role":"unclaimed"},"geometry":{"type":"Point","coordinates":[7.493559,6.413759]}},{"type":"Feature","id":"n_2455133496","properties":{"id":"n_2455133496","name":"Gab Oforma Agbo & Co (Ebulike Chambers)","catalog_type":"civic","quality":"B","claim_points":36,"territory_id":"uwani","territory_name":"Uwani","territory_role":"unclaimed"},"geometry":{"type":"Point","coordinates":[7.495197,6.414603]}},{"type":"Feature","id":"n_2455133497","properties":{"id":"n_2455133497","name":"Child Labour & Abuse Prevention Project","catalog_type":"civic","quality":"B","claim_points":36,"territory_id":"uwani","territory_name":"Uwani","territory_role":"unclaimed"},"geometry":{"type":"Point","coordinates":[7.495136,6.414614]}},{"type":"Feature","id":"n_2455133499","properties":{"id":"n_2455133499","name":"Board Of Internal Revenue Motor Licensing Office","catalog_type":"civic","quality":"B","claim_points":30,"territory_id":"independence_layout","territory_name":"Independence Layout","territory_role":"playable_faction"},"geometry":{"type":"Point","coordinates":[7.504818,6.41521]}},{"type":"Feature","id":"n_2455133503","properties":{"id":"n_2455133503","name":"Emmanuel Foundation International","catalog_type":"civic","quality":"B","claim_points":36,"territory_id":"unclaimed","territory_name":"Unclaimed area","territory_role":"unclaimed"},"geometry":{"type":"Point","coordinates":[7.493618,6.416616]}},{"type":"Feature","id":"n_2455133506","properties":{"id":"n_2455133506","name":"Diamond Bank","catalog_type":"bank","quality":"B","claim_points":30,"territory_id":"unclaimed","territory_name":"Unclaimed area","territory_role":"unclaimed"},"geometry":{"type":"Point","coordinates":[7.491859,6.417211]}},{"type":"Feature","id":"n_2455133609","properties":{"id":"n_2455133609","name":"Diamond Bank","catalog_type":"bank","quality":"B","claim_points":25,"territory_id":"coal_camp","territory_name":"Coal Camp","territory_role":"playable_faction"},"geometry":{"type":"Point","coordinates":[7.4808225,6.431093000000001]}},{"type":"Feature","id":"n_2455133751","properties":{"id":"n_2455133751","name":"Diamond Bank","catalog_type":"bank","quality":"B","claim_points":30,"territory_id":"unclaimed","territory_name":"Unclaimed area","territory_role":"unclaimed"},"geometry":{"type":"Point","coordinates":[7.5064174999999995,6.44053]}},{"type":"Feature","id":"n_2455133772","properties":{"id":"n_2455133772","name":"Diamond Bank","catalog_type":"bank","quality":"B","claim_points":30,"territory_id":"unclaimed","territory_name":"Unclaimed area","territory_role":"unclaimed"},"geometry":{"type":"Point","coordinates":[7.489643,6.441946]}},{"type":"Feature","id":"n_2455133510","properties":{"id":"n_2455133510","name":"Missuori Hotels","catalog_type":"hotel","quality":"B","claim_points":30,"territory_id":"independence_layout","territory_name":"Independence Layout","territory_role":"playable_faction"},"geometry":{"type":"Point","coordinates":[7.509718,6.417555]}},{"type":"Feature","id":"n_2455133511","properties":{"id":"n_2455133511","name":"Missouri Hotel","catalog_type":"hotel","quality":"B","claim_points":30,"territory_id":"independence_layout","territory_name":"Independence Layout","territory_role":"playable_faction"},"geometry":{"type":"Point","coordinates":[7.509589,6.417598]}},{"type":"Feature","id":"n_2455133513","properties":{"id":"n_2455133513","name":"Madonna Daycare Center","catalog_type":"school","quality":"B","claim_points":24,"territory_id":"unclaimed","territory_name":"Unclaimed area","territory_role":"unclaimed"},"geometry":{"type":"Point","coordinates":[7.491049,6.417746]}},{"type":"Feature","id":"n_2455133514","properties":{"id":"n_2455133514","name":"Cosy Hotel","catalog_type":"hotel","quality":"B","claim_points":36,"territory_id":"unclaimed","territory_name":"Unclaimed area","territory_role":"unclaimed"},"geometry":{"type":"Point","coordinates":[7.490654,6.417798]}},{"type":"Feature","id":"n_2455133515","properties":{"id":"n_2455133515","name":"Happy Hours","catalog_type":"hotel","quality":"B","claim_points":30,"territory_id":"independence_layout","territory_name":"Independence Layout","territory_role":"playable_faction"},"geometry":{"type":"Point","coordinates":[7.5106695000000006,6.4179325]}},{"type":"Feature","id":"n_2455133517","properties":{"id":"n_2455133517","name":"Dutchy Properties Limited","catalog_type":"civic","quality":"B","claim_points":36,"territory_id":"uwani","territory_name":"Uwani","territory_role":"unclaimed"},"geometry":{"type":"Point","coordinates":[7.4912753,6.4199406]}},{"type":"Feature","id":"n_2455133518","properties":{"id":"n_2455133518","name":"Viva Healthfoo Shop & Dietetic Clinic","catalog_type":"hospital","quality":"B","claim_points":24,"territory_id":"uwani","territory_name":"Uwani","territory_role":"unclaimed"},"geometry":{"type":"Point","coordinates":[7.494977,6.418407]}},{"type":"Feature","id":"n_2455133520","properties":{"id":"n_2455133520","name":"Okenwa International Driving Training School","catalog_type":"school","quality":"B","claim_points":24,"territory_id":"unclaimed","territory_name":"Unclaimed area","territory_role":"unclaimed"},"geometry":{"type":"Point","coordinates":[7.488044,6.419036]}},{"type":"Feature","id":"n_2455133522","properties":{"id":"n_2455133522","name":"Methodist College","catalog_type":"school","quality":"B","claim_points":24,"territory_id":"unclaimed","territory_name":"Unclaimed area","territory_role":"unclaimed"},"geometry":{"type":"Point","coordinates":[7.487365,6.419208]}},{"type":"Feature","id":"n_2455133523","properties":{"id":"n_2455133523","name":"Happy Time Cr\u00e8che, Nursery & Primary School","catalog_type":"school","quality":"B","claim_points":24,"territory_id":"uwani","territory_name":"Uwani","territory_role":"unclaimed"},"geometry":{"type":"Point","coordinates":[7.492346,6.419481]}},{"type":"Feature","id":"n_2455133524","properties":{"id":"n_2455133524","name":"Enugu Guest House","catalog_type":"hotel","quality":"B","claim_points":36,"territory_id":"uwani","territory_name":"Uwani","territory_role":"unclaimed"},"geometry":{"type":"Point","coordinates":[7.493545,6.419531]}},{"type":"Feature","id":"n_2455133525","properties":{"id":"n_2455133525","name":"Ecobank","catalog_type":"hotel","quality":"B","claim_points":36,"territory_id":"uwani","territory_name":"Uwani","territory_role":"unclaimed"},"geometry":{"type":"Point","coordinates":[7.497252,6.420065]}},{"type":"Feature","id":"n_2455133526","properties":{"id":"n_2455133526","name":"Mac Royal Hotel Limited","catalog_type":"hotel","quality":"B","claim_points":36,"territory_id":"uwani","territory_name":"Uwani","territory_role":"unclaimed"},"geometry":{"type":"Point","coordinates":[7.4923488,6.4202693]}},{"type":"Feature","id":"n_2455133527","properties":{"id":"n_2455133527","name":"Baptist High School","catalog_type":"school","quality":"B","claim_points":24,"territory_id":"uwani","territory_name":"Uwani","territory_role":"unclaimed"},"geometry":{"type":"Point","coordinates":[7.492255,6.421559]}},{"type":"Feature","id":"n_2455133528","properties":{"id":"n_2455133528","name":"Nigeria Muslim Coppers Association of Nigeria","catalog_type":"civic","quality":"B","claim_points":36,"territory_id":"uwani","territory_name":"Uwani","territory_role":"unclaimed"},"geometry":{"type":"Point","coordinates":[7.49396,6.421805]}},{"type":"Feature","id":"n_2455133530","properties":{"id":"n_2455133530","name":"Sacred Heart Primary & Secondary School","catalog_type":"school","quality":"B","claim_points":24,"territory_id":"uwani","territory_name":"Uwani","territory_role":"unclaimed"},"geometry":{"type":"Point","coordinates":[7.489037,6.421991]}},{"type":"Feature","id":"n_2455133532","properties":{"id":"n_2455133532","name":"Enugu State Water Corporation Complaint & Fault Report Center","catalog_type":"civic","quality":"B","claim_points":36,"territory_id":"uwani","territory_name":"Uwani","territory_role":"unclaimed"},"geometry":{"type":"Point","coordinates":[7.493288,6.422478]}},{"type":"Feature","id":"n_2455133533","properties":{"id":"n_2455133533","name":"City Park Luxury Hotel","catalog_type":"hotel","quality":"B","claim_points":30,"territory_id":"independence_layout","territory_name":"Independence Layout","territory_role":"playable_faction"},"geometry":{"type":"Point","coordinates":[7.5185718,6.4224748]}},{"type":"Feature","id":"n_2455133538","properties":{"id":"n_2455133538","name":"Igbo Youth Association Of Nigeria","catalog_type":"civic","quality":"B","claim_points":36,"territory_id":"uwani","territory_name":"Uwani","territory_role":"unclaimed"},"geometry":{"type":"Point","coordinates":[7.488757,6.423591]}},{"type":"Feature","id":"n_2455133539","properties":{"id":"n_2455133539","name":"Uzoho Pharmacy Nig Limited","catalog_type":"civic","quality":"B","claim_points":36,"territory_id":"uwani","territory_name":"Uwani","territory_role":"unclaimed"},"geometry":{"type":"Point","coordinates":[7.488642,6.423683]}},{"type":"Feature","id":"n_2455133540","properties":{"id":"n_2455133540","name":"Good Shepherd Micro Finance Bank","catalog_type":"bank","quality":"B","claim_points":30,"territory_id":"uwani","territory_name":"Uwani","territory_role":"unclaimed"},"geometry":{"type":"Point","coordinates":[7.49706,6.423793]}},{"type":"Feature","id":"n_2455133541","properties":{"id":"n_2455133541","name":"Keystone Bank","catalog_type":"bank","quality":"B","claim_points":30,"territory_id":"uwani","territory_name":"Uwani","territory_role":"unclaimed"},"geometry":{"type":"Point","coordinates":[7.488888,6.423843]}},{"type":"Feature","id":"n_2455133543","properties":{"id":"n_2455133543","name":"Government Secondary School For The Deaf","catalog_type":"school","quality":"B","claim_points":20,"territory_id":"coal_camp","territory_name":"Coal Camp","territory_role":"playable_faction"},"geometry":{"type":"Point","coordinates":[7.476417,6.424389]}},{"type":"Feature","id":"n_2455133546","properties":{"id":"n_2455133546","name":"Moonlight Clinic & Maternity","catalog_type":"hospital","quality":"B","claim_points":20,"territory_id":"coal_camp","territory_name":"Coal Camp","territory_role":"playable_faction"},"geometry":{"type":"Point","coordinates":[7.4796454,6.4244511]}},{"type":"Feature","id":"n_2455133547","properties":{"id":"n_2455133547","name":"International Institute For Entrepreneurship & Development","catalog_type":"school","quality":"B","claim_points":24,"territory_id":"uwani","territory_name":"Uwani","territory_role":"unclaimed"},"geometry":{"type":"Point","coordinates":[7.489773,6.424658]}},{"type":"Feature","id":"n_2455133548","properties":{"id":"n_2455133548","name":"Enugu South LGA Headquarters","catalog_type":"civic","quality":"B","claim_points":36,"territory_id":"uwani","territory_name":"Uwani","territory_role":"unclaimed"},"geometry":{"type":"Point","coordinates":[7.49227,6.424941]}},{"type":"Feature","id":"n_2455133550","properties":{"id":"n_2455133550","name":"Consumer Protection Council","catalog_type":"civic","quality":"B","claim_points":36,"territory_id":"uwani","territory_name":"Uwani","territory_role":"unclaimed"},"geometry":{"type":"Point","coordinates":[7.492317,6.425074]}},{"type":"Feature","id":"n_2455133552","properties":{"id":"n_2455133552","name":"Zenith Bank","catalog_type":"bank","quality":"B","claim_points":30,"territory_id":"uwani","territory_name":"Uwani","territory_role":"unclaimed"},"geometry":{"type":"Point","coordinates":[7.490481,6.425126]}},{"type":"Feature","id":"n_2460131405","properties":{"id":"n_2460131405","name":"Zenith Bank","catalog_type":"bank","quality":"B","claim_points":25,"territory_id":"independence_layout","territory_name":"Independence Layout","territory_role":"playable_faction","image":"https://enugupoi.appspot.com/view/binaryData?blobKey=build_POI-Picture-Form_1374250655%5B%40version%3Dnull+and+%40uiVersion%3Dnull%5D%2Fdata%5B%40key%3Duuid%3A50f83172-c520-4cba-b7c4-761918130496%5D%2FPOI_Picture1"},"geometry":{"type":"Point","coordinates":[7.508713,6.441007]}},{"type":"Feature","id":"n_8753341670","properties":{"id":"n_8753341670","name":"Zenith Bank","catalog_type":"bank","quality":"B","claim_points":30,"territory_id":"new_haven","territory_name":"New Haven","territory_role":"unclaimed"},"geometry":{"type":"Point","coordinates":[7.5304675,6.4571884]}},{"type":"Feature","id":"n_2455133555","properties":{"id":"n_2455133555","name":"First Holistic Health Physiotherapy Clinic","catalog_type":"hospital","quality":"B","claim_points":24,"territory_id":"uwani","territory_name":"Uwani","territory_role":"unclaimed"},"geometry":{"type":"Point","coordinates":[7.494653,6.425602]}},{"type":"Feature","id":"n_2455133556","properties":{"id":"n_2455133556","name":"Rossy Valley International Hotels Limited","catalog_type":"hotel","quality":"B","claim_points":30,"territory_id":"coal_camp","territory_name":"Coal Camp","territory_role":"playable_faction"},"geometry":{"type":"Point","coordinates":[7.478563,6.425886]}},{"type":"Feature","id":"n_2455133560","properties":{"id":"n_2455133560","name":"National Information Technology Development Agency","catalog_type":"civic","quality":"B","claim_points":30,"territory_id":"independence_layout","territory_name":"Independence Layout","territory_role":"playable_faction"},"geometry":{"type":"Point","coordinates":[7.513367,6.426954]}},{"type":"Feature","id":"n_2455133562","properties":{"id":"n_2455133562","name":"Skye Bank","catalog_type":"bank","quality":"B","claim_points":25,"territory_id":"independence_layout","territory_name":"Independence Layout","territory_role":"playable_faction"},"geometry":{"type":"Point","coordinates":[7.50874865,6.4271752499999995]}},{"type":"Feature","id":"n_2455133728","properties":{"id":"n_2455133728","name":"Skye Bank","catalog_type":"bank","quality":"B","claim_points":30,"territory_id":"unclaimed","territory_name":"Unclaimed area","territory_role":"unclaimed"},"geometry":{"type":"Point","coordinates":[7.486486,6.438479]}},{"type":"Feature","id":"n_2455133749","properties":{"id":"n_2455133749","name":"Skye Bank","catalog_type":"bank","quality":"B","claim_points":30,"territory_id":"unclaimed","territory_name":"Unclaimed area","territory_role":"unclaimed"},"geometry":{"type":"Point","coordinates":[7.488753,6.440433]}},{"type":"Feature","id":"n_2455133563","properties":{"id":"n_2455133563","name":"IMT Industrial Centre","catalog_type":"civic","quality":"B","claim_points":30,"territory_id":"independence_layout","territory_name":"Independence Layout","territory_role":"playable_faction"},"geometry":{"type":"Point","coordinates":[7.516191,6.42726]}},{"type":"Feature","id":"n_2455133565","properties":{"id":"n_2455133565","name":"Nigeria Postal Service","catalog_type":"civic","quality":"B","claim_points":30,"territory_id":"independence_layout","territory_name":"Independence Layout","territory_role":"playable_faction"},"geometry":{"type":"Point","coordinates":[7.505228,6.427478]}},{"type":"Feature","id":"n_2455133765","properties":{"id":"n_2455133765","name":"Nigeria Postal Service","catalog_type":"civic","quality":"B","claim_points":36,"territory_id":"ogui","territory_name":"Ogui","territory_role":"unclaimed"},"geometry":{"type":"Point","coordinates":[7.494195,6.441402]}},{"type":"Feature","id":"n_2455133568","properties":{"id":"n_2455133568","name":"Extension Edidas","catalog_type":"civic","quality":"B","claim_points":30,"territory_id":"coal_camp","territory_name":"Coal Camp","territory_role":"playable_faction"},"geometry":{"type":"Point","coordinates":[7.479469,6.427868]}},{"type":"Feature","id":"n_2455133572","properties":{"id":"n_2455133572","name":"Coal Camp Micro Finance Bank","catalog_type":"bank","quality":"B","claim_points":25,"territory_id":"coal_camp","territory_name":"Coal Camp","territory_role":"playable_faction"},"geometry":{"type":"Point","coordinates":[7.479144,6.428701]}},{"type":"Feature","id":"n_2455133573","properties":{"id":"n_2455133573","name":"Paladium Hotels","catalog_type":"hotel","quality":"B","claim_points":30,"territory_id":"coal_camp","territory_name":"Coal Camp","territory_role":"playable_faction"},"geometry":{"type":"Point","coordinates":[7.480994,6.429341]}},{"type":"Feature","id":"n_2455133575","properties":{"id":"n_2455133575","name":"Holy Rosary College Uwani, Enugu","catalog_type":"school","quality":"B","claim_points":24,"territory_id":"unclaimed","territory_name":"Unclaimed area","territory_role":"unclaimed","wikipedia":"en:Holy Rosary College, Enugu"},"geometry":{"type":"Point","coordinates":[7.4953809,6.4294247]}},{"type":"Feature","id":"n_2455133602","properties":{"id":"n_2455133602","name":"Nigeria Postal Service Dept","catalog_type":"civic","quality":"B","claim_points":30,"territory_id":"coal_camp","territory_name":"Coal Camp","territory_role":"playable_faction"},"geometry":{"type":"Point","coordinates":[7.480778,6.429925]}},{"type":"Feature","id":"n_2455133604","properties":{"id":"n_2455133604","name":"Ogbete Tax Office","catalog_type":"civic","quality":"B","claim_points":30,"territory_id":"coal_camp","territory_name":"Coal Camp","territory_role":"playable_faction"},"geometry":{"type":"Point","coordinates":[7.481188,6.430344]}},{"type":"Feature","id":"n_2455133606","properties":{"id":"n_2455133606","name":"Hansa Clinics","catalog_type":"hospital","quality":"B","claim_points":24,"territory_id":"unclaimed","territory_name":"Unclaimed area","territory_role":"unclaimed"},"geometry":{"type":"Point","coordinates":[7.496329,6.430425]}},{"type":"Feature","id":"n_2455133608","properties":{"id":"n_2455133608","name":"Hands & Brain","catalog_type":"civic","quality":"B","claim_points":30,"territory_id":"independence_layout","territory_name":"Independence Layout","territory_role":"playable_faction"},"geometry":{"type":"Point","coordinates":[7.519318,6.430819]}},{"type":"Feature","id":"n_2455133610","properties":{"id":"n_2455133610","name":"First Bank","catalog_type":"bank","quality":"B","claim_points":25,"territory_id":"coal_camp","territory_name":"Coal Camp","territory_role":"playable_faction"},"geometry":{"type":"Point","coordinates":[7.480389,6.430995]}},{"type":"Feature","id":"n_2455133731","properties":{"id":"n_2455133731","name":"First Bank","catalog_type":"bank","quality":"B","claim_points":30,"territory_id":"unclaimed","territory_name":"Unclaimed area","territory_role":"unclaimed"},"geometry":{"type":"Point","coordinates":[7.486838,6.43871]}},{"type":"Feature","id":"n_2455133762","properties":{"id":"n_2455133762","name":"First Bank","catalog_type":"bank","quality":"B","claim_points":30,"territory_id":"unclaimed","territory_name":"Unclaimed area","territory_role":"unclaimed"},"geometry":{"type":"Point","coordinates":[7.488165,6.441286]}},{"type":"Feature","id":"n_2455133780","properties":{"id":"n_2455133780","name":"First Bank","catalog_type":"bank","quality":"B","claim_points":30,"territory_id":"ogui","territory_name":"Ogui","territory_role":"unclaimed"},"geometry":{"type":"Point","coordinates":[7.496561,6.442505]}},{"type":"Feature","id":"n_2492315152","properties":{"id":"n_2492315152","name":"First Bank","catalog_type":"bank","quality":"B","claim_points":25,"territory_id":"independence_layout","territory_name":"Independence Layout","territory_role":"playable_faction","image":"https://enugupoi.appspot.com/view/binaryData?blobKey=build_POI-Picture-Form_1374250655%5B%40version%3Dnull+and+%40uiVersion%3Dnull%5D%2Fdata%5B%40key%3Duuid%3A7e6cf120-ea38-47d1-b369-e7e7bc95f3e0%5D%2FPOI_Picture1"},"geometry":{"type":"Point","coordinates":[7.509551,6.4413275]}},{"type":"Feature","id":"n_2455133611","properties":{"id":"n_2455133611","name":"The International First Aid Society","catalog_type":"civic","quality":"B","claim_points":30,"territory_id":"coal_camp","territory_name":"Coal Camp","territory_role":"playable_faction"},"geometry":{"type":"Point","coordinates":[7.482905,6.431016]}},{"type":"Feature","id":"n_2455133613","properties":{"id":"n_2455133613","name":"Ogbete River Primary School","catalog_type":"school","quality":"B","claim_points":20,"territory_id":"coal_camp","territory_name":"Coal Camp","territory_role":"playable_faction"},"geometry":{"type":"Point","coordinates":[7.479129,6.431292]}},{"type":"Feature","id":"n_2455133614","properties":{"id":"n_2455133614","name":"Topranks Hotels","catalog_type":"hotel","quality":"B","claim_points":30,"territory_id":"independence_layout","territory_name":"Independence Layout","territory_role":"playable_faction"},"geometry":{"type":"Point","coordinates":[7.51969,6.431383]}},{"type":"Feature","id":"n_2455133615","properties":{"id":"n_2455133615","name":"Umuchinemere Procredit Microfinance Bank","catalog_type":"bank","quality":"B","claim_points":30,"territory_id":"unclaimed","territory_name":"Unclaimed area","territory_role":"unclaimed"},"geometry":{"type":"Point","coordinates":[7.493063,6.431395]}},{"type":"Feature","id":"n_2455133616","properties":{"id":"n_2455133616","name":"Olu Aka Di Mma Vocational Technical Training Centre","catalog_type":"school","quality":"B","claim_points":20,"territory_id":"coal_camp","territory_name":"Coal Camp","territory_role":"playable_faction"},"geometry":{"type":"Point","coordinates":[7.478238,6.43145]}},{"type":"Feature","id":"n_2455133618","properties":{"id":"n_2455133618","name":"City Primary School","catalog_type":"school","quality":"B","claim_points":20,"territory_id":"coal_camp","territory_name":"Coal Camp","territory_role":"playable_faction"},"geometry":{"type":"Point","coordinates":[7.477204,6.431651]}},{"type":"Feature","id":"n_2455133619","properties":{"id":"n_2455133619","name":"Niger Optical Services Co Nig. Limited Eye Clinic","catalog_type":"shop","quality":"B","claim_points":42,"territory_id":"unclaimed","territory_name":"Unclaimed area","territory_role":"unclaimed"},"geometry":{"type":"Point","coordinates":[7.4938897,6.4318913]}},{"type":"Feature","id":"n_2455133622","properties":{"id":"n_2455133622","name":"National Library","catalog_type":"civic","quality":"B","claim_points":30,"territory_id":"independence_layout","territory_name":"Independence Layout","territory_role":"playable_faction"},"geometry":{"type":"Point","coordinates":[7.518436,6.432387]}},{"type":"Feature","id":"n_2455133623","properties":{"id":"n_2455133623","name":"The Calvary Institute Of Technology","catalog_type":"school","quality":"B","claim_points":20,"territory_id":"coal_camp","territory_name":"Coal Camp","territory_role":"playable_faction"},"geometry":{"type":"Point","coordinates":[7.4786957,6.4285068]}},{"type":"Feature","id":"n_2455133625","properties":{"id":"n_2455133625","name":"First Hotel","catalog_type":"hotel","quality":"B","claim_points":36,"territory_id":"unclaimed","territory_name":"Unclaimed area","territory_role":"unclaimed"},"geometry":{"type":"Point","coordinates":[7.500935,6.432522]}},{"type":"Feature","id":"n_2455133627","properties":{"id":"n_2455133627","name":"National Primary Health Care Development Agency","catalog_type":"civic","quality":"B","claim_points":30,"territory_id":"independence_layout","territory_name":"Independence Layout","territory_role":"playable_faction"},"geometry":{"type":"Point","coordinates":[7.517713,6.4334584]}},{"type":"Feature","id":"n_2455133628","properties":{"id":"n_2455133628","name":"Coal Mining Corporation","catalog_type":"civic","quality":"B","claim_points":30,"territory_id":"coal_camp","territory_name":"Coal Camp","territory_role":"playable_faction"},"geometry":{"type":"Point","coordinates":[7.469609,6.433263]}},{"type":"Feature","id":"n_2455133629","properties":{"id":"n_2455133629","name":"Concil Obiagu Primary School","catalog_type":"school","quality":"B","claim_points":24,"territory_id":"unclaimed","territory_name":"Unclaimed area","territory_role":"unclaimed"},"geometry":{"type":"Point","coordinates":[7.4970571,6.43336]}},{"type":"Feature","id":"n_2455133630","properties":{"id":"n_2455133630","name":"Placia Hotel","catalog_type":"hotel","quality":"B","claim_points":36,"territory_id":"unclaimed","territory_name":"Unclaimed area","territory_role":"unclaimed"},"geometry":{"type":"Point","coordinates":[7.4981058,6.4334325]}},{"type":"Feature","id":"n_2455133643","properties":{"id":"n_2455133643","name":"Civil Liberty Organization South East Zone","catalog_type":"civic","quality":"B","claim_points":36,"territory_id":"unclaimed","territory_name":"Unclaimed area","territory_role":"unclaimed"},"geometry":{"type":"Point","coordinates":[7.4977605,6.4336216]}},{"type":"Feature","id":"n_2455133647","properties":{"id":"n_2455133647","name":"Dec Enugu Micro Finance Bank","catalog_type":"bank","quality":"B","claim_points":25,"territory_id":"independence_layout","territory_name":"Independence Layout","territory_role":"playable_faction"},"geometry":{"type":"Point","coordinates":[7.519998,6.433616]}},{"type":"Feature","id":"n_2455133648","properties":{"id":"n_2455133648","name":"Association Of Senior Civil Servants Of Nig Enugu State Chapter","catalog_type":"civic","quality":"B","claim_points":36,"territory_id":"unclaimed","territory_name":"Unclaimed area","territory_role":"unclaimed"},"geometry":{"type":"Point","coordinates":[7.4954332,6.4337015]}},{"type":"Feature","id":"n_2455133656","properties":{"id":"n_2455133656","name":"First Bank of Nigeria","catalog_type":"bank","quality":"B","claim_points":30,"territory_id":"unclaimed","territory_name":"Unclaimed area","territory_role":"unclaimed"},"geometry":{"type":"Point","coordinates":[7.4940535,6.43476]}},{"type":"Feature","id":"n_2455133657","properties":{"id":"n_2455133657","name":"Residency Hotel","catalog_type":"hotel","quality":"B","claim_points":30,"territory_id":"independence_layout","territory_name":"Independence Layout","territory_role":"playable_faction"},"geometry":{"type":"Point","coordinates":[7.522885,6.434675]}},{"type":"Feature","id":"n_2455133658","properties":{"id":"n_2455133658","name":"Fontana Hotels","catalog_type":"hotel","quality":"B","claim_points":30,"territory_id":"independence_layout","territory_name":"Independence Layout","territory_role":"playable_faction"},"geometry":{"type":"Point","coordinates":[7.523119,6.434676]}},{"type":"Feature","id":"n_2455133659","properties":{"id":"n_2455133659","name":"Education Resources Center Ministry Of Education","catalog_type":"civic","quality":"B","claim_points":30,"territory_id":"independence_layout","territory_name":"Independence Layout","territory_role":"playable_faction"},"geometry":{"type":"Point","coordinates":[7.502914,6.434758]}},{"type":"Feature","id":"n_2455133672","properties":{"id":"n_2455133672","name":"NTA Enugu Network Centre","catalog_type":"shop","quality":"B","claim_points":35,"territory_id":"independence_layout","territory_name":"Independence Layout","territory_role":"playable_faction"},"geometry":{"type":"Point","coordinates":[7.5144146,6.4403398]}},{"type":"Feature","id":"n_2455133680","properties":{"id":"n_2455133680","name":"Holy Child Motherless Babies Home","catalog_type":"civic","quality":"B","claim_points":36,"territory_id":"unclaimed","territory_name":"Unclaimed area","territory_role":"unclaimed"},"geometry":{"type":"Point","coordinates":[7.489003,6.434914]}},{"type":"Feature","id":"n_2455133688","properties":{"id":"n_2455133688","name":"Nigeria Export Promotion Council","catalog_type":"civic","quality":"B","claim_points":30,"territory_id":"independence_layout","territory_name":"Independence Layout","territory_role":"playable_faction"},"geometry":{"type":"Point","coordinates":[7.521196,6.434965]}},{"type":"Feature","id":"n_2455133689","properties":{"id":"n_2455133689","name":"News Agency Of Nigeria","catalog_type":"civic","quality":"B","claim_points":30,"territory_id":"independence_layout","territory_name":"Independence Layout","territory_role":"playable_faction"},"geometry":{"type":"Point","coordinates":[7.531078,6.434974]}},{"type":"Feature","id":"n_2455133690","properties":{"id":"n_2455133690","name":"Universal Hotel","catalog_type":"hotel","quality":"B","claim_points":30,"territory_id":"independence_layout","territory_name":"Independence Layout","territory_role":"playable_faction"},"geometry":{"type":"Point","coordinates":[7.519428,6.435023]}},{"type":"Feature","id":"n_8754485216","properties":{"id":"n_8754485216","name":"Universal Hotel","catalog_type":"hotel","quality":"B","claim_points":30,"territory_id":"independence_layout","territory_name":"Independence Layout","territory_role":"playable_faction"},"geometry":{"type":"Point","coordinates":[7.5179479,6.4350607]}},{"type":"Feature","id":"n_2455133691","properties":{"id":"n_2455133691","name":"Bank Of Agriculture","catalog_type":"bank","quality":"B","claim_points":25,"territory_id":"independence_layout","territory_name":"Independence Layout","territory_role":"playable_faction"},"geometry":{"type":"Point","coordinates":[7.5210949,6.4350818]}},{"type":"Feature","id":"n_2455133692","properties":{"id":"n_2455133692","name":"Saloon Hotel","catalog_type":"hotel","quality":"B","claim_points":36,"territory_id":"unclaimed","territory_name":"Unclaimed area","territory_role":"unclaimed"},"geometry":{"type":"Point","coordinates":[7.4990701,6.4354596]}},{"type":"Feature","id":"n_2455133694","properties":{"id":"n_2455133694","name":"Sterling Bank","catalog_type":"bank","quality":"B","claim_points":30,"territory_id":"ogui","territory_name":"Ogui","territory_role":"unclaimed"},"geometry":{"type":"Point","coordinates":[7.489649,6.435587]}},{"type":"Feature","id":"n_2455133774","properties":{"id":"n_2455133774","name":"Sterling Bank","catalog_type":"bank","quality":"B","claim_points":30,"territory_id":"unclaimed","territory_name":"Unclaimed area","territory_role":"unclaimed"},"geometry":{"type":"Point","coordinates":[7.489677,6.442117]}},{"type":"Feature","id":"n_2455133696","properties":{"id":"n_2455133696","name":"Ministry Of Education Zonal Inspectorate Office Enugu","catalog_type":"civic","quality":"B","claim_points":30,"territory_id":"independence_layout","territory_name":"Independence Layout","territory_role":"playable_faction"},"geometry":{"type":"Point","coordinates":[7.505088,6.435785]}},{"type":"Feature","id":"n_2455133697","properties":{"id":"n_2455133697","name":"United Bank For Africa (UBA)","catalog_type":"bank","quality":"B","claim_points":25,"territory_id":"independence_layout","territory_name":"Independence Layout","territory_role":"playable_faction"},"geometry":{"type":"Point","coordinates":[7.520309,6.435841]}},{"type":"Feature","id":"n_2455133742","properties":{"id":"n_2455133742","name":"United Bank for Africa (UBA)","catalog_type":"bank","quality":"B","claim_points":30,"territory_id":"unclaimed","territory_name":"Unclaimed area","territory_role":"unclaimed"},"geometry":{"type":"Point","coordinates":[7.488242,6.440098]}},{"type":"Feature","id":"n_2455133754","properties":{"id":"n_2455133754","name":"United Bank For Africa (UBA)","catalog_type":"bank","quality":"B","claim_points":30,"territory_id":"unclaimed","territory_name":"Unclaimed area","territory_role":"unclaimed"},"geometry":{"type":"Point","coordinates":[7.488765,6.440688]}},{"type":"Feature","id":"n_2455133791","properties":{"id":"n_2455133791","name":"United Bank For Africa (UBA)","catalog_type":"bank","quality":"B","claim_points":30,"territory_id":"unclaimed","territory_name":"Unclaimed area","territory_role":"unclaimed"},"geometry":{"type":"Point","coordinates":[7.491742,6.443517]}},{"type":"Feature","id":"n_2455133699","properties":{"id":"n_2455133699","name":"State Central Library","catalog_type":"civic","quality":"B","claim_points":36,"territory_id":"ogui","territory_name":"Ogui","territory_role":"unclaimed"},"geometry":{"type":"Point","coordinates":[7.491271,6.435965]}},{"type":"Feature","id":"n_2455133702","properties":{"id":"n_2455133702","name":"Enugu State Universal Education Board","catalog_type":"civic","quality":"B","claim_points":30,"territory_id":"independence_layout","territory_name":"Independence Layout","territory_role":"playable_faction"},"geometry":{"type":"Point","coordinates":[7.519825,6.436195]}},{"type":"Feature","id":"n_2455133703","properties":{"id":"n_2455133703","name":"PHCN Corporate Zonal Office","catalog_type":"civic","quality":"B","claim_points":30,"territory_id":"independence_layout","territory_name":"Independence Layout","territory_role":"playable_faction"},"geometry":{"type":"Point","coordinates":[7.514333,6.436203]}},{"type":"Feature","id":"n_2455133704","properties":{"id":"n_2455133704","name":"Victory Clinic","catalog_type":"hospital","quality":"B","claim_points":24,"territory_id":"unclaimed","territory_name":"Unclaimed area","territory_role":"unclaimed"},"geometry":{"type":"Point","coordinates":[7.5000977,6.436359]}},{"type":"Feature","id":"n_2455133705","properties":{"id":"n_2455133705","name":"Urban Micro Finance Bank","catalog_type":"bank","quality":"B","claim_points":30,"territory_id":"unclaimed","territory_name":"Unclaimed area","territory_role":"unclaimed"},"geometry":{"type":"Point","coordinates":[7.503587,6.436513]}},{"type":"Feature","id":"n_2455133708","properties":{"id":"n_2455133708","name":"Community Resource Centre","catalog_type":"civic","quality":"B","claim_points":30,"territory_id":"independence_layout","territory_name":"Independence Layout","territory_role":"playable_faction"},"geometry":{"type":"Point","coordinates":[7.519354,6.436841]}},{"type":"Feature","id":"n_2455133709","properties":{"id":"n_2455133709","name":"School Of Nursing UNTH","catalog_type":"school","quality":"B","claim_points":24,"territory_id":"unclaimed","territory_name":"Unclaimed area","territory_role":"unclaimed"},"geometry":{"type":"Point","coordinates":[7.478114,6.436922]}},{"type":"Feature","id":"n_2455133710","properties":{"id":"n_2455133710","name":"First Choice Specialist Clinic","catalog_type":"hospital","quality":"B","claim_points":20,"territory_id":"independence_layout","territory_name":"Independence Layout","territory_role":"playable_faction"},"geometry":{"type":"Point","coordinates":[7.504572,6.437193]}},{"type":"Feature","id":"n_2455133711","properties":{"id":"n_2455133711","name":"Federal Ministry Of Agriculture & Rural Development (South East Office)","catalog_type":"civic","quality":"B","claim_points":30,"territory_id":"independence_layout","territory_name":"Independence Layout","territory_role":"playable_faction"},"geometry":{"type":"Point","coordinates":[7.518904,6.437305]}},{"type":"Feature","id":"n_2455133712","properties":{"id":"n_2455133712","name":"Guaranty Trust Bank (GTB)","catalog_type":"bank","quality":"B","claim_points":30,"territory_id":"ogui","territory_name":"Ogui","territory_role":"unclaimed"},"geometry":{"type":"Point","coordinates":[7.4910542,6.4350447]}},{"type":"Feature","id":"n_2455133815","properties":{"id":"n_2455133815","name":"Guaranty Trust Bank (GTB)","catalog_type":"bank","quality":"B","claim_points":25,"territory_id":"independence_layout","territory_name":"Independence Layout","territory_role":"playable_faction"},"geometry":{"type":"Point","coordinates":[7.5153055,6.4453285000000005]}},{"type":"Feature","id":"n_2455133713","properties":{"id":"n_2455133713","name":"Fidelity bank PLC Ogui road","catalog_type":"bank","quality":"B","claim_points":30,"territory_id":"ogui","territory_name":"Ogui","territory_role":"unclaimed"},"geometry":{"type":"Point","coordinates":[7.492851,6.437362]}},{"type":"Feature","id":"n_2455133715","properties":{"id":"n_2455133715","name":"Red Cross House","catalog_type":"civic","quality":"B","claim_points":36,"territory_id":"unclaimed","territory_name":"Unclaimed area","territory_role":"unclaimed"},"geometry":{"type":"Point","coordinates":[7.48803,6.437685]}},{"type":"Feature","id":"n_2455133717","properties":{"id":"n_2455133717","name":"Umuchinemere Procredit Micro- Finance Bank","catalog_type":"bank","quality":"B","claim_points":30,"territory_id":"unclaimed","territory_name":"Unclaimed area","territory_role":"unclaimed"},"geometry":{"type":"Point","coordinates":[7.503556,6.437882]}},{"type":"Feature","id":"n_2455133718","properties":{"id":"n_2455133718","name":"United Trust Assurance Co Limited","catalog_type":"bank","quality":"B","claim_points":38,"territory_id":"ogbete","territory_name":"Ogbete","territory_role":"prize_zone"},"geometry":{"type":"Point","coordinates":[7.485908,6.43804]}},{"type":"Feature","id":"n_2455133719","properties":{"id":"n_2455133719","name":"AG Homes","catalog_type":"bank","quality":"B","claim_points":38,"territory_id":"ogbete","territory_name":"Ogbete","territory_role":"prize_zone"},"geometry":{"type":"Point","coordinates":[7.485679,6.438149]}},{"type":"Feature","id":"n_2455133737","properties":{"id":"n_2455133737","name":"AG Homes","catalog_type":"bank","quality":"B","claim_points":30,"territory_id":"ogui","territory_name":"Ogui","territory_role":"unclaimed"},"geometry":{"type":"Point","coordinates":[7.494323,6.439649]}},{"type":"Feature","id":"n_2455133720","properties":{"id":"n_2455133720","name":"Harvard Trust Savings Loans Ltd","catalog_type":"bank","quality":"B","claim_points":38,"territory_id":"ogbete","territory_name":"Ogbete","territory_role":"prize_zone"},"geometry":{"type":"Point","coordinates":[7.485849,6.438162]}},{"type":"Feature","id":"n_2455133723","properties":{"id":"n_2455133723","name":"House Of Assembly","catalog_type":"civic","quality":"B","claim_points":30,"territory_id":"independence_layout","territory_name":"Independence Layout","territory_role":"playable_faction"},"geometry":{"type":"Point","coordinates":[7.517722,6.438328]}},{"type":"Feature","id":"n_2455133724","properties":{"id":"n_2455133724","name":"Jacob Memorial Clinic","catalog_type":"hospital","quality":"B","claim_points":24,"territory_id":"unclaimed","territory_name":"Unclaimed area","territory_role":"unclaimed"},"geometry":{"type":"Point","coordinates":[7.502103,6.438333]}},{"type":"Feature","id":"n_2455133725","properties":{"id":"n_2455133725","name":"Enugu North Local Government Headquarters","catalog_type":"civic","quality":"B","claim_points":36,"territory_id":"unclaimed","territory_name":"Unclaimed area","territory_role":"unclaimed"},"geometry":{"type":"Point","coordinates":[7.486164,6.438371]}},{"type":"Feature","id":"n_2455133726","properties":{"id":"n_2455133726","name":"Nigeria Communication Commission","catalog_type":"civic","quality":"B","claim_points":30,"territory_id":"independence_layout","territory_name":"Independence Layout","territory_role":"playable_faction"},"geometry":{"type":"Point","coordinates":[7.515473,6.438443]}},{"type":"Feature","id":"n_2455133727","properties":{"id":"n_2455133727","name":"Nigeria Prisons Service","catalog_type":"civic","quality":"B","claim_points":36,"territory_id":"unclaimed","territory_name":"Unclaimed area","territory_role":"unclaimed"},"geometry":{"type":"Point","coordinates":[7.483925,6.438444]}},{"type":"Feature","id":"n_2455133729","properties":{"id":"n_2455133729","name":"Amalgamated Union Of Public Corporation, Civil Service Technical & Recreational Services Employees","catalog_type":"civic","quality":"B","claim_points":36,"territory_id":"ogui","territory_name":"Ogui","territory_role":"unclaimed"},"geometry":{"type":"Point","coordinates":[7.4932,6.438486]}},{"type":"Feature","id":"n_2455133732","properties":{"id":"n_2455133732","name":"Hotel Metropole","catalog_type":"hotel","quality":"B","claim_points":36,"territory_id":"ogui","territory_name":"Ogui","territory_role":"unclaimed"},"geometry":{"type":"Point","coordinates":[7.493655,6.438839]}},{"type":"Feature","id":"n_2455133733","properties":{"id":"n_2455133733","name":"Mainstreet Bank","catalog_type":"bank","quality":"B","claim_points":30,"territory_id":"ogui","territory_name":"Ogui","territory_role":"unclaimed"},"geometry":{"type":"Point","coordinates":[7.493963,6.438986]}},{"type":"Feature","id":"n_2455133735","properties":{"id":"n_2455133735","name":"Nigerian Prison Services State Headquarters","catalog_type":"civic","quality":"B","claim_points":30,"territory_id":"independence_layout","territory_name":"Independence Layout","territory_role":"playable_faction"},"geometry":{"type":"Point","coordinates":[7.531847,6.43918]}},{"type":"Feature","id":"n_2455133736","properties":{"id":"n_2455133736","name":"Unity Bank","catalog_type":"bank","quality":"B","claim_points":30,"territory_id":"ogui","territory_name":"Ogui","territory_role":"unclaimed"},"geometry":{"type":"Point","coordinates":[7.494253,6.439554]}},{"type":"Feature","id":"n_2455133738","properties":{"id":"n_2455133738","name":"Alpha Nnachuks Oil & Gas Limited","catalog_type":"civic","quality":"B","claim_points":36,"territory_id":"unclaimed","territory_name":"Unclaimed area","territory_role":"unclaimed"},"geometry":{"type":"Point","coordinates":[7.487911,6.439671]}},{"type":"Feature","id":"n_2455133739","properties":{"id":"n_2455133739","name":"The Bull","catalog_type":"hotel","quality":"B","claim_points":36,"territory_id":"ogui","territory_name":"Ogui","territory_role":"unclaimed"},"geometry":{"type":"Point","coordinates":[7.497054,6.439857]}},{"type":"Feature","id":"n_2455133756","properties":{"id":"n_2455133756","name":"Citi Chef","catalog_type":"food","quality":"B","claim_points":48,"territory_id":"ogui","territory_name":"Ogui","territory_role":"unclaimed"},"geometry":{"type":"Point","coordinates":[7.4947792,6.4409482]}},{"type":"Feature","id":"n_2455133757","properties":{"id":"n_2455133757","name":"Hotel Presidential","catalog_type":"hotel","quality":"B","claim_points":30,"territory_id":"independence_layout","territory_name":"Independence Layout","territory_role":"playable_faction"},"geometry":{"type":"Point","coordinates":[7.5125098,6.4413222999999995]}},{"type":"Feature","id":"n_2455133759","properties":{"id":"n_2455133759","name":"Emmanuel Clinic","catalog_type":"hospital","quality":"B","claim_points":24,"territory_id":"ogui","territory_name":"Ogui","territory_role":"unclaimed"},"geometry":{"type":"Point","coordinates":[7.495275,6.44096]}},{"type":"Feature","id":"n_2455133761","properties":{"id":"n_2455133761","name":"Express Mail Centre","catalog_type":"civic","quality":"B","claim_points":30,"territory_id":"independence_layout","territory_name":"Independence Layout","territory_role":"playable_faction"},"geometry":{"type":"Point","coordinates":[7.510056,6.441176]}},{"type":"Feature","id":"n_2455133767","properties":{"id":"n_2455133767","name":"Olive View Clinics","catalog_type":"civic","quality":"B","claim_points":36,"territory_id":"ogui","territory_name":"Ogui","territory_role":"unclaimed"},"geometry":{"type":"Point","coordinates":[7.49606,6.44144]}},{"type":"Feature","id":"n_2455133768","properties":{"id":"n_2455133768","name":"Old Orchard","catalog_type":"hotel","quality":"B","claim_points":30,"territory_id":"independence_layout","territory_name":"Independence Layout","territory_role":"playable_faction"},"geometry":{"type":"Point","coordinates":[7.531782,6.441468]}},{"type":"Feature","id":"n_2455133769","properties":{"id":"n_2455133769","name":"Olive Gate Hotels","catalog_type":"hotel","quality":"B","claim_points":30,"territory_id":"independence_layout","territory_name":"Independence Layout","territory_role":"playable_faction"},"geometry":{"type":"Point","coordinates":[7.531773,6.441486]}},{"type":"Feature","id":"n_2455133773","properties":{"id":"n_2455133773","name":"La-Nueva Hotels","catalog_type":"hotel","quality":"B","claim_points":30,"territory_id":"independence_layout","territory_name":"Independence Layout","territory_role":"playable_faction"},"geometry":{"type":"Point","coordinates":[7.531849,6.441964]}},{"type":"Feature","id":"n_2455133775","properties":{"id":"n_2455133775","name":"Access Bank (ATM)","catalog_type":"bank","quality":"B","claim_points":25,"territory_id":"independence_layout","territory_name":"Independence Layout","territory_role":"playable_faction"},"geometry":{"type":"Point","coordinates":[7.51417,6.442138]}},{"type":"Feature","id":"n_2455133777","properties":{"id":"n_2455133777","name":"Grace International School","catalog_type":"school","quality":"B","claim_points":24,"territory_id":"ogui","territory_name":"Ogui","territory_role":"unclaimed"},"geometry":{"type":"Point","coordinates":[7.497481,6.442223]}},{"type":"Feature","id":"n_2455133778","properties":{"id":"n_2455133778","name":"Tax Appeal Tribunal","catalog_type":"civic","quality":"B","claim_points":36,"territory_id":"unclaimed","territory_name":"Unclaimed area","territory_role":"unclaimed"},"geometry":{"type":"Point","coordinates":[7.488255,6.442234]}},{"type":"Feature","id":"n_2455133779","properties":{"id":"n_2455133779","name":"Crunchies","catalog_type":"food","quality":"B","claim_points":40,"territory_id":"independence_layout","territory_name":"Independence Layout","territory_role":"playable_faction"},"geometry":{"type":"Point","coordinates":[7.514391,6.442399]}},{"type":"Feature","id":"n_2455133781","properties":{"id":"n_2455133781","name":"Toscana Hotel","catalog_type":"hotel","quality":"B","claim_points":30,"territory_id":"independence_layout","territory_name":"Independence Layout","territory_role":"playable_faction"},"geometry":{"type":"Point","coordinates":[7.523773,6.442575]}},{"type":"Feature","id":"n_2455133783","properties":{"id":"n_2455133783","name":"Zanzibar","catalog_type":"hotel","quality":"B","claim_points":30,"territory_id":"independence_layout","territory_name":"Independence Layout","territory_role":"playable_faction"},"geometry":{"type":"Point","coordinates":[7.524759,6.442757]}},{"type":"Feature","id":"n_2455133784","properties":{"id":"n_2455133784","name":"Sky Bank","catalog_type":"bank","quality":"B","claim_points":30,"territory_id":"ogui","territory_name":"Ogui","territory_role":"unclaimed"},"geometry":{"type":"Point","coordinates":[7.496503,6.442854]}},{"type":"Feature","id":"n_2455133785","properties":{"id":"n_2455133785","name":"PMAN","catalog_type":"civic","quality":"B","claim_points":36,"territory_id":"unclaimed","territory_name":"Unclaimed area","territory_role":"unclaimed"},"geometry":{"type":"Point","coordinates":[7.490042,6.442897]}},{"type":"Feature","id":"n_2455133786","properties":{"id":"n_2455133786","name":"Zodiac","catalog_type":"hotel","quality":"B","claim_points":30,"territory_id":"independence_layout","territory_name":"Independence Layout","territory_role":"playable_faction"},"geometry":{"type":"Point","coordinates":[7.514898,6.443213]}},{"type":"Feature","id":"n_2455133787","properties":{"id":"n_2455133787","name":"State Strategy For Community Development CDP Community Development Project","catalog_type":"civic","quality":"B","claim_points":36,"territory_id":"unclaimed","territory_name":"Unclaimed area","territory_role":"unclaimed"},"geometry":{"type":"Point","coordinates":[7.489043,6.443393]}},{"type":"Feature","id":"n_2455133789","properties":{"id":"n_2455133789","name":"Ministry Of Education Examination Development Centre","catalog_type":"civic","quality":"B","claim_points":36,"territory_id":"unclaimed","territory_name":"Unclaimed area","territory_role":"unclaimed"},"geometry":{"type":"Point","coordinates":[7.488521,6.443457]}},{"type":"Feature","id":"n_2455133790","properties":{"id":"n_2455133790","name":"NBTEB State Office","catalog_type":"civic","quality":"B","claim_points":36,"territory_id":"unclaimed","territory_name":"Unclaimed area","territory_role":"unclaimed"},"geometry":{"type":"Point","coordinates":[7.490426,6.443491]}},{"type":"Feature","id":"n_2455133808","properties":{"id":"n_2455133808","name":"Roban Hotel","catalog_type":"hotel","quality":"B","claim_points":30,"territory_id":"independence_layout","territory_name":"Independence Layout","territory_role":"playable_faction"},"geometry":{"type":"Point","coordinates":[7.5101743,6.4442174]}},{"type":"Feature","id":"n_2455133809","properties":{"id":"n_2455133809","name":"World Health Organisation","catalog_type":"civic","quality":"B","claim_points":30,"territory_id":"independence_layout","territory_name":"Independence Layout","territory_role":"playable_faction"},"geometry":{"type":"Point","coordinates":[7.52467,6.4445067]}},{"type":"Feature","id":"n_2455133810","properties":{"id":"n_2455133810","name":"Fidelity Bank Regional Head Quarter","catalog_type":"bank","quality":"B","claim_points":25,"territory_id":"independence_layout","territory_name":"Independence Layout","territory_role":"playable_faction"},"geometry":{"type":"Point","coordinates":[7.515137,6.444406]}},{"type":"Feature","id":"n_2455133812","properties":{"id":"n_2455133812","name":"UNICEF Field Office","catalog_type":"civic","quality":"B","claim_points":30,"territory_id":"independence_layout","territory_name":"Independence Layout","territory_role":"playable_faction"},"geometry":{"type":"Point","coordinates":[7.524714,6.444814]}},{"type":"Feature","id":"n_2455133814","properties":{"id":"n_2455133814","name":"Bayview Resorts & Hotel","catalog_type":"hotel","quality":"B","claim_points":30,"territory_id":"independence_layout","territory_name":"Independence Layout","territory_role":"playable_faction"},"geometry":{"type":"Point","coordinates":[7.525881,6.444987]}},{"type":"Feature","id":"n_2455133816","properties":{"id":"n_2455133816","name":"Society For Family Health","catalog_type":"civic","quality":"B","claim_points":30,"territory_id":"independence_layout","territory_name":"Independence Layout","territory_role":"playable_faction"},"geometry":{"type":"Point","coordinates":[7.527388,6.445192]}},{"type":"Feature","id":"n_2455133817","properties":{"id":"n_2455133817","name":"Ikeoha Foundation","catalog_type":"civic","quality":"B","claim_points":30,"territory_id":"independence_layout","territory_name":"Independence Layout","territory_role":"playable_faction"},"geometry":{"type":"Point","coordinates":[7.527473,6.4452]}},{"type":"Feature","id":"n_2455133822","properties":{"id":"n_2455133822","name":"Rural Electrification Agency Of Nigeria","catalog_type":"civic","quality":"B","claim_points":30,"territory_id":"independence_layout","territory_name":"Independence Layout","territory_role":"playable_faction"},"geometry":{"type":"Point","coordinates":[7.512587,6.4461291]}},{"type":"Feature","id":"n_2455133823","properties":{"id":"n_2455133823","name":"Modotel","catalog_type":"hotel","quality":"B","claim_points":36,"territory_id":"unclaimed","territory_name":"Unclaimed area","territory_role":"unclaimed"},"geometry":{"type":"Point","coordinates":[7.492059,6.446123]}},{"type":"Feature","id":"n_2455133824","properties":{"id":"n_2455133824","name":"Gardenia Guest House","catalog_type":"hotel","quality":"B","claim_points":30,"territory_id":"independence_layout","territory_name":"Independence Layout","territory_role":"playable_faction"},"geometry":{"type":"Point","coordinates":[7.5123886,6.4463101]}},{"type":"Feature","id":"n_2460131041","properties":{"id":"n_2460131041","name":"Gardenia Guest House","catalog_type":"hotel","quality":"B","claim_points":36,"territory_id":"ogui","territory_name":"Ogui","territory_role":"unclaimed","image":"https://enugupoi.appspot.com/view/binaryData?blobKey=build_POI-Picture-Form_1374250655%5B%40version%3Dnull+and+%40uiVersion%3Dnull%5D%2Fdata%5B%40key%3Duuid%3Aaf505354-17b8-4777-ab9a-dd08f0446ac9%5D%2FPOI_Picture1"},"geometry":{"type":"Point","coordinates":[7.4986264,6.4457225]}},{"type":"Feature","id":"n_2455133828","properties":{"id":"n_2455133828","name":"Comni Hotel","catalog_type":"hotel","quality":"B","claim_points":30,"territory_id":"independence_layout","territory_name":"Independence Layout","territory_role":"playable_faction"},"geometry":{"type":"Point","coordinates":[7.532621,6.446806]}},{"type":"Feature","id":"n_2455133830","properties":{"id":"n_2455133830","name":"Gemini Inn","catalog_type":"hotel","quality":"B","claim_points":30,"territory_id":"independence_layout","territory_name":"Independence Layout","territory_role":"playable_faction"},"geometry":{"type":"Point","coordinates":[7.511356,6.447077]}},{"type":"Feature","id":"n_2455133831","properties":{"id":"n_2455133831","name":"Hotel Monte-Carlo","catalog_type":"hotel","quality":"B","claim_points":30,"territory_id":"independence_layout","territory_name":"Independence Layout","territory_role":"playable_faction"},"geometry":{"type":"Point","coordinates":[7.533061,6.44719]}},{"type":"Feature","id":"n_2455133833","properties":{"id":"n_2455133833","name":"Bethel Medical Clinic","catalog_type":"hospital","quality":"B","claim_points":24,"territory_id":"ogui","territory_name":"Ogui","territory_role":"unclaimed"},"geometry":{"type":"Point","coordinates":[7.501111,6.447611]}},{"type":"Feature","id":"n_2455133835","properties":{"id":"n_2455133835","name":"THE Hotel","catalog_type":"hotel","quality":"B","claim_points":30,"territory_id":"independence_layout","territory_name":"Independence Layout","territory_role":"playable_faction"},"geometry":{"type":"Point","coordinates":[7.522784,6.448519]}},{"type":"Feature","id":"n_2455133836","properties":{"id":"n_2455133836","name":"Astoria Guest House","catalog_type":"hotel","quality":"B","claim_points":30,"territory_id":"independence_layout","territory_name":"Independence Layout","territory_role":"playable_faction"},"geometry":{"type":"Point","coordinates":[7.511899,6.448773]}},{"type":"Feature","id":"n_2455133837","properties":{"id":"n_2455133837","name":"Metropole Guest House","catalog_type":"hotel","quality":"B","claim_points":30,"territory_id":"independence_layout","territory_name":"Independence Layout","territory_role":"playable_faction"},"geometry":{"type":"Point","coordinates":[7.512225,6.449193]}},{"type":"Feature","id":"n_2455133838","properties":{"id":"n_2455133838","name":"State UNDP Desk Office","catalog_type":"civic","quality":"B","claim_points":30,"territory_id":"independence_layout","territory_name":"Independence Layout","territory_role":"playable_faction"},"geometry":{"type":"Point","coordinates":[7.520472,6.449256]}},{"type":"Feature","id":"n_2455133840","properties":{"id":"n_2455133840","name":"Office Of The Special Adviser To The Governor","catalog_type":"civic","quality":"B","claim_points":30,"territory_id":"independence_layout","territory_name":"Independence Layout","territory_role":"playable_faction"},"geometry":{"type":"Point","coordinates":[7.520499,6.449277]}},{"type":"Feature","id":"n_2455133841","properties":{"id":"n_2455133841","name":"National Emergency Management Agency","catalog_type":"civic","quality":"B","claim_points":30,"territory_id":"independence_layout","territory_name":"Independence Layout","territory_role":"playable_faction"},"geometry":{"type":"Point","coordinates":[7.534563,6.449421]}},{"type":"Feature","id":"n_2455133842","properties":{"id":"n_2455133842","name":"Hotel Chiloville","catalog_type":"hotel","quality":"B","claim_points":30,"territory_id":"independence_layout","territory_name":"Independence Layout","territory_role":"playable_faction"},"geometry":{"type":"Point","coordinates":[7.5202699,6.449412]}},{"type":"Feature","id":"n_2455133843","properties":{"id":"n_2455133843","name":"Independent Corrupt Practice & Other Related Offences Commission","catalog_type":"civic","quality":"B","claim_points":30,"territory_id":"independence_layout","territory_name":"Independence Layout","territory_role":"playable_faction"},"geometry":{"type":"Point","coordinates":[7.534779,6.449477]}},{"type":"Feature","id":"n_2455133845","properties":{"id":"n_2455133845","name":"Favours Guest House","catalog_type":"hotel","quality":"B","claim_points":30,"territory_id":"independence_layout","territory_name":"Independence Layout","territory_role":"playable_faction"},"geometry":{"type":"Point","coordinates":[7.511517,6.449758]}},{"type":"Feature","id":"n_2455133846","properties":{"id":"n_2455133846","name":"Lavida Suites","catalog_type":"hotel","quality":"B","claim_points":30,"territory_id":"independence_layout","territory_name":"Independence Layout","territory_role":"playable_faction"},"geometry":{"type":"Point","coordinates":[7.521868,6.449999]}},{"type":"Feature","id":"n_2455133847","properties":{"id":"n_2455133847","name":"Allen Suites","catalog_type":"hotel","quality":"B","claim_points":30,"territory_id":"independence_layout","territory_name":"Independence Layout","territory_role":"playable_faction"},"geometry":{"type":"Point","coordinates":[7.519926,6.450161]}},{"type":"Feature","id":"n_2455133855","properties":{"id":"n_2455133855","name":"Petroleum Equalisation Fund Board","catalog_type":"civic","quality":"B","claim_points":30,"territory_id":"independence_layout","territory_name":"Independence Layout","territory_role":"playable_faction"},"geometry":{"type":"Point","coordinates":[7.535889,6.450252]}},{"type":"Feature","id":"n_2455133863","properties":{"id":"n_2455133863","name":"Admiral Resort & Hotel","catalog_type":"hotel","quality":"B","claim_points":30,"territory_id":"independence_layout","territory_name":"Independence Layout","territory_role":"playable_faction"},"geometry":{"type":"Point","coordinates":[7.5309225,6.4504208]}},{"type":"Feature","id":"n_2455133871","properties":{"id":"n_2455133871","name":"Legislative Quarters","catalog_type":"civic","quality":"B","claim_points":30,"territory_id":"independence_layout","territory_name":"Independence Layout","territory_role":"playable_faction"},"geometry":{"type":"Point","coordinates":[7.5126252,6.4445264]}},{"type":"Feature","id":"n_2455133879","properties":{"id":"n_2455133879","name":"Hotel Fidelma","catalog_type":"hotel","quality":"B","claim_points":30,"territory_id":"independence_layout","territory_name":"Independence Layout","territory_role":"playable_faction"},"geometry":{"type":"Point","coordinates":[7.536405,6.450657]}},{"type":"Feature","id":"n_2455133888","properties":{"id":"n_2455133888","name":"Prawa","catalog_type":"civic","quality":"B","claim_points":30,"territory_id":"independence_layout","territory_name":"Independence Layout","territory_role":"playable_faction"},"geometry":{"type":"Point","coordinates":[7.528012,6.451082]}},{"type":"Feature","id":"n_2455133907","properties":{"id":"n_2455133907","name":"Crown Guest House","catalog_type":"hotel","quality":"B","claim_points":30,"territory_id":"independence_layout","territory_name":"Independence Layout","territory_role":"playable_faction"},"geometry":{"type":"Point","coordinates":[7.526142,6.45121]}},{"type":"Feature","id":"n_2455133916","properties":{"id":"n_2455133916","name":"Blue Island Hotel & Arena","catalog_type":"hotel","quality":"B","claim_points":30,"territory_id":"independence_layout","territory_name":"Independence Layout","territory_role":"playable_faction"},"geometry":{"type":"Point","coordinates":[7.512837,6.453459]}},{"type":"Feature","id":"n_2455133925","properties":{"id":"n_2455133925","name":"Citi Center","catalog_type":"food","quality":"B","claim_points":40,"territory_id":"independence_layout","territory_name":"Independence Layout","territory_role":"playable_faction"},"geometry":{"type":"Point","coordinates":[7.512724,6.453905]}},{"type":"Feature","id":"n_2455133927","properties":{"id":"n_2455133927","name":"Naowa Group Of Schools","catalog_type":"school","quality":"B","claim_points":24,"territory_id":"unclaimed","territory_name":"Unclaimed area","territory_role":"unclaimed"},"geometry":{"type":"Point","coordinates":[7.513008,6.462466]}},{"type":"Feature","id":"n_2455133928","properties":{"id":"n_2455133928","name":"Naowa Nursery School","catalog_type":"school","quality":"B","claim_points":24,"territory_id":"unclaimed","territory_name":"Unclaimed area","territory_role":"unclaimed"},"geometry":{"type":"Point","coordinates":[7.513196,6.462553]}},{"type":"Feature","id":"n_2455133930","properties":{"id":"n_2455133930","name":"El-Shaddai International Schools","catalog_type":"school","quality":"B","claim_points":20,"territory_id":"abakpa","territory_name":"Abakpa","territory_role":"playable_faction"},"geometry":{"type":"Point","coordinates":[7.525955,6.481112]}},{"type":"Feature","id":"n_2455133931","properties":{"id":"n_2455133931","name":"New Eunaco Guest House","catalog_type":"hotel","quality":"B","claim_points":30,"territory_id":"abakpa","territory_name":"Abakpa","territory_role":"playable_faction"},"geometry":{"type":"Point","coordinates":[7.523375,6.482651]}},{"type":"Feature","id":"n_2460130857","properties":{"id":"n_2460130857","name":"Carmel Nursery & Primary School","catalog_type":"school","quality":"B","claim_points":24,"territory_id":"unclaimed","territory_name":"Unclaimed area","territory_role":"unclaimed","image":"https://enugupoi.appspot.com/view/binaryData?blobKey=build_POI-Picture-Form_1374250655%5B%40version%3Dnull+and+%40uiVersion%3Dnull%5D%2Fdata%5B%40key%3Duuid%3A32fd838b-253f-4a78-b803-b397763231ac%5D%2FPOI_Picture1"},"geometry":{"type":"Point","coordinates":[7.504813,6.467566]}},{"type":"Feature","id":"n_2460130860","properties":{"id":"n_2460130860","name":"Catholic Workers Volunteer Force Enugu Head Office.","catalog_type":"civic","quality":"B","claim_points":36,"territory_id":"uwani","territory_name":"Uwani","territory_role":"unclaimed","image":"https://enugupoi.appspot.com/view/binaryData?blobKey=build_POI-Picture-Form_1374250655%5B%40version%3Dnull+and+%40uiVersion%3Dnull%5D%2Fdata%5B%40key%3Duuid%3A6a36cfea-98b4-4637-8513-3af15acc579d%5D%2FPOI_Picture1"},"geometry":{"type":"Point","coordinates":[7.492469,6.417684]}},{"type":"Feature","id":"n_2460130988","properties":{"id":"n_2460130988","name":"Enugu State College Of Education (Technical), Enugu","catalog_type":"school","quality":"B","claim_points":24,"territory_id":"unclaimed","territory_name":"Unclaimed area","territory_role":"unclaimed","image":"https://enugupoi.appspot.com/view/binaryData?blobKey=build_POI-Picture-Form_1374250655%5B%40version%3Dnull+and+%40uiVersion%3Dnull%5D%2Fdata%5B%40key%3Duuid%3A4c6cc28a-0b85-4e56-b8ed-a577c327991f%5D%2FPOI_Picture1"},"geometry":{"type":"Point","coordinates":[7.498836000000001,6.4597925]}},{"type":"Feature","id":"n_2460131005","properties":{"id":"n_2460131005","name":"Federal Character Commission","catalog_type":"civic","quality":"B","claim_points":30,"territory_id":"independence_layout","territory_name":"Independence Layout","territory_role":"playable_faction","image":"https://enugupoi.appspot.com/view/binaryData?blobKey=build_POI-Picture-Form_1374250655%5B%40version%3Dnull+and+%40uiVersion%3Dnull%5D%2Fdata%5B%40key%3Duuid%3A7fc1d849-a02f-412e-a23d-1dd6cd537500%5D%2FPOI_Picture1"},"geometry":{"type":"Point","coordinates":[7.516896,6.433987]}},{"type":"Feature","id":"n_2460131006","properties":{"id":"n_2460131006","name":"Federal High Court","catalog_type":"civic","quality":"B","claim_points":30,"territory_id":"independence_layout","territory_name":"Independence Layout","territory_role":"playable_faction","image":"https://enugupoi.appspot.com/view/binaryData?blobKey=build_POI-Picture-Form_1374250655%5B%40version%3Dnull+and+%40uiVersion%3Dnull%5D%2Fdata%5B%40key%3Duuid%3A3bb96bd5-de39-4439-8235-7eba5bac191a%5D%2FPOI_Picture1"},"geometry":{"type":"Point","coordinates":[7.523446,6.4400089]}},{"type":"Feature","id":"n_2460131055","properties":{"id":"n_2460131055","name":"Grandchavy","catalog_type":"hotel","quality":"B","claim_points":30,"territory_id":"independence_layout","territory_name":"Independence Layout","territory_role":"playable_faction","image":"https://enugupoi.appspot.com/view/binaryData?blobKey=build_POI-Picture-Form_1374250655%5B%40version%3Dnull+and+%40uiVersion%3Dnull%5D%2Fdata%5B%40key%3Duuid%3Ae99dbe89-53e2-42b5-b573-0aa4b2d738c0%5D%2FPOI_Picture1"},"geometry":{"type":"Point","coordinates":[7.532501,6.434606]}},{"type":"Feature","id":"n_2460131090","properties":{"id":"n_2460131090","name":"INEC","catalog_type":"civic","quality":"B","claim_points":30,"territory_id":"independence_layout","territory_name":"Independence Layout","territory_role":"playable_faction","image":"https://enugupoi.appspot.com/view/binaryData?blobKey=build_POI-Picture-Form_1374250655%5B%40version%3Dnull+and+%40uiVersion%3Dnull%5D%2Fdata%5B%40key%3Duuid%3Ae103b26a-35ba-474d-86c8-ccc5b66fea46%5D%2FPOI_Picture1"},"geometry":{"type":"Point","coordinates":[7.5214984,6.4338523]}},{"type":"Feature","id":"n_2460131108","properties":{"id":"n_2460131108","name":"Mac-Royal Hotels Limited Annex","catalog_type":"hotel","quality":"B","claim_points":30,"territory_id":"independence_layout","territory_name":"Independence Layout","territory_role":"playable_faction","image":"https://enugupoi.appspot.com/view/binaryData?blobKey=build_POI-Picture-Form_1374250655%5B%40version%3Dnull+and+%40uiVersion%3Dnull%5D%2Fdata%5B%40key%3Duuid%3Ab1f2db3b-222a-4908-ab23-a9d2f88fe362%5D%2FPOI_Picture1"},"geometry":{"type":"Point","coordinates":[7.510457,6.441628]}},{"type":"Feature","id":"n_2460131109","properties":{"id":"n_2460131109","name":"Maco Plaza Hotels","catalog_type":"hotel","quality":"B","claim_points":30,"territory_id":"independence_layout","territory_name":"Independence Layout","territory_role":"playable_faction","image":"https://enugupoi.appspot.com/view/binaryData?blobKey=build_POI-Picture-Form_1374250655%5B%40version%3Dnull+and+%40uiVersion%3Dnull%5D%2Fdata%5B%40key%3Duuid%3A051a4dff-0660-46a2-923d-90aa8332e9a5%5D%2FPOI_Picture1"},"geometry":{"type":"Point","coordinates":[7.529332,6.44645]}},{"type":"Feature","id":"n_2460131167","properties":{"id":"n_2460131167","name":"Mr bigs stuffs","catalog_type":"food","quality":"B","claim_points":48,"territory_id":"ogui","territory_name":"Ogui","territory_role":"unclaimed","image":"https://enugupoi.appspot.com/view/binaryData?blobKey=build_POI-Picture-Form_1374250655%5B%40version%3Dnull+and+%40uiVersion%3Dnull%5D%2Fdata%5B%40key%3Duuid%3Adb260556-ec3a-4bb9-8464-f2e215beeba9%5D%2FPOI_Picture1"},"geometry":{"type":"Point","coordinates":[7.4998656,6.4474229]}},{"type":"Feature","id":"n_2460131169","properties":{"id":"n_2460131169","name":"NDLEA","catalog_type":"civic","quality":"B","claim_points":30,"territory_id":"independence_layout","territory_name":"Independence Layout","territory_role":"playable_faction","image":"https://enugupoi.appspot.com/view/binaryData?blobKey=build_POI-Picture-Form_1374250655%5B%40version%3Dnull+and+%40uiVersion%3Dnull%5D%2Fdata%5B%40key%3Duuid%3Aae3840b2-cb38-4be9-b4b0-ad3f604032fb%5D%2FPOI_Picture1"},"geometry":{"type":"Point","coordinates":[7.537779,6.440375]}},{"type":"Feature","id":"n_2460131213","properties":{"id":"n_2460131213","name":"Nigeria Institute For Triponomiasis Research","catalog_type":"civic","quality":"B","claim_points":30,"territory_id":"independence_layout","territory_name":"Independence Layout","territory_role":"playable_faction","image":"https://enugupoi.appspot.com/view/binaryData?blobKey=build_POI-Picture-Form_1374250655%5B%40version%3Dnull+and+%40uiVersion%3Dnull%5D%2Fdata%5B%40key%3Duuid%3Ab60c721e-cee6-4099-bafb-6e3aaaf1893e%5D%2FPOI_Picture1"},"geometry":{"type":"Point","coordinates":[7.51024,6.440908]}},{"type":"Feature","id":"n_2460131219","properties":{"id":"n_2460131219","name":"Nigerian Bank For Commerce & Industry Enugu","catalog_type":"bank","quality":"B","claim_points":25,"territory_id":"independence_layout","territory_name":"Independence Layout","territory_role":"playable_faction","image":"https://enugupoi.appspot.com/view/binaryData?blobKey=build_POI-Picture-Form_1374250655%5B%40version%3Dnull+and+%40uiVersion%3Dnull%5D%2Fdata%5B%40key%3Duuid%3A3625aa59-f6cf-417d-8255-57d8c0c17bbb%5D%2FPOI_Picture1"},"geometry":{"type":"Point","coordinates":[7.507694,6.440306]}},{"type":"Feature","id":"n_2460131222","properties":{"id":"n_2460131222","name":"Nigerian Telecommunication","catalog_type":"civic","quality":"B","claim_points":30,"territory_id":"independence_layout","territory_name":"Independence Layout","territory_role":"playable_faction","image":"https://enugupoi.appspot.com/view/binaryData?blobKey=build_POI-Picture-Form_1374250655%5B%40version%3Dnull+and+%40uiVersion%3Dnull%5D%2Fdata%5B%40key%3Duuid%3A09ffa381-2837-493a-a1e1-917717956a0d%5D%2FPOI_Picture1"},"geometry":{"type":"Point","coordinates":[7.513976,6.431524]}},{"type":"Feature","id":"n_2460131284","properties":{"id":"n_2460131284","name":"Quixotel","catalog_type":"hotel","quality":"B","claim_points":36,"territory_id":"ogui","territory_name":"Ogui","territory_role":"unclaimed","image":"https://enugupoi.appspot.com/view/binaryData?blobKey=build_POI-Picture-Form_1374250655%5B%40version%3Dnull+and+%40uiVersion%3Dnull%5D%2Fdata%5B%40key%3Duuid%3Afd07ca90-33ac-45b6-b1fd-089906cdb490%5D%2FPOI_Picture1"},"geometry":{"type":"Point","coordinates":[7.4985996,6.4460583]}},{"type":"Feature","id":"n_2460131293","properties":{"id":"n_2460131293","name":"Rockland International","catalog_type":"school","quality":"B","claim_points":20,"territory_id":"independence_layout","territory_name":"Independence Layout","territory_role":"playable_faction","image":"https://enugupoi.appspot.com/view/binaryData?blobKey=build_POI-Picture-Form_1374250655%5B%40version%3Dnull+and+%40uiVersion%3Dnull%5D%2Fdata%5B%40key%3Duuid%3A7585e894-8d2c-4261-af4e-b3b2863f3275%5D%2FPOI_Picture1"},"geometry":{"type":"Point","coordinates":[7.510234,6.442606]}},{"type":"Feature","id":"n_2460131329","properties":{"id":"n_2460131329","name":"Standard Organization Of Nigeria","catalog_type":"civic","quality":"B","claim_points":30,"territory_id":"independence_layout","territory_name":"Independence Layout","territory_role":"playable_faction","image":"https://enugupoi.appspot.com/view/binaryData?blobKey=build_POI-Picture-Form_1374250655%5B%40version%3Dnull+and+%40uiVersion%3Dnull%5D%2Fdata%5B%40key%3Duuid%3A82550ace-97f1-4519-a16c-7f02df17f911%5D%2FPOI_Picture1"},"geometry":{"type":"Point","coordinates":[7.5289681,6.4282324]}},{"type":"Feature","id":"n_2460131346","properties":{"id":"n_2460131346","name":"Teachers Registration Council Of Nigeria","catalog_type":"civic","quality":"B","claim_points":30,"territory_id":"independence_layout","territory_name":"Independence Layout","territory_role":"playable_faction","image":"https://enugupoi.appspot.com/view/binaryData?blobKey=build_POI-Picture-Form_1374250655%5B%40version%3Dnull+and+%40uiVersion%3Dnull%5D%2Fdata%5B%40key%3Duuid%3A1982fd62-6b7f-4f69-8094-3919e19ae323%5D%2FPOI_Picture1"},"geometry":{"type":"Point","coordinates":[7.517222,6.433674]}},{"type":"Feature","id":"n_2460131361","properties":{"id":"n_2460131361","name":"Trisa Clinics","catalog_type":"hospital","quality":"B","claim_points":20,"territory_id":"independence_layout","territory_name":"Independence Layout","territory_role":"playable_faction","image":"https://enugupoi.appspot.com/view/binaryData?blobKey=build_POI-Picture-Form_1374250655%5B%40version%3Dnull+and+%40uiVersion%3Dnull%5D%2Fdata%5B%40key%3Duuid%3A0af2a73b-d4ec-4e1e-8eea-95aa3a514b0c%5D%2FPOI_Picture1"},"geometry":{"type":"Point","coordinates":[7.5107963,6.4402618]}},{"type":"Feature","id":"n_2482707775","properties":{"id":"n_2482707775","name":"Prosper Hotel","catalog_type":"hotel","quality":"B","claim_points":36,"territory_id":"trans_ekulu","territory_name":"Trans-Ekulu","territory_role":"unclaimed"},"geometry":{"type":"Point","coordinates":[7.4849388,6.4798527]}},{"type":"Feature","id":"n_2492311896","properties":{"id":"n_2492311896","name":"GTC Clinic Enugu","catalog_type":"hospital","quality":"B","claim_points":24,"territory_id":"unclaimed","territory_name":"Unclaimed area","territory_role":"unclaimed","image":"https://enugupoi.appspot.com/view/binaryData?blobKey=build_POI-Picture-Form_1374250655%5B%40version%3Dnull+and+%40uiVersion%3Dnull%5D%2Fdata%5B%40key%3Duuid%3A3583dd97-d401-44b3-adea-557122fe34e7%5D%2FPOI_Picture1"},"geometry":{"type":"Point","coordinates":[7.497971,6.459315]}},{"type":"Feature","id":"n_2492312262","properties":{"id":"n_2492312262","name":"Trafalgar Place","catalog_type":"hotel","quality":"B","claim_points":36,"territory_id":"unclaimed","territory_name":"Unclaimed area","territory_role":"unclaimed","image":"https://enugupoi.appspot.com/view/binaryData?blobKey=build_POI-Picture-Form_1374250655%5B%40version%3Dnull+and+%40uiVersion%3Dnull%5D%2Fdata%5B%40key%3Duuid%3A85de6557-5d94-4c1b-ad78-8ff717a96034%5D%2FPOI_Picture1"},"geometry":{"type":"Point","coordinates":[7.501872,6.481725]}},{"type":"Feature","id":"n_2492315023","properties":{"id":"n_2492315023","name":"Enugu State Broadcasting Service","catalog_type":"shop","quality":"B","claim_points":35,"territory_id":"independence_layout","territory_name":"Independence Layout","territory_role":"playable_faction","image":"https://enugupoi.appspot.com/view/binaryData?blobKey=build_POI-Picture-Form_1374250655%5B%40version%3Dnull+and+%40uiVersion%3Dnull%5D%2Fdata%5B%40key%3Duuid%3Af2b4181a-b8d5-48d8-a6fe-5f0a80e29566%5D%2FPOI_Picture1"},"geometry":{"type":"Point","coordinates":[7.516597,6.434097]}},{"type":"Feature","id":"n_2492315229","properties":{"id":"n_2492315229","name":"Gardenia Guest House","catalog_type":"food","quality":"B","claim_points":48,"territory_id":"ogui","territory_name":"Ogui","territory_role":"unclaimed"},"geometry":{"type":"Point","coordinates":[7.4987015,6.4457704]}},{"type":"Feature","id":"n_2492315499","properties":{"id":"n_2492315499","name":"Spar","catalog_type":"shop","quality":"B","claim_points":35,"territory_id":"independence_layout","territory_name":"Independence Layout","territory_role":"playable_faction","image":"https://enugupoi.appspot.com/view/binaryData?blobKey=build_POI-Picture-Form_1374250655%5B%40version%3Dnull+and+%40uiVersion%3Dnull%5D%2Fdata%5B%40key%3Duuid%3A5e5282e3-eb9a-4981-8ed0-b2177095b552%5D%2FPOI_Picture1"},"geometry":{"type":"Point","coordinates":[7.513594,6.436776]}},{"type":"Feature","id":"n_2492315803","properties":{"id":"n_2492315803","name":"NECO Zonal Office","catalog_type":"civic","quality":"B","claim_points":30,"territory_id":"independence_layout","territory_name":"Independence Layout","territory_role":"playable_faction","image":"https://enugupoi.appspot.com/view/binaryData?blobKey=build_POI-Picture-Form_1374250655%5B%40version%3Dnull+and+%40uiVersion%3Dnull%5D%2Fdata%5B%40key%3Duuid%3Ad890758f-7242-4535-9578-1e271bd99def%5D%2FPOI_Picture1"},"geometry":{"type":"Point","coordinates":[7.516284,6.432783]}},{"type":"Feature","id":"n_2492316934","properties":{"id":"n_2492316934","name":"Parkview Montessori School Enugu","catalog_type":"school","quality":"B","claim_points":24,"territory_id":"unclaimed","territory_name":"Unclaimed area","territory_role":"unclaimed"},"geometry":{"type":"Point","coordinates":[7.4940894,6.4592052]}},{"type":"Feature","id":"n_2492349907","properties":{"id":"n_2492349907","name":"KIngdom Hall of Jehovah's Witnesses","catalog_type":"worship","quality":"B","claim_points":30,"territory_id":"unclaimed","territory_name":"Unclaimed area","territory_role":"unclaimed"},"geometry":{"type":"Point","coordinates":[7.4784842,6.483939]}},{"type":"Feature","id":"n_2728365916","properties":{"id":"n_2728365916","name":"African Princess Resort","catalog_type":"food","quality":"B","claim_points":48,"territory_id":"new_haven","territory_name":"New Haven","territory_role":"unclaimed"},"geometry":{"type":"Point","coordinates":[7.5306974,6.4610031]}},{"type":"Feature","id":"n_2728367699","properties":{"id":"n_2728367699","name":"Amazon Hotel","catalog_type":"food","quality":"B","claim_points":48,"territory_id":"ogui","territory_name":"Ogui","territory_role":"unclaimed"},"geometry":{"type":"Point","coordinates":[7.5021555,6.4527749]}},{"type":"Feature","id":"n_2728370040","properties":{"id":"n_2728370040","name":"Ascot Hotel Resort","catalog_type":"food","quality":"B","claim_points":48,"territory_id":"new_haven","territory_name":"New Haven","territory_role":"unclaimed"},"geometry":{"type":"Point","coordinates":[7.5337215,6.4610767]}},{"type":"Feature","id":"n_2728374198","properties":{"id":"n_2728374198","name":"Access Bank2","catalog_type":"bank","quality":"B","claim_points":25,"territory_id":"abakpa","territory_name":"Abakpa","territory_role":"playable_faction"},"geometry":{"type":"Point","coordinates":[7.5161188,6.4852424]}},{"type":"Feature","id":"n_2728400400","properties":{"id":"n_2728400400","name":"Nike Lake Resort Hotel","catalog_type":"food","quality":"B","claim_points":48,"territory_id":"unclaimed","territory_name":"Unclaimed area","territory_role":"unclaimed"},"geometry":{"type":"Point","coordinates":[7.5133143,6.5104799]}},{"type":"Feature","id":"n_2815429094","properties":{"id":"n_2815429094","name":"NABTEB South East Zonal Office","catalog_type":"civic","quality":"B","claim_points":30,"territory_id":"independence_layout","territory_name":"Independence Layout","territory_role":"playable_faction"},"geometry":{"type":"Point","coordinates":[7.5043596,6.4366556]}},{"type":"Feature","id":"n_4440329790","properties":{"id":"n_4440329790","name":"Edidas Guests House","catalog_type":"hotel","quality":"B","claim_points":36,"territory_id":"uwani","territory_name":"Uwani","territory_role":"unclaimed"},"geometry":{"type":"Point","coordinates":[7.5016313,6.4124401]}},{"type":"Feature","id":"n_4440451190","properties":{"id":"n_4440451190","name":"Konigin Des Fredens College","catalog_type":"school","quality":"B","claim_points":24,"territory_id":"uwani","territory_name":"Uwani","territory_role":"unclaimed"},"geometry":{"type":"Point","coordinates":[7.5023965,6.4134811]}},{"type":"Feature","id":"n_4440476590","properties":{"id":"n_4440476590","name":"Maryland Police Post","catalog_type":"civic","quality":"B","claim_points":30,"territory_id":"independence_layout","territory_name":"Independence Layout","territory_role":"playable_faction"},"geometry":{"type":"Point","coordinates":[7.5096079,6.4174437]}},{"type":"Feature","id":"n_4440481189","properties":{"id":"n_4440481189","name":"Oando Filling Station","catalog_type":"fuel","quality":"B","claim_points":20,"territory_id":"independence_layout","territory_name":"Independence Layout","territory_role":"playable_faction"},"geometry":{"type":"Point","coordinates":[7.5104482,6.4177243]}},{"type":"Feature","id":"n_4440481289","properties":{"id":"n_4440481289","name":"Anchor Filling Station","catalog_type":"fuel","quality":"B","claim_points":24,"territory_id":"unclaimed","territory_name":"Unclaimed area","territory_role":"unclaimed"},"geometry":{"type":"Point","coordinates":[7.4936604,6.4280845]}},{"type":"Feature","id":"n_4440481389","properties":{"id":"n_4440481389","name":"Mobil Filling Station","catalog_type":"fuel","quality":"B","claim_points":24,"territory_id":"unclaimed","territory_name":"Unclaimed area","territory_role":"unclaimed"},"geometry":{"type":"Point","coordinates":[7.493806,6.428222]}},{"type":"Feature","id":"n_4440534790","properties":{"id":"n_4440534790","name":"Ecobank Plc","catalog_type":"bank","quality":"B","claim_points":30,"territory_id":"uwani","territory_name":"Uwani","territory_role":"unclaimed"},"geometry":{"type":"Point","coordinates":[7.4941772,6.4165496]}},{"type":"Feature","id":"n_4592363904","properties":{"id":"n_4592363904","name":"Aguagwa","catalog_type":"landmark","quality":"B","claim_points":50,"territory_id":"coal_camp","territory_name":"Coal Camp","territory_role":"playable_faction"},"geometry":{"type":"Point","coordinates":[7.4807023,6.415742]}},{"type":"Feature","id":"n_4593001813","properties":{"id":"n_4593001813","name":"Ukondioma Electrical","catalog_type":"shop","quality":"B","claim_points":42,"territory_id":"unclaimed","territory_name":"Unclaimed area","territory_role":"unclaimed"},"geometry":{"type":"Point","coordinates":[7.4834372,6.4197589]}},{"type":"Feature","id":"n_4607342591","properties":{"id":"n_4607342591","name":"ZION HILL","catalog_type":"landmark","quality":"B","claim_points":60,"territory_id":"unclaimed","territory_name":"Unclaimed area","territory_role":"unclaimed"},"geometry":{"type":"Point","coordinates":[7.4776168,6.4089579]}},{"type":"Feature","id":"n_5268873490","properties":{"id":"n_5268873490","name":"University of Nigeria,Enugu Campus UNEC","catalog_type":"school","quality":"B","claim_points":20,"territory_id":"independence_layout","territory_name":"Independence Layout","territory_role":"playable_faction"},"geometry":{"type":"Point","coordinates":[7.5074935,6.4234846]}},{"type":"Feature","id":"w_1421633156","properties":{"id":"w_1421633156","name":"University of Nigeria Enugu Campus (UNEC)","catalog_type":"school","quality":"B","claim_points":20,"territory_id":"independence_layout","territory_name":"Independence Layout","territory_role":"playable_faction"},"geometry":{"type":"Point","coordinates":[7.5045338,6.4232556]}},{"type":"Feature","id":"n_5272365692","properties":{"id":"n_5272365692","name":"Twinnies Super Mart","catalog_type":"shop","quality":"B","claim_points":42,"territory_id":"new_haven","territory_name":"New Haven","territory_role":"unclaimed"},"geometry":{"type":"Point","coordinates":[7.5323646,6.4582814]}},{"type":"Feature","id":"n_5275462823","properties":{"id":"n_5275462823","name":"Lady eudorah ibiam hostel","catalog_type":"hotel","quality":"B","claim_points":30,"territory_id":"independence_layout","territory_name":"Independence Layout","territory_role":"playable_faction"},"geometry":{"type":"Point","coordinates":[7.5083986,6.4257896]}},{"type":"Feature","id":"n_5766476645","properties":{"id":"n_5766476645","name":"UNGEL UNEC","catalog_type":"food","quality":"B","claim_points":40,"territory_id":"independence_layout","territory_name":"Independence Layout","territory_role":"playable_faction"},"geometry":{"type":"Point","coordinates":[7.5063051000000005,6.4246212499999995]}},{"type":"Feature","id":"n_5768444610","properties":{"id":"n_5768444610","name":"Victory Ground UNEC","catalog_type":"worship","quality":"B","claim_points":25,"territory_id":"independence_layout","territory_name":"Independence Layout","territory_role":"playable_faction"},"geometry":{"type":"Point","coordinates":[7.5043101,6.4266986]}},{"type":"Feature","id":"n_5768474619","properties":{"id":"n_5768474619","name":"MANUAH BUSTOP","catalog_type":"transit","quality":"B","claim_points":15,"territory_id":"independence_layout","territory_name":"Independence Layout","territory_role":"playable_faction"},"geometry":{"type":"Point","coordinates":[7.5076453,6.4250627]}},{"type":"Feature","id":"n_5896088234","properties":{"id":"n_5896088234","name":"Dr Nnnamdi Azikiwe Statue","catalog_type":"landmark","quality":"B","claim_points":50,"territory_id":"independence_layout","territory_name":"Independence Layout","territory_role":"playable_faction"},"geometry":{"type":"Point","coordinates":[7.5045591,6.4250485]}},{"type":"Feature","id":"n_5896090405","properties":{"id":"n_5896090405","name":"Statue of Harmony","catalog_type":"landmark","quality":"B","claim_points":50,"territory_id":"independence_layout","territory_name":"Independence Layout","territory_role":"playable_faction"},"geometry":{"type":"Point","coordinates":[7.5040503,6.425277]}},{"type":"Feature","id":"n_6685600511","properties":{"id":"n_6685600511","name":"Independence Layout Sec. School","catalog_type":"school","quality":"B","claim_points":20,"territory_id":"independence_layout","territory_name":"Independence Layout","territory_role":"playable_faction"},"geometry":{"type":"Point","coordinates":[7.5224747,6.4329787]}},{"type":"Feature","id":"n_6724338501","properties":{"id":"n_6724338501","name":"Glorious Power Assembly","catalog_type":"worship","quality":"B","claim_points":30,"territory_id":"unclaimed","territory_name":"Unclaimed area","territory_role":"unclaimed"},"geometry":{"type":"Point","coordinates":[7.4937708,6.4162808]}},{"type":"Feature","id":"n_7029846770","properties":{"id":"n_7029846770","name":"Makesense Alex Car AC Mechanic","catalog_type":"shop","quality":"B","claim_points":42,"territory_id":"ogui","territory_name":"Ogui","territory_role":"unclaimed"},"geometry":{"type":"Point","coordinates":[7.4987201,6.4401263]}},{"type":"Feature","id":"n_7826007897","properties":{"id":"n_7826007897","name":"Prudent Child First School","catalog_type":"school","quality":"B","claim_points":24,"territory_id":"unclaimed","territory_name":"Unclaimed area","territory_role":"unclaimed"},"geometry":{"type":"Point","coordinates":[7.4914983,6.4675307]}},{"type":"Feature","id":"n_8349145218","properties":{"id":"n_8349145218","name":"Udemelicious House","catalog_type":"hotel","quality":"B","claim_points":30,"territory_id":"independence_layout","territory_name":"Independence Layout","territory_role":"playable_faction"},"geometry":{"type":"Point","coordinates":[7.506958,6.436972]}},{"type":"Feature","id":"n_8573594310","properties":{"id":"n_8573594310","name":"Chrislaug Showroom","catalog_type":"civic","quality":"B","claim_points":36,"territory_id":"unclaimed","territory_name":"Unclaimed area","territory_role":"unclaimed"},"geometry":{"type":"Point","coordinates":[7.4943573,6.4350679]}},{"type":"Feature","id":"n_8573595162","properties":{"id":"n_8573595162","name":"Central Methodists Church","catalog_type":"worship","quality":"B","claim_points":30,"territory_id":"ogui","territory_name":"Ogui","territory_role":"unclaimed"},"geometry":{"type":"Point","coordinates":[7.4949445,6.4367705]}},{"type":"Feature","id":"n_8573612202","properties":{"id":"n_8573612202","name":"Mountain of Fire and Miracle Ministries","catalog_type":"worship","quality":"B","claim_points":30,"territory_id":"ogui","territory_name":"Ogui","territory_role":"unclaimed"},"geometry":{"type":"Point","coordinates":[7.4949765,6.4365962]}},{"type":"Feature","id":"n_8573614685","properties":{"id":"n_8573614685","name":"Sabros International Biz","catalog_type":"shop","quality":"B","claim_points":42,"territory_id":"unclaimed","territory_name":"Unclaimed area","territory_role":"unclaimed"},"geometry":{"type":"Point","coordinates":[7.4949048,6.4355847]}},{"type":"Feature","id":"n_8573629988","properties":{"id":"n_8573629988","name":"De-Ultimate Furniture","catalog_type":"shop","quality":"B","claim_points":42,"territory_id":"unclaimed","territory_name":"Unclaimed area","territory_role":"unclaimed"},"geometry":{"type":"Point","coordinates":[7.4947806,6.4347365]}},{"type":"Feature","id":"n_8573630441","properties":{"id":"n_8573630441","name":"Total","catalog_type":"fuel","quality":"B","claim_points":24,"territory_id":"unclaimed","territory_name":"Unclaimed area","territory_role":"unclaimed"},"geometry":{"type":"Point","coordinates":[7.4946376,6.434404]}},{"type":"Feature","id":"n_8577461770","properties":{"id":"n_8577461770","name":"Enugwu Abor Street Enugu","catalog_type":"shop","quality":"B","claim_points":42,"territory_id":"trans_ekulu","territory_name":"Trans-Ekulu","territory_role":"unclaimed"},"geometry":{"type":"Point","coordinates":[7.4996119,6.4822596]}},{"type":"Feature","id":"n_8625818163","properties":{"id":"n_8625818163","name":"NGWO PARK UWANI ENUGU","catalog_type":"park","quality":"B","claim_points":24,"territory_id":"uwani","territory_name":"Uwani","territory_role":"unclaimed"},"geometry":{"type":"Point","coordinates":[7.4903715,6.4224172]}},{"type":"Feature","id":"n_8634538118","properties":{"id":"n_8634538118","name":"MCAN LODGE","catalog_type":"hotel","quality":"B","claim_points":36,"territory_id":"uwani","territory_name":"Uwani","territory_role":"unclaimed"},"geometry":{"type":"Point","coordinates":[7.4936126,6.4211968]}},{"type":"Feature","id":"n_8752842869","properties":{"id":"n_8752842869","name":"Autostar Travelers and Tourism","catalog_type":"civic","quality":"B","claim_points":36,"territory_id":"unclaimed","territory_name":"Unclaimed area","territory_role":"unclaimed"},"geometry":{"type":"Point","coordinates":[7.5088213,6.4610443]}},{"type":"Feature","id":"n_8752844313","properties":{"id":"n_8752844313","name":"Juhel Filing Station","catalog_type":"civic","quality":"B","claim_points":36,"territory_id":"unclaimed","territory_name":"Unclaimed area","territory_role":"unclaimed"},"geometry":{"type":"Point","coordinates":[7.5092893,6.4608841]}},{"type":"Feature","id":"n_8752849616","properties":{"id":"n_8752849616","name":"Gorgik Hotels and Suites","catalog_type":"hotel","quality":"B","claim_points":36,"territory_id":"unclaimed","territory_name":"Unclaimed area","territory_role":"unclaimed"},"geometry":{"type":"Point","coordinates":[7.5083829,6.4600792]}},{"type":"Feature","id":"n_8752853772","properties":{"id":"n_8752853772","name":"Green Bank Microfinance Bank","catalog_type":"bank","quality":"B","claim_points":30,"territory_id":"unclaimed","territory_name":"Unclaimed area","territory_role":"unclaimed"},"geometry":{"type":"Point","coordinates":[7.5086444,6.4609818]}},{"type":"Feature","id":"n_8752862973","properties":{"id":"n_8752862973","name":"Fore Trust Digitat Canter/Enugu","catalog_type":"civic","quality":"B","claim_points":36,"territory_id":"unclaimed","territory_name":"Unclaimed area","territory_role":"unclaimed"},"geometry":{"type":"Point","coordinates":[7.5101859,6.4612553]}},{"type":"Feature","id":"n_8752864734","properties":{"id":"n_8752864734","name":"The Hometown Bar and Restaurant","catalog_type":"food","quality":"B","claim_points":48,"territory_id":"unclaimed","territory_name":"Unclaimed area","territory_role":"unclaimed"},"geometry":{"type":"Point","coordinates":[7.5076514,6.4602159]}},{"type":"Feature","id":"n_8752865054","properties":{"id":"n_8752865054","name":"new Berries Park","catalog_type":"park","quality":"B","claim_points":24,"territory_id":"unclaimed","territory_name":"Unclaimed area","territory_role":"unclaimed"},"geometry":{"type":"Point","coordinates":[7.5086208,6.4611244]}},{"type":"Feature","id":"n_8754485318","properties":{"id":"n_8754485318","name":"New Berries Park","catalog_type":"park","quality":"B","claim_points":24,"territory_id":"unclaimed","territory_name":"Unclaimed area","territory_role":"unclaimed"},"geometry":{"type":"Point","coordinates":[7.5091727,6.4618538]}},{"type":"Feature","id":"n_8752865904","properties":{"id":"n_8752865904","name":"Golf Gardens","catalog_type":"food","quality":"B","claim_points":48,"territory_id":"unclaimed","territory_name":"Unclaimed area","territory_role":"unclaimed"},"geometry":{"type":"Point","coordinates":[7.5084143,6.4604308]}},{"type":"Feature","id":"n_8752871370","properties":{"id":"n_8752871370","name":"Centurion Tech Hub","catalog_type":"shop","quality":"B","claim_points":42,"territory_id":"new_haven","territory_name":"New Haven","territory_role":"unclaimed"},"geometry":{"type":"Point","coordinates":[7.5113125,6.4596903]}},{"type":"Feature","id":"n_8752872118","properties":{"id":"n_8752872118","name":"The Edge Guest house","catalog_type":"hotel","quality":"B","claim_points":36,"territory_id":"unclaimed","territory_name":"Unclaimed area","territory_role":"unclaimed"},"geometry":{"type":"Point","coordinates":[7.5083789,6.4606985]}},{"type":"Feature","id":"n_8752872914","properties":{"id":"n_8752872914","name":"Ogui Junction Bus-Stop","catalog_type":"transit","quality":"B","claim_points":18,"territory_id":"unclaimed","territory_name":"Unclaimed area","territory_role":"unclaimed"},"geometry":{"type":"Point","coordinates":[7.5105516,6.4614683]}},{"type":"Feature","id":"n_8752874011","properties":{"id":"n_8752874011","name":"Access Closa Agent - OGBONNA","catalog_type":"civic","quality":"B","claim_points":36,"territory_id":"unclaimed","territory_name":"Unclaimed area","territory_role":"unclaimed"},"geometry":{"type":"Point","coordinates":[7.5078815,6.4614507]}},{"type":"Feature","id":"n_8752874419","properties":{"id":"n_8752874419","name":"The Redeemed Christian church","catalog_type":"worship","quality":"B","claim_points":30,"territory_id":"unclaimed","territory_name":"Unclaimed area","territory_role":"unclaimed"},"geometry":{"type":"Point","coordinates":[7.5074017,6.460929]}},{"type":"Feature","id":"n_8752874422","properties":{"id":"n_8752874422","name":"Village Kitchen","catalog_type":"food","quality":"B","claim_points":48,"territory_id":"unclaimed","territory_name":"Unclaimed area","territory_role":"unclaimed"},"geometry":{"type":"Point","coordinates":[7.5069515,6.4603722]}},{"type":"Feature","id":"n_8752875106","properties":{"id":"n_8752875106","name":"Mouka Foam","catalog_type":"shop","quality":"B","claim_points":42,"territory_id":"new_haven","territory_name":"New Haven","territory_role":"unclaimed"},"geometry":{"type":"Point","coordinates":[7.5132305,6.4597051]}},{"type":"Feature","id":"n_8752875113","properties":{"id":"n_8752875113","name":"DOT3 Health n Fitness Center","catalog_type":"civic","quality":"B","claim_points":36,"territory_id":"new_haven","territory_name":"New Haven","territory_role":"unclaimed"},"geometry":{"type":"Point","coordinates":[7.5133417,6.4596396]}},{"type":"Feature","id":"n_8752876909","properties":{"id":"n_8752876909","name":"Firstmonie Agent - ENE","catalog_type":"civic","quality":"B","claim_points":36,"territory_id":"unclaimed","territory_name":"Unclaimed area","territory_role":"unclaimed"},"geometry":{"type":"Point","coordinates":[7.5120125,6.4619958]}},{"type":"Feature","id":"n_8752877164","properties":{"id":"n_8752877164","name":"Dallas Communication Ltd","catalog_type":"civic","quality":"B","claim_points":36,"territory_id":"new_haven","territory_name":"New Haven","territory_role":"unclaimed"},"geometry":{"type":"Point","coordinates":[7.5103786,6.4597001]}},{"type":"Feature","id":"n_8752877496","properties":{"id":"n_8752877496","name":"AkeemBaba Gsm & Computer","catalog_type":"shop","quality":"B","claim_points":42,"territory_id":"new_haven","territory_name":"New Haven","territory_role":"unclaimed"},"geometry":{"type":"Point","coordinates":[7.5100797,6.4595263]}},{"type":"Feature","id":"n_8752879709","properties":{"id":"n_8752879709","name":"Rowlex Computers","catalog_type":"shop","quality":"B","claim_points":42,"territory_id":"new_haven","territory_name":"New Haven","territory_role":"unclaimed"},"geometry":{"type":"Point","coordinates":[7.5109999,6.4593895]}},{"type":"Feature","id":"n_8752882990","properties":{"id":"n_8752882990","name":"Sunny Best","catalog_type":"civic","quality":"B","claim_points":36,"territory_id":"new_haven","territory_name":"New Haven","territory_role":"unclaimed"},"geometry":{"type":"Point","coordinates":[7.5104749,6.4594813]}},{"type":"Feature","id":"n_8752883145","properties":{"id":"n_8752883145","name":"Dandon Global","catalog_type":"shop","quality":"B","claim_points":42,"territory_id":"new_haven","territory_name":"New Haven","territory_role":"unclaimed"},"geometry":{"type":"Point","coordinates":[7.5109665,6.4592977]}},{"type":"Feature","id":"n_8752885188","properties":{"id":"n_8752885188","name":"Golden Bowl","catalog_type":"food","quality":"B","claim_points":48,"territory_id":"unclaimed","territory_name":"Unclaimed area","territory_role":"unclaimed"},"geometry":{"type":"Point","coordinates":[7.5107502,6.4618981]}},{"type":"Feature","id":"n_8752886232","properties":{"id":"n_8752886232","name":"Franklin Chiaha","catalog_type":"civic","quality":"B","claim_points":36,"territory_id":"new_haven","territory_name":"New Haven","territory_role":"unclaimed"},"geometry":{"type":"Point","coordinates":[7.5100679,6.459706]}},{"type":"Feature","id":"n_8752894498","properties":{"id":"n_8752894498","name":"Hendsoft Global Services","catalog_type":"shop","quality":"B","claim_points":42,"territory_id":"new_haven","territory_name":"New Haven","territory_role":"unclaimed"},"geometry":{"type":"Point","coordinates":[7.5105438,6.4594794]}},{"type":"Feature","id":"n_8752900797","properties":{"id":"n_8752900797","name":"UGBA Plaza","catalog_type":"food","quality":"B","claim_points":48,"territory_id":"new_haven","territory_name":"New Haven","territory_role":"unclaimed"},"geometry":{"type":"Point","coordinates":[7.5131613,6.4576907]}},{"type":"Feature","id":"n_8752900954","properties":{"id":"n_8752900954","name":"Do 4 Love Boutique","catalog_type":"shop","quality":"B","claim_points":42,"territory_id":"new_haven","territory_name":"New Haven","territory_role":"unclaimed"},"geometry":{"type":"Point","coordinates":[7.5109409,6.4597334]}},{"type":"Feature","id":"n_8752901794","properties":{"id":"n_8752901794","name":"PhoneMagics","catalog_type":"shop","quality":"B","claim_points":42,"territory_id":"new_haven","territory_name":"New Haven","territory_role":"unclaimed"},"geometry":{"type":"Point","coordinates":[7.5108367,6.4597196]}},{"type":"Feature","id":"n_8752903570","properties":{"id":"n_8752903570","name":"Ijegold Fashion World","catalog_type":"shop","quality":"B","claim_points":42,"territory_id":"new_haven","territory_name":"New Haven","territory_role":"unclaimed"},"geometry":{"type":"Point","coordinates":[7.512954,6.4597015]}},{"type":"Feature","id":"n_8752903587","properties":{"id":"n_8752903587","name":"De-Choice Communication","catalog_type":"civic","quality":"B","claim_points":36,"territory_id":"new_haven","territory_name":"New Haven","territory_role":"unclaimed"},"geometry":{"type":"Point","coordinates":[7.5142776,6.4583618]}},{"type":"Feature","id":"n_8752904419","properties":{"id":"n_8752904419","name":"Genesis","catalog_type":"civic","quality":"B","claim_points":36,"territory_id":"new_haven","territory_name":"New Haven","territory_role":"unclaimed"},"geometry":{"type":"Point","coordinates":[7.5103117,6.4597177]}},{"type":"Feature","id":"n_8752914429","properties":{"id":"n_8752914429","name":"Ekel Finery","catalog_type":"civic","quality":"B","claim_points":36,"territory_id":"new_haven","territory_name":"New Haven","territory_role":"unclaimed"},"geometry":{"type":"Point","coordinates":[7.5116016,6.4596943]}},{"type":"Feature","id":"n_8752919284","properties":{"id":"n_8752919284","name":"Cee House Collection","catalog_type":"shop","quality":"B","claim_points":42,"territory_id":"new_haven","territory_name":"New Haven","territory_role":"unclaimed"},"geometry":{"type":"Point","coordinates":[7.5115633,6.4595287]}},{"type":"Feature","id":"n_8752921536","properties":{"id":"n_8752921536","name":"Tunder Tailor","catalog_type":"shop","quality":"B","claim_points":42,"territory_id":"new_haven","territory_name":"New Haven","territory_role":"unclaimed"},"geometry":{"type":"Point","coordinates":[7.5120715,6.4596923]}},{"type":"Feature","id":"n_8752929157","properties":{"id":"n_8752929157","name":"Devine D Communication","catalog_type":"civic","quality":"B","claim_points":36,"territory_id":"new_haven","territory_name":"New Haven","territory_role":"unclaimed"},"geometry":{"type":"Point","coordinates":[7.5116291,6.4594969]}},{"type":"Feature","id":"n_8752929461","properties":{"id":"n_8752929461","name":"Janise Collection","catalog_type":"civic","quality":"B","claim_points":36,"territory_id":"new_haven","territory_name":"New Haven","territory_role":"unclaimed"},"geometry":{"type":"Point","coordinates":[7.5117078,6.4597177]}},{"type":"Feature","id":"n_8752943982","properties":{"id":"n_8752943982","name":"Hanacy Stores and Pharmacy","catalog_type":"pharmacy","quality":"B","claim_points":36,"territory_id":"new_haven","territory_name":"New Haven","territory_role":"unclaimed"},"geometry":{"type":"Point","coordinates":[7.5134243,6.4597001]}},{"type":"Feature","id":"n_8752944126","properties":{"id":"n_8752944126","name":"Sonice Beauty World","catalog_type":"civic","quality":"B","claim_points":36,"territory_id":"new_haven","territory_name":"New Haven","territory_role":"unclaimed"},"geometry":{"type":"Point","coordinates":[7.5139433,6.458946]}},{"type":"Feature","id":"n_8752944783","properties":{"id":"n_8752944783","name":"Evelton Models & Fashion","catalog_type":"shop","quality":"B","claim_points":42,"territory_id":"new_haven","territory_name":"New Haven","territory_role":"unclaimed"},"geometry":{"type":"Point","coordinates":[7.5134945,6.4590463]}},{"type":"Feature","id":"n_8752945574","properties":{"id":"n_8752945574","name":"Red-Wrappings Nig","catalog_type":"civic","quality":"B","claim_points":36,"territory_id":"new_haven","territory_name":"New Haven","territory_role":"unclaimed"},"geometry":{"type":"Point","coordinates":[7.5137271,6.458268]}},{"type":"Feature","id":"n_8752947337","properties":{"id":"n_8752947337","name":"Sydok","catalog_type":"shop","quality":"B","claim_points":42,"territory_id":"new_haven","territory_name":"New Haven","territory_role":"unclaimed"},"geometry":{"type":"Point","coordinates":[7.5133306,6.458158]}},{"type":"Feature","id":"n_8752948278","properties":{"id":"n_8752948278","name":"Mummy's Choice","catalog_type":"shop","quality":"B","claim_points":42,"territory_id":"new_haven","territory_name":"New Haven","territory_role":"unclaimed"},"geometry":{"type":"Point","coordinates":[7.5133181,6.4583342]}},{"type":"Feature","id":"n_8752950707","properties":{"id":"n_8752950707","name":"St. Callistus Chatolic Church","catalog_type":"worship","quality":"B","claim_points":30,"territory_id":"new_haven","territory_name":"New Haven","territory_role":"unclaimed"},"geometry":{"type":"Point","coordinates":[7.5126658,6.4583507]}},{"type":"Feature","id":"n_8752955427","properties":{"id":"n_8752955427","name":"Forddz Blison Nigeria Limited","catalog_type":"civic","quality":"B","claim_points":36,"territory_id":"new_haven","territory_name":"New Haven","territory_role":"unclaimed"},"geometry":{"type":"Point","coordinates":[7.5135639,6.4586354]}},{"type":"Feature","id":"n_8752957843","properties":{"id":"n_8752957843","name":"Open Sharaton","catalog_type":"food","quality":"B","claim_points":48,"territory_id":"new_haven","territory_name":"New Haven","territory_role":"unclaimed"},"geometry":{"type":"Point","coordinates":[7.5129779,6.4582798]}},{"type":"Feature","id":"n_8752958432","properties":{"id":"n_8752958432","name":"The Good Wine","catalog_type":"civic","quality":"B","claim_points":36,"territory_id":"new_haven","territory_name":"New Haven","territory_role":"unclaimed"},"geometry":{"type":"Point","coordinates":[7.5139178,6.4582954]}},{"type":"Feature","id":"n_8752959339","properties":{"id":"n_8752959339","name":"Doronize","catalog_type":"civic","quality":"B","claim_points":36,"territory_id":"new_haven","territory_name":"New Haven","territory_role":"unclaimed"},"geometry":{"type":"Point","coordinates":[7.5143425,6.4586764]}},{"type":"Feature","id":"n_8752959340","properties":{"id":"n_8752959340","name":"Glamopur Bridals","catalog_type":"shop","quality":"B","claim_points":42,"territory_id":"new_haven","territory_name":"New Haven","territory_role":"unclaimed"},"geometry":{"type":"Point","coordinates":[7.5129327,6.4580981]}},{"type":"Feature","id":"n_8752962669","properties":{"id":"n_8752962669","name":"Littleones Boutique","catalog_type":"shop","quality":"B","claim_points":42,"territory_id":"new_haven","territory_name":"New Haven","territory_role":"unclaimed"},"geometry":{"type":"Point","coordinates":[7.5143807,6.4575979]}},{"type":"Feature","id":"n_8752976472","properties":{"id":"n_8752976472","name":"Beauty Blend","catalog_type":"shop","quality":"B","claim_points":42,"territory_id":"new_haven","territory_name":"New Haven","territory_role":"unclaimed"},"geometry":{"type":"Point","coordinates":[7.5131863,6.4577217]}},{"type":"Feature","id":"n_8752980531","properties":{"id":"n_8752980531","name":"Continental Store","catalog_type":"shop","quality":"B","claim_points":42,"territory_id":"new_haven","territory_name":"New Haven","territory_role":"unclaimed"},"geometry":{"type":"Point","coordinates":[7.5130743,6.4581352]}},{"type":"Feature","id":"n_8752997536","properties":{"id":"n_8752997536","name":"Pcou Engineering and Info-Tech Services Intl","catalog_type":"civic","quality":"B","claim_points":36,"territory_id":"new_haven","territory_name":"New Haven","territory_role":"unclaimed"},"geometry":{"type":"Point","coordinates":[7.5136439,6.4577861]}},{"type":"Feature","id":"n_8752997542","properties":{"id":"n_8752997542","name":"Chukky Clothing","catalog_type":"shop","quality":"B","claim_points":42,"territory_id":"new_haven","territory_name":"New Haven","territory_role":"unclaimed"},"geometry":{"type":"Point","coordinates":[7.5141109,6.4578557]}},{"type":"Feature","id":"n_8753000672","properties":{"id":"n_8753000672","name":"Firstmonie Agent-Ezeoma","catalog_type":"shop","quality":"B","claim_points":42,"territory_id":"new_haven","territory_name":"New Haven","territory_role":"unclaimed"},"geometry":{"type":"Point","coordinates":[7.5138378,6.4578411]}},{"type":"Feature","id":"n_8753021401","properties":{"id":"n_8753021401","name":"Assenblies of god church","catalog_type":"worship","quality":"B","claim_points":30,"territory_id":"new_haven","territory_name":"New Haven","territory_role":"unclaimed"},"geometry":{"type":"Point","coordinates":[7.5143211,6.4578996]}},{"type":"Feature","id":"n_8753036775","properties":{"id":"n_8753036775","name":"HYX Properties","catalog_type":"civic","quality":"B","claim_points":36,"territory_id":"new_haven","territory_name":"New Haven","territory_role":"unclaimed"},"geometry":{"type":"Point","coordinates":[7.514334,6.4574871]}},{"type":"Feature","id":"n_8753037505","properties":{"id":"n_8753037505","name":"Octopus Taxi Enugu","catalog_type":"transit","quality":"B","claim_points":18,"territory_id":"new_haven","territory_name":"New Haven","territory_role":"unclaimed"},"geometry":{"type":"Point","coordinates":[7.5144793,6.4574897]}},{"type":"Feature","id":"n_8753037922","properties":{"id":"n_8753037922","name":"Clara Beauty Salon","catalog_type":"shop","quality":"B","claim_points":42,"territory_id":"new_haven","territory_name":"New Haven","territory_role":"unclaimed"},"geometry":{"type":"Point","coordinates":[7.5134441,6.457304]}},{"type":"Feature","id":"n_8753039784","properties":{"id":"n_8753039784","name":"Wines & Spirit","catalog_type":"shop","quality":"B","claim_points":42,"territory_id":"new_haven","territory_name":"New Haven","territory_role":"unclaimed"},"geometry":{"type":"Point","coordinates":[7.516156,6.4581737]}},{"type":"Feature","id":"n_8753045109","properties":{"id":"n_8753045109","name":"San Frankin Outfit","catalog_type":"shop","quality":"B","claim_points":42,"territory_id":"new_haven","territory_name":"New Haven","territory_role":"unclaimed"},"geometry":{"type":"Point","coordinates":[7.5171023,6.4585544]}},{"type":"Feature","id":"n_8753048388","properties":{"id":"n_8753048388","name":"Jifun Investments","catalog_type":"civic","quality":"B","claim_points":36,"territory_id":"new_haven","territory_name":"New Haven","territory_role":"unclaimed"},"geometry":{"type":"Point","coordinates":[7.5144793,6.4570798]}},{"type":"Feature","id":"n_8753056757","properties":{"id":"n_8753056757","name":"First Bank - Enugu New Haven Branch","catalog_type":"bank","quality":"B","claim_points":30,"territory_id":"new_haven","territory_name":"New Haven","territory_role":"unclaimed"},"geometry":{"type":"Point","coordinates":[7.5145701,6.4579588]}},{"type":"Feature","id":"n_8753056906","properties":{"id":"n_8753056906","name":"Lovik","catalog_type":"food","quality":"B","claim_points":48,"territory_id":"new_haven","territory_name":"New Haven","territory_role":"unclaimed"},"geometry":{"type":"Point","coordinates":[7.5158725,6.4582063]}},{"type":"Feature","id":"n_8753070715","properties":{"id":"n_8753070715","name":"Frank Supermarket","catalog_type":"shop","quality":"B","claim_points":42,"territory_id":"new_haven","territory_name":"New Haven","territory_role":"unclaimed"},"geometry":{"type":"Point","coordinates":[7.5167962,6.4581986]}},{"type":"Feature","id":"n_8753071290","properties":{"id":"n_8753071290","name":"Firstmonie Agent - NDUBUSI","catalog_type":"shop","quality":"B","claim_points":42,"territory_id":"new_haven","territory_name":"New Haven","territory_role":"unclaimed"},"geometry":{"type":"Point","coordinates":[7.514617,6.4579373]}},{"type":"Feature","id":"n_8753071291","properties":{"id":"n_8753071291","name":"Lizzy Fish Shop","catalog_type":"shop","quality":"B","claim_points":42,"territory_id":"new_haven","territory_name":"New Haven","territory_role":"unclaimed"},"geometry":{"type":"Point","coordinates":[7.514784,6.4579818]}},{"type":"Feature","id":"n_8753071505","properties":{"id":"n_8753071505","name":"Ntachi osa","catalog_type":"food","quality":"B","claim_points":48,"territory_id":"new_haven","territory_name":"New Haven","territory_role":"unclaimed"},"geometry":{"type":"Point","coordinates":[7.5196228000000005,6.458671649999999]}},{"type":"Feature","id":"n_8753233091","properties":{"id":"n_8753233091","name":"Ntachi-Osa","catalog_type":"food","quality":"B","claim_points":48,"territory_id":"new_haven","territory_name":"New Haven","territory_role":"unclaimed"},"geometry":{"type":"Point","coordinates":[7.5228879,6.4585389]}},{"type":"Feature","id":"n_10543701167","properties":{"id":"n_10543701167","name":"Ntachi Osa","catalog_type":"food","quality":"B","claim_points":40,"territory_id":"independence_layout","territory_name":"Independence Layout","territory_role":"playable_faction"},"geometry":{"type":"Point","coordinates":[7.5144055,6.4515434]}},{"type":"Feature","id":"n_8753071772","properties":{"id":"n_8753071772","name":"Tinas Beauty Saloon","catalog_type":"shop","quality":"B","claim_points":42,"territory_id":"new_haven","territory_name":"New Haven","territory_role":"unclaimed"},"geometry":{"type":"Point","coordinates":[7.5167417,6.4587426]}},{"type":"Feature","id":"n_8753077539","properties":{"id":"n_8753077539","name":"Chazen Ice Cream Depot","catalog_type":"food","quality":"B","claim_points":48,"territory_id":"new_haven","territory_name":"New Haven","territory_role":"unclaimed"},"geometry":{"type":"Point","coordinates":[7.5150138,6.4580439]}},{"type":"Feature","id":"n_8753077540","properties":{"id":"n_8753077540","name":"Roka Drinks & Food Items Plaza","catalog_type":"food","quality":"B","claim_points":48,"territory_id":"new_haven","territory_name":"New Haven","territory_role":"unclaimed"},"geometry":{"type":"Point","coordinates":[7.5158232,6.4576624]}},{"type":"Feature","id":"n_8753078699","properties":{"id":"n_8753078699","name":"49 Chime new Haven","catalog_type":"shop","quality":"B","claim_points":42,"territory_id":"new_haven","territory_name":"New Haven","territory_role":"unclaimed"},"geometry":{"type":"Point","coordinates":[7.5152836,6.4585827]}},{"type":"Feature","id":"n_8753078859","properties":{"id":"n_8753078859","name":"Gratitude Collections","catalog_type":"shop","quality":"B","claim_points":42,"territory_id":"new_haven","territory_name":"New Haven","territory_role":"unclaimed"},"geometry":{"type":"Point","coordinates":[7.5162124,6.4582656]}},{"type":"Feature","id":"n_8753079021","properties":{"id":"n_8753079021","name":"Reen's Exclusive","catalog_type":"shop","quality":"B","claim_points":42,"territory_id":"new_haven","territory_name":"New Haven","territory_role":"unclaimed"},"geometry":{"type":"Point","coordinates":[7.5144689,6.4572241]}},{"type":"Feature","id":"n_8753079442","properties":{"id":"n_8753079442","name":"Foxxymobile DJ","catalog_type":"civic","quality":"B","claim_points":36,"territory_id":"new_haven","territory_name":"New Haven","territory_role":"unclaimed"},"geometry":{"type":"Point","coordinates":[7.5150683,6.4578867]}},{"type":"Feature","id":"n_8753085721","properties":{"id":"n_8753085721","name":"The Platinum Ice Co.","catalog_type":"food","quality":"B","claim_points":48,"territory_id":"new_haven","territory_name":"New Haven","territory_role":"unclaimed"},"geometry":{"type":"Point","coordinates":[7.5151046,6.4580697]}},{"type":"Feature","id":"n_8753085800","properties":{"id":"n_8753085800","name":"Bella Belle Couture","catalog_type":"shop","quality":"B","claim_points":42,"territory_id":"new_haven","territory_name":"New Haven","territory_role":"unclaimed"},"geometry":{"type":"Point","coordinates":[7.5159919,6.4582192]}},{"type":"Feature","id":"n_8753087407","properties":{"id":"n_8753087407","name":"God's and Glory Pharmacy Ltd","catalog_type":"pharmacy","quality":"B","claim_points":36,"territory_id":"new_haven","territory_name":"New Haven","territory_role":"unclaimed"},"geometry":{"type":"Point","coordinates":[7.5175096,6.4582398]}},{"type":"Feature","id":"n_8753090066","properties":{"id":"n_8753090066","name":"Cardinal Digital Studios","catalog_type":"shop","quality":"B","claim_points":42,"territory_id":"new_haven","territory_name":"New Haven","territory_role":"unclaimed"},"geometry":{"type":"Point","coordinates":[7.5165108,6.4587786]}},{"type":"Feature","id":"n_8753093843","properties":{"id":"n_8753093843","name":"Feel at Home","catalog_type":"food","quality":"B","claim_points":48,"territory_id":"new_haven","territory_name":"New Haven","territory_role":"unclaimed"},"geometry":{"type":"Point","coordinates":[7.5170997,6.4587374]}},{"type":"Feature","id":"n_8753093933","properties":{"id":"n_8753093933","name":"Chicke ibeabuchi & Co","catalog_type":"civic","quality":"B","claim_points":36,"territory_id":"new_haven","territory_name":"New Haven","territory_role":"unclaimed"},"geometry":{"type":"Point","coordinates":[7.5151383,6.4585363]}},{"type":"Feature","id":"n_8753094064","properties":{"id":"n_8753094064","name":"Belwin Memorial Clinic","catalog_type":"hospital","quality":"B","claim_points":24,"territory_id":"new_haven","territory_name":"New Haven","territory_role":"unclaimed"},"geometry":{"type":"Point","coordinates":[7.5148166,6.4584693]}},{"type":"Feature","id":"n_8753096260","properties":{"id":"n_8753096260","name":"Vision Dta-Techs","catalog_type":"shop","quality":"B","claim_points":42,"territory_id":"new_haven","territory_name":"New Haven","territory_role":"unclaimed"},"geometry":{"type":"Point","coordinates":[7.5158881,6.4586833]}},{"type":"Feature","id":"n_8753097390","properties":{"id":"n_8753097390","name":"$u Magazine","catalog_type":"shop","quality":"B","claim_points":42,"territory_id":"new_haven","territory_name":"New Haven","territory_role":"unclaimed"},"geometry":{"type":"Point","coordinates":[7.5215748,6.4585468]}},{"type":"Feature","id":"n_8753098260","properties":{"id":"n_8753098260","name":"RCCG Living Spring Parish","catalog_type":"worship","quality":"B","claim_points":30,"territory_id":"new_haven","territory_name":"New Haven","territory_role":"unclaimed"},"geometry":{"type":"Point","coordinates":[7.5160204,6.4587013]}},{"type":"Feature","id":"n_8753104511","properties":{"id":"n_8753104511","name":"Amblinn Labs and Services","catalog_type":"civic","quality":"B","claim_points":36,"territory_id":"new_haven","territory_name":"New Haven","territory_role":"unclaimed"},"geometry":{"type":"Point","coordinates":[7.5173202,6.4581883]}},{"type":"Feature","id":"n_8753108971","properties":{"id":"n_8753108971","name":"Household of Jewellery","catalog_type":"shop","quality":"B","claim_points":42,"territory_id":"new_haven","territory_name":"New Haven","territory_role":"unclaimed"},"geometry":{"type":"Point","coordinates":[7.5166794,6.4581084]}},{"type":"Feature","id":"n_8753109668","properties":{"id":"n_8753109668","name":"Dress me","catalog_type":"shop","quality":"B","claim_points":42,"territory_id":"new_haven","territory_name":"New Haven","territory_role":"unclaimed"},"geometry":{"type":"Point","coordinates":[7.5167365,6.4586704]}},{"type":"Feature","id":"n_8753109673","properties":{"id":"n_8753109673","name":"Masculine","catalog_type":"shop","quality":"B","claim_points":42,"territory_id":"new_haven","territory_name":"New Haven","territory_role":"unclaimed"},"geometry":{"type":"Point","coordinates":[7.5171891,6.458223]}},{"type":"Feature","id":"n_8753110630","properties":{"id":"n_8753110630","name":"Scripture Union(Nig) Asata Zonal Office","catalog_type":"shop","quality":"B","claim_points":42,"territory_id":"new_haven","territory_name":"New Haven","territory_role":"unclaimed"},"geometry":{"type":"Point","coordinates":[7.5162928,6.458227]}},{"type":"Feature","id":"n_8753115200","properties":{"id":"n_8753115200","name":"Debby Fabrics","catalog_type":"shop","quality":"B","claim_points":42,"territory_id":"new_haven","territory_name":"New Haven","territory_role":"unclaimed"},"geometry":{"type":"Point","coordinates":[7.5177613,6.457665]}},{"type":"Feature","id":"n_8753115900","properties":{"id":"n_8753115900","name":"Oven and Batter Bakery Studio","catalog_type":"food","quality":"B","claim_points":48,"territory_id":"new_haven","territory_name":"New Haven","territory_role":"unclaimed"},"geometry":{"type":"Point","coordinates":[7.5171905,6.4582063]}},{"type":"Feature","id":"n_8753126186","properties":{"id":"n_8753126186","name":"Stylish Mum & Kids Outlet","catalog_type":"shop","quality":"B","claim_points":42,"territory_id":"new_haven","territory_name":"New Haven","territory_role":"unclaimed"},"geometry":{"type":"Point","coordinates":[7.5173332,6.4585982]}},{"type":"Feature","id":"n_8753126187","properties":{"id":"n_8753126187","name":"Crownpoint Pharmacy & Stores Ltd","catalog_type":"pharmacy","quality":"B","claim_points":36,"territory_id":"new_haven","territory_name":"New Haven","territory_role":"unclaimed"},"geometry":{"type":"Point","coordinates":[7.51807,6.4586523]}},{"type":"Feature","id":"n_8753126649","properties":{"id":"n_8753126649","name":"Friendly Supermarket","catalog_type":"shop","quality":"B","claim_points":42,"territory_id":"new_haven","territory_name":"New Haven","territory_role":"unclaimed"},"geometry":{"type":"Point","coordinates":[7.5177094,6.4581367]}},{"type":"Feature","id":"n_8753127421","properties":{"id":"n_8753127421","name":"JB-Jem Fashion and Accessories","catalog_type":"shop","quality":"B","claim_points":42,"territory_id":"new_haven","territory_name":"New Haven","territory_role":"unclaimed"},"geometry":{"type":"Point","coordinates":[7.5163788,6.4587301]}},{"type":"Feature","id":"n_8753133590","properties":{"id":"n_8753133590","name":"Epi Talent Fashion Designer","catalog_type":"civic","quality":"B","claim_points":36,"territory_id":"new_haven","territory_name":"New Haven","territory_role":"unclaimed"},"geometry":{"type":"Point","coordinates":[7.516791,6.4586755]}},{"type":"Feature","id":"n_8753136858","properties":{"id":"n_8753136858","name":"Ksley Mega Lottery","catalog_type":"shop","quality":"B","claim_points":42,"territory_id":"new_haven","territory_name":"New Haven","territory_role":"unclaimed"},"geometry":{"type":"Point","coordinates":[7.5171931,6.4581238]}},{"type":"Feature","id":"n_8753138574","properties":{"id":"n_8753138574","name":"Chilovet Couture","catalog_type":"shop","quality":"B","claim_points":42,"territory_id":"new_haven","territory_name":"New Haven","territory_role":"unclaimed"},"geometry":{"type":"Point","coordinates":[7.5175382,6.4581032]}},{"type":"Feature","id":"n_8753140270","properties":{"id":"n_8753140270","name":"Chibros Driving School","catalog_type":"school","quality":"B","claim_points":24,"territory_id":"new_haven","territory_name":"New Haven","territory_role":"unclaimed"},"geometry":{"type":"Point","coordinates":[7.5172346,6.4587168]}},{"type":"Feature","id":"n_8753140359","properties":{"id":"n_8753140359","name":"Mama Ejima 3","catalog_type":"food","quality":"B","claim_points":48,"territory_id":"new_haven","territory_name":"New Haven","territory_role":"unclaimed"},"geometry":{"type":"Point","coordinates":[7.517245,6.4591215]}},{"type":"Feature","id":"n_8753140569","properties":{"id":"n_8753140569","name":"Eastern Shop Corner Shop","catalog_type":"shop","quality":"B","claim_points":42,"territory_id":"new_haven","territory_name":"New Haven","territory_role":"unclaimed"},"geometry":{"type":"Point","coordinates":[7.5182309,6.458196]}},{"type":"Feature","id":"n_8753142269","properties":{"id":"n_8753142269","name":"Victoria Kol","catalog_type":"shop","quality":"B","claim_points":42,"territory_id":"new_haven","territory_name":"New Haven","territory_role":"unclaimed"},"geometry":{"type":"Point","coordinates":[7.5184981,6.4581986]}},{"type":"Feature","id":"n_8753146759","properties":{"id":"n_8753146759","name":"Whyteboynation","catalog_type":"civic","quality":"B","claim_points":36,"territory_id":"new_haven","territory_name":"New Haven","territory_role":"unclaimed"},"geometry":{"type":"Point","coordinates":[7.5190481,6.458624]}},{"type":"Feature","id":"n_8753147365","properties":{"id":"n_8753147365","name":"Jenicristal Collections","catalog_type":"shop","quality":"B","claim_points":42,"territory_id":"new_haven","territory_name":"New Haven","territory_role":"unclaimed"},"geometry":{"type":"Point","coordinates":[7.5174058,6.4577655]}},{"type":"Feature","id":"n_8753147374","properties":{"id":"n_8753147374","name":"Nwanyi Achi Special Abacha & Beer","catalog_type":"food","quality":"B","claim_points":48,"territory_id":"new_haven","territory_name":"New Haven","territory_role":"unclaimed"},"geometry":{"type":"Point","coordinates":[7.5182957,6.4587065]}},{"type":"Feature","id":"n_8753149700","properties":{"id":"n_8753149700","name":"Zeeda Couture","catalog_type":"shop","quality":"B","claim_points":42,"territory_id":"new_haven","territory_name":"New Haven","territory_role":"unclaimed"},"geometry":{"type":"Point","coordinates":[7.5179014,6.4587065]}},{"type":"Feature","id":"n_8753150397","properties":{"id":"n_8753150397","name":"RCCG.David Generation Chruch","catalog_type":"worship","quality":"B","claim_points":30,"territory_id":"new_haven","territory_name":"New Haven","territory_role":"unclaimed"},"geometry":{"type":"Point","coordinates":[7.5212171,6.4585569]}},{"type":"Feature","id":"n_8753150412","properties":{"id":"n_8753150412","name":"Movin Star Supermarket","catalog_type":"shop","quality":"B","claim_points":42,"territory_id":"new_haven","territory_name":"New Haven","territory_role":"unclaimed"},"geometry":{"type":"Point","coordinates":[7.5231681,6.458508]}},{"type":"Feature","id":"n_8753151380","properties":{"id":"n_8753151380","name":"Faith Durham Pharmacy","catalog_type":"pharmacy","quality":"B","claim_points":36,"territory_id":"new_haven","territory_name":"New Haven","territory_role":"unclaimed"},"geometry":{"type":"Point","coordinates":[7.5206956,6.4580053]}},{"type":"Feature","id":"n_8753154011","properties":{"id":"n_8753154011","name":"Medicine Store","catalog_type":"pharmacy","quality":"B","claim_points":36,"territory_id":"new_haven","territory_name":"New Haven","territory_role":"unclaimed"},"geometry":{"type":"Point","coordinates":[7.5193543,6.4576314]}},{"type":"Feature","id":"n_8753159219","properties":{"id":"n_8753159219","name":"Clara Collection","catalog_type":"shop","quality":"B","claim_points":42,"territory_id":"new_haven","territory_name":"New Haven","territory_role":"unclaimed"},"geometry":{"type":"Point","coordinates":[7.5185035,6.4581801]}},{"type":"Feature","id":"n_8753159224","properties":{"id":"n_8753159224","name":"Chuks Pharmacy","catalog_type":"pharmacy","quality":"B","claim_points":36,"territory_id":"new_haven","territory_name":"New Haven","territory_role":"unclaimed"},"geometry":{"type":"Point","coordinates":[7.5185318,6.457982]}},{"type":"Feature","id":"n_8753159225","properties":{"id":"n_8753159225","name":"Mother and Child","catalog_type":"shop","quality":"B","claim_points":42,"territory_id":"new_haven","territory_name":"New Haven","territory_role":"unclaimed"},"geometry":{"type":"Point","coordinates":[7.5188803,6.4579672]}},{"type":"Feature","id":"n_8753159711","properties":{"id":"n_8753159711","name":"Chitis Hot Bread","catalog_type":"food","quality":"B","claim_points":48,"territory_id":"new_haven","territory_name":"New Haven","territory_role":"unclaimed"},"geometry":{"type":"Point","coordinates":[7.5191623,6.4580542]}},{"type":"Feature","id":"n_8753159794","properties":{"id":"n_8753159794","name":"Tradeoptions Technologies","catalog_type":"shop","quality":"B","claim_points":42,"territory_id":"new_haven","territory_name":"New Haven","territory_role":"unclaimed"},"geometry":{"type":"Point","coordinates":[7.5175485,6.4586884]}},{"type":"Feature","id":"n_8753160049","properties":{"id":"n_8753160049","name":"Assemblies of god church chimes avenue","catalog_type":"worship","quality":"B","claim_points":30,"territory_id":"new_haven","territory_name":"New Haven","territory_role":"unclaimed"},"geometry":{"type":"Point","coordinates":[7.5197175,6.4579279]}},{"type":"Feature","id":"n_8753161978","properties":{"id":"n_8753161978","name":"Splendid Place","catalog_type":"food","quality":"B","claim_points":48,"territory_id":"new_haven","territory_name":"New Haven","territory_role":"unclaimed"},"geometry":{"type":"Point","coordinates":[7.5183736,6.4582141]}},{"type":"Feature","id":"n_8753173688","properties":{"id":"n_8753173688","name":"Kedi Healthcare Nig Ltd","catalog_type":"shop","quality":"B","claim_points":42,"territory_id":"new_haven","territory_name":"New Haven","territory_role":"unclaimed"},"geometry":{"type":"Point","coordinates":[7.5209758,6.4586162]}},{"type":"Feature","id":"n_8753173952","properties":{"id":"n_8753173952","name":"Clean Habit Dry Cleaners","catalog_type":"civic","quality":"B","claim_points":36,"territory_id":"new_haven","territory_name":"New Haven","territory_role":"unclaimed"},"geometry":{"type":"Point","coordinates":[7.5188535,6.4586111]}},{"type":"Feature","id":"n_8753174686","properties":{"id":"n_8753174686","name":"Philip Electronic House","catalog_type":"shop","quality":"B","claim_points":42,"territory_id":"new_haven","territory_name":"New Haven","territory_role":"unclaimed"},"geometry":{"type":"Point","coordinates":[7.5196085,6.458062]}},{"type":"Feature","id":"n_8753177652","properties":{"id":"n_8753177652","name":"Artitude Arts and Interiors","catalog_type":"shop","quality":"B","claim_points":42,"territory_id":"new_haven","territory_name":"New Haven","territory_role":"unclaimed"},"geometry":{"type":"Point","coordinates":[7.5183401,6.4586462]}},{"type":"Feature","id":"n_8753184302","properties":{"id":"n_8753184302","name":"Snod Ice Cream","catalog_type":"food","quality":"B","claim_points":48,"territory_id":"new_haven","territory_name":"New Haven","territory_role":"unclaimed"},"geometry":{"type":"Point","coordinates":[7.5190481,6.45742]}},{"type":"Feature","id":"n_8753184509","properties":{"id":"n_8753184509","name":"Philinda Fashion World","catalog_type":"shop","quality":"B","claim_points":42,"territory_id":"new_haven","territory_name":"New Haven","territory_role":"unclaimed"},"geometry":{"type":"Point","coordinates":[7.5192671,6.4576477]}},{"type":"Feature","id":"n_8753185033","properties":{"id":"n_8753185033","name":"Dilinma Fashion Home","catalog_type":"shop","quality":"B","claim_points":42,"territory_id":"new_haven","territory_name":"New Haven","territory_role":"unclaimed"},"geometry":{"type":"Point","coordinates":[7.5200963,6.4586059]}},{"type":"Feature","id":"n_8753186571","properties":{"id":"n_8753186571","name":"H2N.Hair Hub Naturelle Beauty salons","catalog_type":"shop","quality":"B","claim_points":42,"territory_id":"new_haven","territory_name":"New Haven","territory_role":"unclaimed"},"geometry":{"type":"Point","coordinates":[7.519279,6.4579099]}},{"type":"Feature","id":"n_8753186885","properties":{"id":"n_8753186885","name":"Makisblau","catalog_type":"civic","quality":"B","claim_points":36,"territory_id":"new_haven","territory_name":"New Haven","territory_role":"unclaimed"},"geometry":{"type":"Point","coordinates":[7.5187238,6.4592427]}},{"type":"Feature","id":"n_8753187761","properties":{"id":"n_8753187761","name":"Denis Pharmacy","catalog_type":"pharmacy","quality":"B","claim_points":36,"territory_id":"new_haven","territory_name":"New Haven","territory_role":"unclaimed"},"geometry":{"type":"Point","coordinates":[7.5200859,6.4581213]}},{"type":"Feature","id":"n_8753187762","properties":{"id":"n_8753187762","name":"Avikhol Company Limites","catalog_type":"civic","quality":"B","claim_points":36,"territory_id":"new_haven","territory_name":"New Haven","territory_role":"unclaimed"},"geometry":{"type":"Point","coordinates":[7.5201897,6.4576134]}},{"type":"Feature","id":"n_8753188125","properties":{"id":"n_8753188125","name":"Cleon Pharmacy","catalog_type":"pharmacy","quality":"B","claim_points":36,"territory_id":"new_haven","territory_name":"New Haven","territory_role":"unclaimed"},"geometry":{"type":"Point","coordinates":[7.5210614,6.4580413]}},{"type":"Feature","id":"n_8753193039","properties":{"id":"n_8753193039","name":"Paus Pharmacy","catalog_type":"pharmacy","quality":"B","claim_points":36,"territory_id":"new_haven","territory_name":"New Haven","territory_role":"unclaimed"},"geometry":{"type":"Point","coordinates":[7.5206463,6.4578583]}},{"type":"Feature","id":"n_8753193040","properties":{"id":"n_8753193040","name":"Nigus PHarmacy","catalog_type":"pharmacy","quality":"B","claim_points":36,"territory_id":"new_haven","territory_name":"New Haven","territory_role":"unclaimed"},"geometry":{"type":"Point","coordinates":[7.521147,6.4579872]}},{"type":"Feature","id":"n_8753193968","properties":{"id":"n_8753193968","name":"Upper Mbanefo Street Garage 3","catalog_type":"civic","quality":"B","claim_points":36,"territory_id":"new_haven","territory_name":"New Haven","territory_role":"unclaimed"},"geometry":{"type":"Point","coordinates":[7.5208331,6.4590493]}},{"type":"Feature","id":"n_8753196386","properties":{"id":"n_8753196386","name":"Lafta Lounge","catalog_type":"food","quality":"B","claim_points":48,"territory_id":"new_haven","territory_name":"New Haven","territory_role":"unclaimed"},"geometry":{"type":"Point","coordinates":[7.5218787,6.4588302]}},{"type":"Feature","id":"n_8753200401","properties":{"id":"n_8753200401","name":"Eze & Chris Auto Klinic Nig","catalog_type":"shop","quality":"B","claim_points":42,"territory_id":"new_haven","territory_name":"New Haven","territory_role":"unclaimed"},"geometry":{"type":"Point","coordinates":[7.5207034,6.4585415]}},{"type":"Feature","id":"n_8753201263","properties":{"id":"n_8753201263","name":"Upper Mbanefo Street Mechanic Garage 2","catalog_type":"civic","quality":"B","claim_points":36,"territory_id":"new_haven","territory_name":"New Haven","territory_role":"unclaimed"},"geometry":{"type":"Point","coordinates":[7.5211574,6.4590132]}},{"type":"Feature","id":"n_8753202319","properties":{"id":"n_8753202319","name":"Firstmonie Agent - EHIRIM","catalog_type":"shop","quality":"B","claim_points":42,"territory_id":"new_haven","territory_name":"New Haven","territory_role":"unclaimed"},"geometry":{"type":"Point","coordinates":[7.5207428,6.4588538]}},{"type":"Feature","id":"n_8753209633","properties":{"id":"n_8753209633","name":"Arik air Office","catalog_type":"civic","quality":"B","claim_points":36,"territory_id":"new_haven","territory_name":"New Haven","territory_role":"unclaimed"},"geometry":{"type":"Point","coordinates":[7.5207138,6.4585801]}},{"type":"Feature","id":"n_8753209649","properties":{"id":"n_8753209649","name":"D-Grace Textiles","catalog_type":"shop","quality":"B","claim_points":42,"territory_id":"new_haven","territory_name":"New Haven","territory_role":"unclaimed"},"geometry":{"type":"Point","coordinates":[7.5196902,6.4590213]}},{"type":"Feature","id":"n_8753209654","properties":{"id":"n_8753209654","name":"Discovery Kitchen","catalog_type":"food","quality":"B","claim_points":48,"territory_id":"new_haven","territory_name":"New Haven","territory_role":"unclaimed"},"geometry":{"type":"Point","coordinates":[7.5233757,6.4572783]}},{"type":"Feature","id":"n_8753211712","properties":{"id":"n_8753211712","name":"First Opinion Medical Laboratory","catalog_type":"hospital","quality":"B","claim_points":24,"territory_id":"new_haven","territory_name":"New Haven","territory_role":"unclaimed"},"geometry":{"type":"Point","coordinates":[7.5230021,6.4586291]}},{"type":"Feature","id":"n_8753211932","properties":{"id":"n_8753211932","name":"The Apostolic Church","catalog_type":"worship","quality":"B","claim_points":30,"territory_id":"new_haven","territory_name":"New Haven","territory_role":"unclaimed"},"geometry":{"type":"Point","coordinates":[7.5236442,6.458574349999999]}},{"type":"Feature","id":"n_8753212073","properties":{"id":"n_8753212073","name":"Mount Carmel Hospital and Mortuary","catalog_type":"hospital","quality":"B","claim_points":24,"territory_id":"new_haven","territory_name":"New Haven","territory_role":"unclaimed"},"geometry":{"type":"Point","coordinates":[7.5217282,6.4585466]}},{"type":"Feature","id":"n_8753212234","properties":{"id":"n_8753212234","name":"Mount Carmel Maternity","catalog_type":"hospital","quality":"B","claim_points":24,"territory_id":"new_haven","territory_name":"New Haven","territory_role":"unclaimed"},"geometry":{"type":"Point","coordinates":[7.5217464,6.4586549]}},{"type":"Feature","id":"n_8753214767","properties":{"id":"n_8753214767","name":"Melody Pharmacy","catalog_type":"pharmacy","quality":"B","claim_points":36,"territory_id":"new_haven","territory_name":"New Haven","territory_role":"unclaimed"},"geometry":{"type":"Point","coordinates":[7.5213572,6.4587219]}},{"type":"Feature","id":"n_8753214832","properties":{"id":"n_8753214832","name":"Gross Security and Technology","catalog_type":"shop","quality":"B","claim_points":42,"territory_id":"new_haven","territory_name":"New Haven","territory_role":"unclaimed"},"geometry":{"type":"Point","coordinates":[7.521422,6.4585312]}},{"type":"Feature","id":"n_8753215728","properties":{"id":"n_8753215728","name":"Execellent Projects and Technology Company","catalog_type":"shop","quality":"B","claim_points":42,"territory_id":"new_haven","territory_name":"New Haven","territory_role":"unclaimed"},"geometry":{"type":"Point","coordinates":[7.5210161,6.4586053]}},{"type":"Feature","id":"n_8753218929","properties":{"id":"n_8753218929","name":"Upper Mbanefo Street Mechanic Garage 4","catalog_type":"civic","quality":"B","claim_points":36,"territory_id":"new_haven","territory_name":"New Haven","territory_role":"unclaimed"},"geometry":{"type":"Point","coordinates":[7.5203557,6.4591267]}},{"type":"Feature","id":"n_8753220981","properties":{"id":"n_8753220981","name":"Mama paul's Restaurant","catalog_type":"food","quality":"B","claim_points":48,"territory_id":"new_haven","territory_name":"New Haven","territory_role":"unclaimed"},"geometry":{"type":"Point","coordinates":[7.5210329,6.4588663]}},{"type":"Feature","id":"n_8753227879","properties":{"id":"n_8753227879","name":"Akalaka House","catalog_type":"mall","quality":"B","claim_points":54,"territory_id":"new_haven","territory_name":"New Haven","territory_role":"unclaimed"},"geometry":{"type":"Point","coordinates":[7.5229865,6.4585337]}},{"type":"Feature","id":"n_8753230454","properties":{"id":"n_8753230454","name":"Favour Water","catalog_type":"civic","quality":"B","claim_points":36,"territory_id":"new_haven","territory_name":"New Haven","territory_role":"unclaimed"},"geometry":{"type":"Point","coordinates":[7.5231318,6.4572602]}},{"type":"Feature","id":"n_8753232879","properties":{"id":"n_8753232879","name":"Donald Pharmacy","catalog_type":"pharmacy","quality":"B","claim_points":36,"territory_id":"new_haven","territory_name":"New Haven","territory_role":"unclaimed"},"geometry":{"type":"Point","coordinates":[7.5227374,6.4579073]}},{"type":"Feature","id":"n_8753233096","properties":{"id":"n_8753233096","name":"Dex Records","catalog_type":"civic","quality":"B","claim_points":36,"territory_id":"new_haven","territory_name":"New Haven","territory_role":"unclaimed"},"geometry":{"type":"Point","coordinates":[7.5231136,6.4586162]}},{"type":"Feature","id":"n_8753235812","properties":{"id":"n_8753235812","name":"Dominic Pharmacy","catalog_type":"pharmacy","quality":"B","claim_points":36,"territory_id":"new_haven","territory_name":"New Haven","territory_role":"unclaimed"},"geometry":{"type":"Point","coordinates":[7.523482,6.4588431]}},{"type":"Feature","id":"n_8753243439","properties":{"id":"n_8753243439","name":"Chukwuemeka Investment Nig","catalog_type":"shop","quality":"B","claim_points":42,"territory_id":"new_haven","territory_name":"New Haven","territory_role":"unclaimed"},"geometry":{"type":"Point","coordinates":[7.5224582,6.4578094]}},{"type":"Feature","id":"n_8753246552","properties":{"id":"n_8753246552","name":"Supernatural Family","catalog_type":"worship","quality":"B","claim_points":30,"territory_id":"new_haven","territory_name":"New Haven","territory_role":"unclaimed"},"geometry":{"type":"Point","coordinates":[7.5221303,6.4575489]}},{"type":"Feature","id":"n_8753246687","properties":{"id":"n_8753246687","name":"Discovery Plaza","catalog_type":"mall","quality":"B","claim_points":54,"territory_id":"new_haven","territory_name":"New Haven","territory_role":"unclaimed"},"geometry":{"type":"Point","coordinates":[7.5236002,6.4577077]}},{"type":"Feature","id":"n_8753251536","properties":{"id":"n_8753251536","name":"Daisy life","catalog_type":"food","quality":"B","claim_points":48,"territory_id":"new_haven","territory_name":"New Haven","territory_role":"unclaimed"},"geometry":{"type":"Point","coordinates":[7.5245665,6.4577062]}},{"type":"Feature","id":"n_8753251611","properties":{"id":"n_8753251611","name":"Nagode Pharmacy","catalog_type":"pharmacy","quality":"B","claim_points":36,"territory_id":"new_haven","territory_name":"New Haven","territory_role":"unclaimed"},"geometry":{"type":"Point","coordinates":[7.5319446,6.4581176]}},{"type":"Feature","id":"n_8753252234","properties":{"id":"n_8753252234","name":"Twzee World","catalog_type":"shop","quality":"B","claim_points":42,"territory_id":"new_haven","territory_name":"New Haven","territory_role":"unclaimed"},"geometry":{"type":"Point","coordinates":[7.5237166,6.4573726]}},{"type":"Feature","id":"n_8753260897","properties":{"id":"n_8753260897","name":"Zeez Garden","catalog_type":"food","quality":"B","claim_points":48,"territory_id":"new_haven","territory_name":"New Haven","territory_role":"unclaimed"},"geometry":{"type":"Point","coordinates":[7.524442,6.4579485]}},{"type":"Feature","id":"n_8753265106","properties":{"id":"n_8753265106","name":"Kesandra Hotel & Suites","catalog_type":"hotel","quality":"B","claim_points":36,"territory_id":"new_haven","territory_name":"New Haven","territory_role":"unclaimed"},"geometry":{"type":"Point","coordinates":[7.5266447,6.4578428]}},{"type":"Feature","id":"n_8753272032","properties":{"id":"n_8753272032","name":"Party Pluz","catalog_type":"shop","quality":"B","claim_points":42,"territory_id":"new_haven","territory_name":"New Haven","territory_role":"unclaimed"},"geometry":{"type":"Point","coordinates":[7.5259617,6.4585849]}},{"type":"Feature","id":"n_8753272033","properties":{"id":"n_8753272033","name":"Planet Food Restaurant and Bar","catalog_type":"food","quality":"B","claim_points":48,"territory_id":"new_haven","territory_name":"New Haven","territory_role":"unclaimed"},"geometry":{"type":"Point","coordinates":[7.527135,6.4578119]}},{"type":"Feature","id":"n_8753275114","properties":{"id":"n_8753275114","name":"IELTS, TOEFL, PTE, GRE, SAT CENTER IN ENUGU","catalog_type":"school","quality":"B","claim_points":24,"territory_id":"new_haven","territory_name":"New Haven","territory_role":"unclaimed"},"geometry":{"type":"Point","coordinates":[7.5251217,6.4583997]}},{"type":"Feature","id":"n_8753279876","properties":{"id":"n_8753279876","name":"New Haven Primary School","catalog_type":"school","quality":"B","claim_points":24,"territory_id":"new_haven","territory_name":"New Haven","territory_role":"unclaimed"},"geometry":{"type":"Point","coordinates":[7.5252151,6.4571571]}},{"type":"Feature","id":"n_8753287719","properties":{"id":"n_8753287719","name":"Cabrini Bar","catalog_type":"food","quality":"B","claim_points":48,"territory_id":"new_haven","territory_name":"New Haven","territory_role":"unclaimed"},"geometry":{"type":"Point","coordinates":[7.5256795,6.4586369]}},{"type":"Feature","id":"n_8753293779","properties":{"id":"n_8753293779","name":"Johnson Pharmacy","catalog_type":"pharmacy","quality":"B","claim_points":36,"territory_id":"new_haven","territory_name":"New Haven","territory_role":"unclaimed"},"geometry":{"type":"Point","coordinates":[7.5230254,6.4567884]}},{"type":"Feature","id":"n_8753295007","properties":{"id":"n_8753295007","name":"Nipco Filling Station","catalog_type":"civic","quality":"B","claim_points":36,"territory_id":"new_haven","territory_name":"New Haven","territory_role":"unclaimed"},"geometry":{"type":"Point","coordinates":[7.525389,6.4579795]}},{"type":"Feature","id":"n_8753296442","properties":{"id":"n_8753296442","name":"Sleplendid Furniture","catalog_type":"shop","quality":"B","claim_points":42,"territory_id":"new_haven","territory_name":"New Haven","territory_role":"unclaimed"},"geometry":{"type":"Point","coordinates":[7.5282117,6.458062]}},{"type":"Feature","id":"n_8753296507","properties":{"id":"n_8753296507","name":"Queen's Super Stores","catalog_type":"shop","quality":"B","claim_points":42,"territory_id":"new_haven","territory_name":"New Haven","territory_role":"unclaimed"},"geometry":{"type":"Point","coordinates":[7.5284556,6.4576418]}},{"type":"Feature","id":"n_8753305181","properties":{"id":"n_8753305181","name":"Reigning King Mega Parish","catalog_type":"worship","quality":"B","claim_points":30,"territory_id":"new_haven","territory_name":"New Haven","territory_role":"unclaimed"},"geometry":{"type":"Point","coordinates":[7.525184,6.4587761]}},{"type":"Feature","id":"n_8753305929","properties":{"id":"n_8753305929","name":"Elmpucker Intl","catalog_type":"shop","quality":"B","claim_points":42,"territory_id":"new_haven","territory_name":"New Haven","territory_role":"unclaimed"},"geometry":{"type":"Point","coordinates":[7.5254241,6.4586139]}},{"type":"Feature","id":"n_8753305974","properties":{"id":"n_8753305974","name":"Alex Pharmacy","catalog_type":"pharmacy","quality":"B","claim_points":36,"territory_id":"new_haven","territory_name":"New Haven","territory_role":"unclaimed"},"geometry":{"type":"Point","coordinates":[7.5264708,6.4579743]}},{"type":"Feature","id":"n_8753305980","properties":{"id":"n_8753305980","name":"Precioustel","catalog_type":"hotel","quality":"B","claim_points":36,"territory_id":"new_haven","territory_name":"New Haven","territory_role":"unclaimed"},"geometry":{"type":"Point","coordinates":[7.5275683,6.4578428]}},{"type":"Feature","id":"n_8753307619","properties":{"id":"n_8753307619","name":"Darlington Pharmacy","catalog_type":"pharmacy","quality":"B","claim_points":36,"territory_id":"new_haven","territory_name":"New Haven","territory_role":"unclaimed"},"geometry":{"type":"Point","coordinates":[7.5256899,6.4580181]}},{"type":"Feature","id":"n_8753536618","properties":{"id":"n_8753536618","name":"Darlington Pharmacy","catalog_type":"pharmacy","quality":"B","claim_points":36,"territory_id":"new_haven","territory_name":"New Haven","territory_role":"unclaimed"},"geometry":{"type":"Point","coordinates":[7.5313596,6.4591207]}},{"type":"Feature","id":"n_8753308108","properties":{"id":"n_8753308108","name":"Pat Medicine Store","catalog_type":"pharmacy","quality":"B","claim_points":36,"territory_id":"new_haven","territory_name":"New Haven","territory_role":"unclaimed"},"geometry":{"type":"Point","coordinates":[7.5287747,6.457848]}},{"type":"Feature","id":"n_8753310205","properties":{"id":"n_8753310205","name":"De Pines","catalog_type":"food","quality":"B","claim_points":48,"territory_id":"new_haven","territory_name":"New Haven","territory_role":"unclaimed"},"geometry":{"type":"Point","coordinates":[7.5253915,6.4583713]}},{"type":"Feature","id":"n_8753318123","properties":{"id":"n_8753318123","name":"Godswill Collections","catalog_type":"shop","quality":"B","claim_points":42,"territory_id":"new_haven","territory_name":"New Haven","territory_role":"unclaimed"},"geometry":{"type":"Point","coordinates":[7.5284711,6.4577603]}},{"type":"Feature","id":"n_8753320313","properties":{"id":"n_8753320313","name":"Dalila Pharmacy","catalog_type":"pharmacy","quality":"B","claim_points":36,"territory_id":"new_haven","territory_name":"New Haven","territory_role":"unclaimed"},"geometry":{"type":"Point","coordinates":[7.5271175,6.457867]}},{"type":"Feature","id":"n_8753322720","properties":{"id":"n_8753322720","name":"Item 7","catalog_type":"food","quality":"B","claim_points":48,"territory_id":"new_haven","territory_name":"New Haven","territory_role":"unclaimed"},"geometry":{"type":"Point","coordinates":[7.5272595,6.4583043]}},{"type":"Feature","id":"n_8753322721","properties":{"id":"n_8753322721","name":"Stephanies Hotels","catalog_type":"hotel","quality":"B","claim_points":36,"territory_id":"new_haven","territory_name":"New Haven","territory_role":"unclaimed"},"geometry":{"type":"Point","coordinates":[7.5280768,6.4577835]}},{"type":"Feature","id":"n_8753324226","properties":{"id":"n_8753324226","name":"Sephora","catalog_type":"shop","quality":"B","claim_points":42,"territory_id":"new_haven","territory_name":"New Haven","territory_role":"unclaimed"},"geometry":{"type":"Point","coordinates":[7.5270883,6.4579769]}},{"type":"Feature","id":"n_8753326501","properties":{"id":"n_8753326501","name":"Artitude Designs & Interiors","catalog_type":"civic","quality":"B","claim_points":36,"territory_id":"new_haven","territory_name":"New Haven","territory_role":"unclaimed"},"geometry":{"type":"Point","coordinates":[7.5270468,6.4580774]}},{"type":"Feature","id":"n_8753326629","properties":{"id":"n_8753326629","name":"Frankprio Cosmetics","catalog_type":"shop","quality":"B","claim_points":42,"territory_id":"new_haven","territory_name":"New Haven","territory_role":"unclaimed"},"geometry":{"type":"Point","coordinates":[7.5276084,6.4578467]}},{"type":"Feature","id":"n_8753326630","properties":{"id":"n_8753326630","name":"Hotel Codial Exclusive","catalog_type":"hotel","quality":"B","claim_points":36,"territory_id":"new_haven","territory_name":"New Haven","territory_role":"unclaimed"},"geometry":{"type":"Point","coordinates":[7.5272284,6.4584951]}},{"type":"Feature","id":"n_8753327556","properties":{"id":"n_8753327556","name":"Cliff Collections","catalog_type":"shop","quality":"B","claim_points":42,"territory_id":"new_haven","territory_name":"New Haven","territory_role":"unclaimed"},"geometry":{"type":"Point","coordinates":[7.5278329,6.4579717]}},{"type":"Feature","id":"n_8753336559","properties":{"id":"n_8753336559","name":"GCI Technology","catalog_type":"civic","quality":"B","claim_points":36,"territory_id":"new_haven","territory_name":"New Haven","territory_role":"unclaimed"},"geometry":{"type":"Point","coordinates":[7.5291394,6.4582499]}},{"type":"Feature","id":"n_8753337658","properties":{"id":"n_8753337658","name":"Perfect Shoemakers","catalog_type":"shop","quality":"B","claim_points":42,"territory_id":"new_haven","territory_name":"New Haven","territory_role":"unclaimed"},"geometry":{"type":"Point","coordinates":[7.5286335,6.4582455]}},{"type":"Feature","id":"n_8753338604","properties":{"id":"n_8753338604","name":"Grand Riviera Hotel and Suites (Enugu)","catalog_type":"hotel","quality":"B","claim_points":36,"territory_id":"new_haven","territory_name":"New Haven","territory_role":"unclaimed"},"geometry":{"type":"Point","coordinates":[7.5300542,6.4578034]}},{"type":"Feature","id":"n_8753341669","properties":{"id":"n_8753341669","name":"Monte Pharmacy","catalog_type":"pharmacy","quality":"B","claim_points":36,"territory_id":"new_haven","territory_name":"New Haven","territory_role":"unclaimed"},"geometry":{"type":"Point","coordinates":[7.5295437,6.4578662]}},{"type":"Feature","id":"n_8753343743","properties":{"id":"n_8753343743","name":"Ruben Roofing System","catalog_type":"civic","quality":"B","claim_points":36,"territory_id":"new_haven","territory_name":"New Haven","territory_role":"unclaimed"},"geometry":{"type":"Point","coordinates":[7.5284619,6.4580884]}},{"type":"Feature","id":"n_8753344916","properties":{"id":"n_8753344916","name":"white Leaf","catalog_type":"hotel","quality":"B","claim_points":36,"territory_id":"new_haven","territory_name":"New Haven","territory_role":"unclaimed"},"geometry":{"type":"Point","coordinates":[7.5287216,6.4582949]}},{"type":"Feature","id":"n_8753346785","properties":{"id":"n_8753346785","name":"Author Pharmacy","catalog_type":"pharmacy","quality":"B","claim_points":36,"territory_id":"new_haven","territory_name":"New Haven","territory_role":"unclaimed"},"geometry":{"type":"Point","coordinates":[7.5318091,6.4584856]}},{"type":"Feature","id":"n_8753348475","properties":{"id":"n_8753348475","name":"Nel's Salon","catalog_type":"shop","quality":"B","claim_points":42,"territory_id":"new_haven","territory_name":"New Haven","territory_role":"unclaimed"},"geometry":{"type":"Point","coordinates":[7.5302845,6.4582186]}},{"type":"Feature","id":"n_8753349162","properties":{"id":"n_8753349162","name":"Chuckstar Pharmacy","catalog_type":"pharmacy","quality":"B","claim_points":36,"territory_id":"new_haven","territory_name":"New Haven","territory_role":"unclaimed"},"geometry":{"type":"Point","coordinates":[7.5301829,6.4582051]}},{"type":"Feature","id":"n_8753357432","properties":{"id":"n_8753357432","name":"3/20 House of Brenda & Anne-Marie","catalog_type":"shop","quality":"B","claim_points":42,"territory_id":"new_haven","territory_name":"New Haven","territory_role":"unclaimed"},"geometry":{"type":"Point","coordinates":[7.529772,6.4583552]}},{"type":"Feature","id":"n_8753359749","properties":{"id":"n_8753359749","name":"Dee Kings Place","catalog_type":"food","quality":"B","claim_points":48,"territory_id":"new_haven","territory_name":"New Haven","territory_role":"unclaimed"},"geometry":{"type":"Point","coordinates":[7.5292727,6.4582612]}},{"type":"Feature","id":"n_8753359949","properties":{"id":"n_8753359949","name":"Rose View","catalog_type":"hotel","quality":"B","claim_points":36,"territory_id":"new_haven","territory_name":"New Haven","territory_role":"unclaimed"},"geometry":{"type":"Point","coordinates":[7.5308966,6.4572872]}},{"type":"Feature","id":"n_8753360742","properties":{"id":"n_8753360742","name":"Lec Shopping Centre /Outdoor Restaurant","catalog_type":"food","quality":"B","claim_points":48,"territory_id":"new_haven","territory_name":"New Haven","territory_role":"unclaimed"},"geometry":{"type":"Point","coordinates":[7.5299932,6.4582814]}},{"type":"Feature","id":"n_8753362814","properties":{"id":"n_8753362814","name":"Goodys Fashion","catalog_type":"shop","quality":"B","claim_points":42,"territory_id":"new_haven","territory_name":"New Haven","territory_role":"unclaimed"},"geometry":{"type":"Point","coordinates":[7.5311609,6.4581265]}},{"type":"Feature","id":"n_8753363424","properties":{"id":"n_8753363424","name":"Fan Milk","catalog_type":"food","quality":"B","claim_points":48,"territory_id":"new_haven","territory_name":"New Haven","territory_role":"unclaimed"},"geometry":{"type":"Point","coordinates":[7.530533,6.4574779]}},{"type":"Feature","id":"n_8753370650","properties":{"id":"n_8753370650","name":"Dinmzy Treats","catalog_type":"food","quality":"B","claim_points":48,"territory_id":"new_haven","territory_name":"New Haven","territory_role":"unclaimed"},"geometry":{"type":"Point","coordinates":[7.5303275,6.4573141]}},{"type":"Feature","id":"n_8753372014","properties":{"id":"n_8753372014","name":"Swiss Furniture Complex(Nig). Ltd","catalog_type":"shop","quality":"B","claim_points":42,"territory_id":"new_haven","territory_name":"New Haven","territory_role":"unclaimed"},"geometry":{"type":"Point","coordinates":[7.5315448,6.4577809]}},{"type":"Feature","id":"n_8753372080","properties":{"id":"n_8753372080","name":"Jook Hotels and Towers","catalog_type":"hotel","quality":"B","claim_points":36,"territory_id":"new_haven","territory_name":"New Haven","territory_role":"unclaimed"},"geometry":{"type":"Point","coordinates":[7.531048,6.4577854]}},{"type":"Feature","id":"n_8753375927","properties":{"id":"n_8753375927","name":"Kap Beauty Warehouse","catalog_type":"shop","quality":"B","claim_points":42,"territory_id":"new_haven","territory_name":"New Haven","territory_role":"unclaimed"},"geometry":{"type":"Point","coordinates":[7.531854,6.458273]}},{"type":"Feature","id":"n_8753386234","properties":{"id":"n_8753386234","name":"Braunx Pharmaceuticals","catalog_type":"pharmacy","quality":"B","claim_points":36,"territory_id":"new_haven","territory_name":"New Haven","territory_role":"unclaimed"},"geometry":{"type":"Point","coordinates":[7.531843,6.4582702]}},{"type":"Feature","id":"n_8753387087","properties":{"id":"n_8753387087","name":"Edit Pharmacy","catalog_type":"pharmacy","quality":"B","claim_points":36,"territory_id":"new_haven","territory_name":"New Haven","territory_role":"unclaimed"},"geometry":{"type":"Point","coordinates":[7.5320859,6.4577666]}},{"type":"Feature","id":"n_8753390115","properties":{"id":"n_8753390115","name":"Douglas Way Stores","catalog_type":"shop","quality":"B","claim_points":42,"territory_id":"new_haven","territory_name":"New Haven","territory_role":"unclaimed"},"geometry":{"type":"Point","coordinates":[7.5340598,6.4575727]}},{"type":"Feature","id":"n_8753398265","properties":{"id":"n_8753398265","name":"Mama's Pot","catalog_type":"food","quality":"B","claim_points":48,"territory_id":"new_haven","territory_name":"New Haven","territory_role":"unclaimed"},"geometry":{"type":"Point","coordinates":[7.5329813,6.4582096]}},{"type":"Feature","id":"n_8753414228","properties":{"id":"n_8753414228","name":"Topic Garden","catalog_type":"park","quality":"B","claim_points":24,"territory_id":"new_haven","territory_name":"New Haven","territory_role":"unclaimed"},"geometry":{"type":"Point","coordinates":[7.5338147,6.4577001]}},{"type":"Feature","id":"n_8753414307","properties":{"id":"n_8753414307","name":"Benny Techs","catalog_type":"civic","quality":"B","claim_points":36,"territory_id":"new_haven","territory_name":"New Haven","territory_role":"unclaimed"},"geometry":{"type":"Point","coordinates":[7.52476,6.4561516]}},{"type":"Feature","id":"n_8753414308","properties":{"id":"n_8753414308","name":"3pple D Classy","catalog_type":"civic","quality":"B","claim_points":36,"territory_id":"new_haven","territory_name":"New Haven","territory_role":"unclaimed"},"geometry":{"type":"Point","coordinates":[7.5194072,6.4567261]}},{"type":"Feature","id":"n_8753417697","properties":{"id":"n_8753417697","name":"Gold Value","catalog_type":"hotel","quality":"B","claim_points":36,"territory_id":"new_haven","territory_name":"New Haven","territory_role":"unclaimed"},"geometry":{"type":"Point","coordinates":[7.5322519,6.4577793]}},{"type":"Feature","id":"n_8753423975","properties":{"id":"n_8753423975","name":"Foxxymobile Cloths","catalog_type":"shop","quality":"B","claim_points":42,"territory_id":"new_haven","territory_name":"New Haven","territory_role":"unclaimed"},"geometry":{"type":"Point","coordinates":[7.5327238,6.4579919]}},{"type":"Feature","id":"n_8753424006","properties":{"id":"n_8753424006","name":"kingdom hall","catalog_type":"worship","quality":"B","claim_points":30,"territory_id":"new_haven","territory_name":"New Haven","territory_role":"unclaimed"},"geometry":{"type":"Point","coordinates":[7.5353393,6.4598681]}},{"type":"Feature","id":"n_8753424236","properties":{"id":"n_8753424236","name":"Philip Water Depot","catalog_type":"shop","quality":"B","claim_points":42,"territory_id":"new_haven","territory_name":"New Haven","territory_role":"unclaimed"},"geometry":{"type":"Point","coordinates":[7.5328307,6.4581041]}},{"type":"Feature","id":"n_8753430482","properties":{"id":"n_8753430482","name":"Pinacle","catalog_type":"fuel","quality":"B","claim_points":24,"territory_id":"new_haven","territory_name":"New Haven","territory_role":"unclaimed"},"geometry":{"type":"Point","coordinates":[7.5330863,6.4582376]}},{"type":"Feature","id":"n_8753430734","properties":{"id":"n_8753430734","name":"PicturePerfect Beauty","catalog_type":"shop","quality":"B","claim_points":42,"territory_id":"new_haven","territory_name":"New Haven","territory_role":"unclaimed"},"geometry":{"type":"Point","coordinates":[7.5328142,6.4581939]}},{"type":"Feature","id":"n_8753434342","properties":{"id":"n_8753434342","name":"Dio De Steel Oil & Gas","catalog_type":"fuel","quality":"B","claim_points":24,"territory_id":"new_haven","territory_name":"New Haven","territory_role":"unclaimed"},"geometry":{"type":"Point","coordinates":[7.533878,6.4601733]}},{"type":"Feature","id":"n_8753434343","properties":{"id":"n_8753434343","name":"Okaw House of Law","catalog_type":"civic","quality":"B","claim_points":36,"territory_id":"new_haven","territory_name":"New Haven","territory_role":"unclaimed"},"geometry":{"type":"Point","coordinates":[7.5341919,6.4603753]}},{"type":"Feature","id":"n_8753434474","properties":{"id":"n_8753434474","name":"Fresh Choice Bakery","catalog_type":"food","quality":"B","claim_points":48,"territory_id":"new_haven","territory_name":"New Haven","territory_role":"unclaimed"},"geometry":{"type":"Point","coordinates":[7.5350795,6.45803]}},{"type":"Feature","id":"n_8753436191","properties":{"id":"n_8753436191","name":"Clif Investment","catalog_type":"shop","quality":"B","claim_points":42,"territory_id":"new_haven","territory_name":"New Haven","territory_role":"unclaimed"},"geometry":{"type":"Point","coordinates":[7.5346233,6.4581624]}},{"type":"Feature","id":"n_8753436783","properties":{"id":"n_8753436783","name":"House of Heroes Chapel Int'l Ministries","catalog_type":"worship","quality":"B","claim_points":30,"territory_id":"new_haven","territory_name":"New Haven","territory_role":"unclaimed"},"geometry":{"type":"Point","coordinates":[7.5341242,6.4605616]}},{"type":"Feature","id":"n_8753436798","properties":{"id":"n_8753436798","name":"Godwin Pharmacy","catalog_type":"pharmacy","quality":"B","claim_points":36,"territory_id":"new_haven","territory_name":"New Haven","territory_role":"unclaimed"},"geometry":{"type":"Point","coordinates":[7.5309644,6.4600095]}},{"type":"Feature","id":"n_8753437262","properties":{"id":"n_8753437262","name":"Sibax","catalog_type":"food","quality":"B","claim_points":48,"territory_id":"new_haven","territory_name":"New Haven","territory_role":"unclaimed"},"geometry":{"type":"Point","coordinates":[7.5339254,6.4577966]}},{"type":"Feature","id":"n_8753439130","properties":{"id":"n_8753439130","name":"Konga Retail Store","catalog_type":"shop","quality":"B","claim_points":42,"territory_id":"new_haven","territory_name":"New Haven","territory_role":"unclaimed"},"geometry":{"type":"Point","coordinates":[7.533102,6.4576466]}},{"type":"Feature","id":"n_8754419791","properties":{"id":"n_8754419791","name":"Konga retail store","catalog_type":"shop","quality":"B","claim_points":42,"territory_id":"new_haven","territory_name":"New Haven","territory_role":"unclaimed"},"geometry":{"type":"Point","coordinates":[7.5310613,6.4583445]}},{"type":"Feature","id":"n_8753439135","properties":{"id":"n_8753439135","name":"Gonnec Stores","catalog_type":"shop","quality":"B","claim_points":42,"territory_id":"new_haven","territory_name":"New Haven","territory_role":"unclaimed"},"geometry":{"type":"Point","coordinates":[7.533957,6.457736]}},{"type":"Feature","id":"n_8753441653","properties":{"id":"n_8753441653","name":"DMG Communication","catalog_type":"shop","quality":"B","claim_points":42,"territory_id":"new_haven","territory_name":"New Haven","territory_role":"unclaimed"},"geometry":{"type":"Point","coordinates":[7.5348446,6.4582141]}},{"type":"Feature","id":"n_8753443527","properties":{"id":"n_8753443527","name":"Omoakin","catalog_type":"civic","quality":"B","claim_points":36,"territory_id":"new_haven","territory_name":"New Haven","territory_role":"unclaimed"},"geometry":{"type":"Point","coordinates":[7.5334759,6.4581378]}},{"type":"Feature","id":"n_8753443528","properties":{"id":"n_8753443528","name":"Karas Place","catalog_type":"food","quality":"B","claim_points":48,"territory_id":"new_haven","territory_name":"New Haven","territory_role":"unclaimed"},"geometry":{"type":"Point","coordinates":[7.5349372,6.4582836]}},{"type":"Feature","id":"n_8753445089","properties":{"id":"n_8753445089","name":"Obusin Engineering","catalog_type":"civic","quality":"B","claim_points":36,"territory_id":"thinkers_corner","territory_name":"Thinkers Corner","territory_role":"unclaimed"},"geometry":{"type":"Point","coordinates":[7.5353009,6.4617981]}},{"type":"Feature","id":"n_8753445474","properties":{"id":"n_8753445474","name":"Adrose Best Bar","catalog_type":"food","quality":"B","claim_points":48,"territory_id":"new_haven","territory_name":"New Haven","territory_role":"unclaimed"},"geometry":{"type":"Point","coordinates":[7.5335595,6.4577226]}},{"type":"Feature","id":"n_8753445475","properties":{"id":"n_8753445475","name":"Continental Impressive Restaurant","catalog_type":"food","quality":"B","claim_points":48,"territory_id":"new_haven","territory_name":"New Haven","territory_role":"unclaimed"},"geometry":{"type":"Point","coordinates":[7.5342348,6.4577203]}},{"type":"Feature","id":"n_8753445476","properties":{"id":"n_8753445476","name":"Happy Time","catalog_type":"food","quality":"B","claim_points":48,"territory_id":"new_haven","territory_name":"New Haven","territory_role":"unclaimed"},"geometry":{"type":"Point","coordinates":[7.534682,6.4577562]}},{"type":"Feature","id":"n_8753447721","properties":{"id":"n_8753447721","name":"Security Hub","catalog_type":"civic","quality":"B","claim_points":36,"territory_id":"new_haven","territory_name":"New Haven","territory_role":"unclaimed"},"geometry":{"type":"Point","coordinates":[7.5332094,6.4578123]}},{"type":"Feature","id":"n_8753449193","properties":{"id":"n_8753449193","name":"Adrose Best International","catalog_type":"shop","quality":"B","claim_points":42,"territory_id":"new_haven","territory_name":"New Haven","territory_role":"unclaimed"},"geometry":{"type":"Point","coordinates":[7.5336749,6.4577194]}},{"type":"Feature","id":"n_8753449993","properties":{"id":"n_8753449993","name":"Ziidels Nig","catalog_type":"civic","quality":"B","claim_points":36,"territory_id":"new_haven","territory_name":"New Haven","territory_role":"unclaimed"},"geometry":{"type":"Point","coordinates":[7.5246629,6.4558576]}},{"type":"Feature","id":"n_8753449994","properties":{"id":"n_8753449994","name":"Back to School & Kiddies Stuff","catalog_type":"shop","quality":"B","claim_points":42,"territory_id":"new_haven","territory_name":"New Haven","territory_role":"unclaimed"},"geometry":{"type":"Point","coordinates":[7.5252682,6.4563625]}},{"type":"Feature","id":"n_8753451961","properties":{"id":"n_8753451961","name":"Goodway","catalog_type":"food","quality":"B","claim_points":48,"territory_id":"new_haven","territory_name":"New Haven","territory_role":"unclaimed"},"geometry":{"type":"Point","coordinates":[7.5344426,6.4581063]}},{"type":"Feature","id":"n_8753451969","properties":{"id":"n_8753451969","name":"Bennybees Empire and Eterprise","catalog_type":"shop","quality":"B","claim_points":42,"territory_id":"new_haven","territory_name":"New Haven","territory_role":"unclaimed"},"geometry":{"type":"Point","coordinates":[7.5346257,6.4581446]}},{"type":"Feature","id":"n_8753453138","properties":{"id":"n_8753453138","name":"Tosky","catalog_type":"food","quality":"B","claim_points":48,"territory_id":"new_haven","territory_name":"New Haven","territory_role":"unclaimed"},"geometry":{"type":"Point","coordinates":[7.5342145,6.4580861]}},{"type":"Feature","id":"n_8753453518","properties":{"id":"n_8753453518","name":"Chi-Ella Fast Food","catalog_type":"food","quality":"B","claim_points":48,"territory_id":"new_haven","territory_name":"New Haven","territory_role":"unclaimed"},"geometry":{"type":"Point","coordinates":[7.5336115,6.458158]}},{"type":"Feature","id":"n_8753453579","properties":{"id":"n_8753453579","name":"Chisome Tutors","catalog_type":"school","quality":"B","claim_points":24,"territory_id":"new_haven","territory_name":"New Haven","territory_role":"unclaimed"},"geometry":{"type":"Point","coordinates":[7.5360348,6.4596727]}},{"type":"Feature","id":"n_8753453593","properties":{"id":"n_8753453593","name":"Kidsville Event Center","catalog_type":"civic","quality":"B","claim_points":36,"territory_id":"new_haven","territory_name":"New Haven","territory_role":"unclaimed"},"geometry":{"type":"Point","coordinates":[7.5303613,6.4604134]}},{"type":"Feature","id":"n_8753454272","properties":{"id":"n_8753454272","name":"Mr. Fancy Collections","catalog_type":"shop","quality":"B","claim_points":42,"territory_id":"new_haven","territory_name":"New Haven","territory_role":"unclaimed"},"geometry":{"type":"Point","coordinates":[7.5338215,6.4581355]}},{"type":"Feature","id":"n_8753457222","properties":{"id":"n_8753457222","name":"Fegnolak Pharmacy","catalog_type":"pharmacy","quality":"B","claim_points":36,"territory_id":"new_haven","territory_name":"New Haven","territory_role":"unclaimed"},"geometry":{"type":"Point","coordinates":[7.5343636,6.4580166]}},{"type":"Feature","id":"n_8753457223","properties":{"id":"n_8753457223","name":"Emly Pharmacy","catalog_type":"pharmacy","quality":"B","claim_points":36,"territory_id":"new_haven","territory_name":"New Haven","territory_role":"unclaimed"},"geometry":{"type":"Point","coordinates":[7.534883,6.4584116]}},{"type":"Feature","id":"n_8753465559","properties":{"id":"n_8753465559","name":"Dozzy Pharmacy","catalog_type":"pharmacy","quality":"B","claim_points":36,"territory_id":"new_haven","territory_name":"New Haven","territory_role":"unclaimed"},"geometry":{"type":"Point","coordinates":[7.5353054,6.460768]}},{"type":"Feature","id":"n_8753471286","properties":{"id":"n_8753471286","name":"Double M. Collection & Hair Cut","catalog_type":"shop","quality":"B","claim_points":42,"territory_id":"new_haven","territory_name":"New Haven","territory_role":"unclaimed"},"geometry":{"type":"Point","coordinates":[7.5349034,6.4577495]}},{"type":"Feature","id":"n_8753472501","properties":{"id":"n_8753472501","name":"State Joma Photos","catalog_type":"shop","quality":"B","claim_points":42,"territory_id":"new_haven","territory_name":"New Haven","territory_role":"unclaimed"},"geometry":{"type":"Point","coordinates":[7.5349824,6.4576306]}},{"type":"Feature","id":"n_8753473215","properties":{"id":"n_8753473215","name":"Pasodina Central Suites","catalog_type":"hotel","quality":"B","claim_points":36,"territory_id":"new_haven","territory_name":"New Haven","territory_role":"unclaimed"},"geometry":{"type":"Point","coordinates":[7.5320146,6.4603147]}},{"type":"Feature","id":"n_8753473987","properties":{"id":"n_8753473987","name":"D'Junction Lounge & Wholesale","catalog_type":"food","quality":"B","claim_points":48,"territory_id":"new_haven","territory_name":"New Haven","territory_role":"unclaimed"},"geometry":{"type":"Point","coordinates":[7.5346143,6.4607254]}},{"type":"Feature","id":"n_8753475574","properties":{"id":"n_8753475574","name":"Sunny Furnished Furniture","catalog_type":"shop","quality":"B","claim_points":42,"territory_id":"new_haven","territory_name":"New Haven","territory_role":"unclaimed"},"geometry":{"type":"Point","coordinates":[7.5344765,6.4590108]}},{"type":"Feature","id":"n_8753477264","properties":{"id":"n_8753477264","name":"Wisdom of Cathedral","catalog_type":"worship","quality":"B","claim_points":30,"territory_id":"new_haven","territory_name":"New Haven","territory_role":"unclaimed"},"geometry":{"type":"Point","coordinates":[7.5247307,6.4560326]}},{"type":"Feature","id":"n_8753480791","properties":{"id":"n_8753480791","name":"Ossymaco Super Store","catalog_type":"shop","quality":"B","claim_points":42,"territory_id":"new_haven","territory_name":"New Haven","territory_role":"unclaimed"},"geometry":{"type":"Point","coordinates":[7.5350524,6.4582275]}},{"type":"Feature","id":"n_8753480792","properties":{"id":"n_8753480792","name":"Wealth Collection Wears","catalog_type":"shop","quality":"B","claim_points":42,"territory_id":"new_haven","territory_name":"New Haven","territory_role":"unclaimed"},"geometry":{"type":"Point","coordinates":[7.5348582,6.4585866]}},{"type":"Feature","id":"n_8753483676","properties":{"id":"n_8753483676","name":"Chiez - Inn","catalog_type":"hotel","quality":"B","claim_points":36,"territory_id":"new_haven","territory_name":"New Haven","territory_role":"unclaimed"},"geometry":{"type":"Point","coordinates":[7.5344404,6.4592846]}},{"type":"Feature","id":"n_8753486657","properties":{"id":"n_8753486657","name":"Legacy Bar","catalog_type":"food","quality":"B","claim_points":48,"territory_id":"new_haven","territory_name":"New Haven","territory_role":"unclaimed"},"geometry":{"type":"Point","coordinates":[7.5353664,6.4588851]}},{"type":"Feature","id":"n_8753486658","properties":{"id":"n_8753486658","name":"PSGUY","catalog_type":"shop","quality":"B","claim_points":42,"territory_id":"new_haven","territory_name":"New Haven","territory_role":"unclaimed"},"geometry":{"type":"Point","coordinates":[7.5351518,6.4597671]}},{"type":"Feature","id":"n_8753487741","properties":{"id":"n_8753487741","name":"Choice Bridal","catalog_type":"shop","quality":"B","claim_points":42,"territory_id":"new_haven","territory_name":"New Haven","territory_role":"unclaimed"},"geometry":{"type":"Point","coordinates":[7.5344358,6.4587078]}},{"type":"Feature","id":"n_8753488436","properties":{"id":"n_8753488436","name":"Ada Pharmacy Tech","catalog_type":"pharmacy","quality":"B","claim_points":36,"territory_id":"new_haven","territory_name":"New Haven","territory_role":"unclaimed"},"geometry":{"type":"Point","coordinates":[7.5344742,6.4591836]}},{"type":"Feature","id":"n_8753488523","properties":{"id":"n_8753488523","name":"DeCave","catalog_type":"food","quality":"B","claim_points":48,"territory_id":"new_haven","territory_name":"New Haven","territory_role":"unclaimed"},"geometry":{"type":"Point","coordinates":[7.5346753,6.4592397]}},{"type":"Feature","id":"n_8753492488","properties":{"id":"n_8753492488","name":"Pliis","catalog_type":"food","quality":"B","claim_points":48,"territory_id":"thinkers_corner","territory_name":"Thinkers Corner","territory_role":"unclaimed"},"geometry":{"type":"Point","coordinates":[7.5344223,6.461659]}},{"type":"Feature","id":"n_8753498703","properties":{"id":"n_8753498703","name":"Timeless Bar and Grill","catalog_type":"food","quality":"B","claim_points":48,"territory_id":"thinkers_corner","territory_name":"Thinkers Corner","territory_role":"unclaimed"},"geometry":{"type":"Point","coordinates":[7.5347385,6.461668]}},{"type":"Feature","id":"n_8753499228","properties":{"id":"n_8753499228","name":"Desmond Pharmacy","catalog_type":"pharmacy","quality":"B","claim_points":36,"territory_id":"new_haven","territory_name":"New Haven","territory_role":"unclaimed"},"geometry":{"type":"Point","coordinates":[7.5348785,6.4608039]}},{"type":"Feature","id":"n_8753499483","properties":{"id":"n_8753499483","name":"Success","catalog_type":"shop","quality":"B","claim_points":42,"territory_id":"new_haven","territory_name":"New Haven","territory_role":"unclaimed"},"geometry":{"type":"Point","coordinates":[7.5282608,6.4563648]}},{"type":"Feature","id":"n_8753500145","properties":{"id":"n_8753500145","name":"Babu Pharmacy","catalog_type":"pharmacy","quality":"B","claim_points":36,"territory_id":"new_haven","territory_name":"New Haven","territory_role":"unclaimed"},"geometry":{"type":"Point","coordinates":[7.5312738,6.4601957]}},{"type":"Feature","id":"n_8753501020","properties":{"id":"n_8753501020","name":"Light & Freedom Mpving Church Intl","catalog_type":"worship","quality":"B","claim_points":30,"territory_id":"new_haven","territory_name":"New Haven","territory_role":"unclaimed"},"geometry":{"type":"Point","coordinates":[7.5341784,6.4604763]}},{"type":"Feature","id":"n_8753501760","properties":{"id":"n_8753501760","name":"Firstmonie Agent - EZE","catalog_type":"shop","quality":"B","claim_points":42,"territory_id":"thinkers_corner","territory_name":"Thinkers Corner","territory_role":"unclaimed"},"geometry":{"type":"Point","coordinates":[7.5337108,6.4620832]}},{"type":"Feature","id":"n_8753502026","properties":{"id":"n_8753502026","name":"Almonds Suites New Haven Enugu","catalog_type":"hotel","quality":"B","claim_points":36,"territory_id":"new_haven","territory_name":"New Haven","territory_role":"unclaimed"},"geometry":{"type":"Point","coordinates":[7.5324799,6.4603124]}},{"type":"Feature","id":"n_8753503652","properties":{"id":"n_8753503652","name":"Romchi Pharmacy","catalog_type":"pharmacy","quality":"B","claim_points":36,"territory_id":"new_haven","territory_name":"New Haven","territory_role":"unclaimed"},"geometry":{"type":"Point","coordinates":[7.533826,6.4603169]}},{"type":"Feature","id":"n_8753503682","properties":{"id":"n_8753503682","name":"Timeless Lounge","catalog_type":"food","quality":"B","claim_points":48,"territory_id":"thinkers_corner","territory_name":"Thinkers Corner","territory_role":"unclaimed"},"geometry":{"type":"Point","coordinates":[7.5345172,6.4616949]}},{"type":"Feature","id":"n_8753503683","properties":{"id":"n_8753503683","name":"Novas Guest House","catalog_type":"hotel","quality":"B","claim_points":36,"territory_id":"new_haven","territory_name":"New Haven","territory_role":"unclaimed"},"geometry":{"type":"Point","coordinates":[7.532245,6.4602518]}},{"type":"Feature","id":"n_8753503709","properties":{"id":"n_8753503709","name":"Child's Destiny Academy","catalog_type":"school","quality":"B","claim_points":24,"territory_id":"new_haven","territory_name":"New Haven","territory_role":"unclaimed"},"geometry":{"type":"Point","coordinates":[7.5312422,6.4603551]}},{"type":"Feature","id":"n_8753512926","properties":{"id":"n_8753512926","name":"African Princess Hotel New Haven","catalog_type":"hotel","quality":"B","claim_points":36,"territory_id":"new_haven","territory_name":"New Haven","territory_role":"unclaimed"},"geometry":{"type":"Point","coordinates":[7.5311451,6.4608825]}},{"type":"Feature","id":"n_8753518512","properties":{"id":"n_8753518512","name":"Davis Suites Ltd","catalog_type":"hotel","quality":"B","claim_points":36,"territory_id":"new_haven","territory_name":"New Haven","territory_role":"unclaimed"},"geometry":{"type":"Point","coordinates":[7.5312128,6.4566812]}},{"type":"Feature","id":"n_8753518697","properties":{"id":"n_8753518697","name":"MCLorrets Suites","catalog_type":"hotel","quality":"B","claim_points":36,"territory_id":"new_haven","territory_name":"New Haven","territory_role":"unclaimed"},"geometry":{"type":"Point","coordinates":[7.5327125,6.4607299]}},{"type":"Feature","id":"n_8753519673","properties":{"id":"n_8753519673","name":"Dannic Hotels","catalog_type":"hotel","quality":"B","claim_points":36,"territory_id":"new_haven","territory_name":"New Haven","territory_role":"unclaimed"},"geometry":{"type":"Point","coordinates":[7.5316487,6.4599466]}},{"type":"Feature","id":"n_8753522106","properties":{"id":"n_8753522106","name":"Barry Gold Bridal Makeover","catalog_type":"civic","quality":"B","claim_points":36,"territory_id":"new_haven","territory_name":"New Haven","territory_role":"unclaimed"},"geometry":{"type":"Point","coordinates":[7.5301558,6.45678]}},{"type":"Feature","id":"n_8753522735","properties":{"id":"n_8753522735","name":"Elsies Bake House","catalog_type":"food","quality":"B","claim_points":48,"territory_id":"new_haven","territory_name":"New Haven","territory_role":"unclaimed"},"geometry":{"type":"Point","coordinates":[7.5304562,6.4603708]}},{"type":"Feature","id":"n_8753527479","properties":{"id":"n_8753527479","name":"Hatton Garden Bar","catalog_type":"food","quality":"B","claim_points":48,"territory_id":"new_haven","territory_name":"New Haven","territory_role":"unclaimed"},"geometry":{"type":"Point","coordinates":[7.5228041,6.45656]}},{"type":"Feature","id":"n_8753527738","properties":{"id":"n_8753527738","name":"Fuzohairport Natural Hair Spa","catalog_type":"shop","quality":"B","claim_points":42,"territory_id":"new_haven","territory_name":"New Haven","territory_role":"unclaimed"},"geometry":{"type":"Point","coordinates":[7.5303388,6.4605526]}},{"type":"Feature","id":"n_8753529457","properties":{"id":"n_8753529457","name":"Kclitch Fashion","catalog_type":"shop","quality":"B","claim_points":42,"territory_id":"new_haven","territory_name":"New Haven","territory_role":"unclaimed"},"geometry":{"type":"Point","coordinates":[7.522061,6.4572782]}},{"type":"Feature","id":"n_8753529491","properties":{"id":"n_8753529491","name":"Sweettamara Studio","catalog_type":"civic","quality":"B","claim_points":36,"territory_id":"new_haven","territory_name":"New Haven","territory_role":"unclaimed"},"geometry":{"type":"Point","coordinates":[7.520559,6.4569595]}},{"type":"Feature","id":"n_8753536376","properties":{"id":"n_8753536376","name":"Eddybina Hotels","catalog_type":"hotel","quality":"B","claim_points":36,"territory_id":"new_haven","territory_name":"New Haven","territory_role":"unclaimed"},"geometry":{"type":"Point","coordinates":[7.5312399,6.4594978]}},{"type":"Feature","id":"n_8753536794","properties":{"id":"n_8753536794","name":"Barry Gold Hotels","catalog_type":"hotel","quality":"B","claim_points":36,"territory_id":"new_haven","territory_name":"New Haven","territory_role":"unclaimed"},"geometry":{"type":"Point","coordinates":[7.5301197,6.4566835]}},{"type":"Feature","id":"n_8753538391","properties":{"id":"n_8753538391","name":"Exclusive Serene","catalog_type":"hotel","quality":"B","claim_points":36,"territory_id":"new_haven","territory_name":"New Haven","territory_role":"unclaimed"},"geometry":{"type":"Point","coordinates":[7.5294398,6.4572154]}},{"type":"Feature","id":"n_8753539284","properties":{"id":"n_8753539284","name":"Mountain of Fire And Miracles","catalog_type":"worship","quality":"B","claim_points":30,"territory_id":"new_haven","territory_name":"New Haven","territory_role":"unclaimed"},"geometry":{"type":"Point","coordinates":[7.5216274,6.4572333]}},{"type":"Feature","id":"n_8753544690","properties":{"id":"n_8753544690","name":"Juwana Cusina","catalog_type":"food","quality":"B","claim_points":48,"territory_id":"new_haven","territory_name":"New Haven","territory_role":"unclaimed"},"geometry":{"type":"Point","coordinates":[7.5246584,6.4557499]}},{"type":"Feature","id":"n_8753544691","properties":{"id":"n_8753544691","name":"5-CEE Divine","catalog_type":"civic","quality":"B","claim_points":36,"territory_id":"new_haven","territory_name":"New Haven","territory_role":"unclaimed"},"geometry":{"type":"Point","coordinates":[7.5196692,6.4569685]}},{"type":"Feature","id":"n_8753544953","properties":{"id":"n_8753544953","name":"Women of God Gospel Mission","catalog_type":"worship","quality":"B","claim_points":30,"territory_id":"new_haven","territory_name":"New Haven","territory_role":"unclaimed"},"geometry":{"type":"Point","coordinates":[7.5246245,6.4562593]}},{"type":"Feature","id":"n_8753544954","properties":{"id":"n_8753544954","name":"Hayatt Suites","catalog_type":"hotel","quality":"B","claim_points":36,"territory_id":"new_haven","territory_name":"New Haven","territory_role":"unclaimed"},"geometry":{"type":"Point","coordinates":[7.523712,6.4565264]}},{"type":"Feature","id":"n_8753549557","properties":{"id":"n_8753549557","name":"Independent Baptist Bible Church","catalog_type":"worship","quality":"B","claim_points":30,"territory_id":"new_haven","territory_name":"New Haven","territory_role":"unclaimed"},"geometry":{"type":"Point","coordinates":[7.5218781,6.4573029]}},{"type":"Feature","id":"n_8753550298","properties":{"id":"n_8753550298","name":"Richard Pharmacy","catalog_type":"pharmacy","quality":"B","claim_points":36,"territory_id":"new_haven","territory_name":"New Haven","territory_role":"unclaimed"},"geometry":{"type":"Point","coordinates":[7.5224292,6.4567441]}},{"type":"Feature","id":"n_8753555901","properties":{"id":"n_8753555901","name":"Afia 9","catalog_type":"civic","quality":"B","claim_points":36,"territory_id":"unclaimed","territory_name":"Unclaimed area","territory_role":"unclaimed"},"geometry":{"type":"Point","coordinates":[7.5036275,6.438009]}},{"type":"Feature","id":"n_8753555914","properties":{"id":"n_8753555914","name":"Roots restaurant & Cafe","catalog_type":"food","quality":"B","claim_points":40,"territory_id":"independence_layout","territory_name":"Independence Layout","territory_role":"playable_faction"},"geometry":{"type":"Point","coordinates":[7.5157417,6.4391755]}},{"type":"Feature","id":"n_8753556554","properties":{"id":"n_8753556554","name":"Alvine Pharmacy","catalog_type":"pharmacy","quality":"B","claim_points":36,"territory_id":"new_haven","territory_name":"New Haven","territory_role":"unclaimed"},"geometry":{"type":"Point","coordinates":[7.522183,6.4567082]}},{"type":"Feature","id":"n_8753556555","properties":{"id":"n_8753556555","name":"Kimmy Fashion House","catalog_type":"shop","quality":"B","claim_points":42,"territory_id":"new_haven","territory_name":"New Haven","territory_role":"unclaimed"},"geometry":{"type":"Point","coordinates":[7.5212186,6.4572782]}},{"type":"Feature","id":"n_8753557939","properties":{"id":"n_8753557939","name":"Juicy Fashion Mart","catalog_type":"shop","quality":"B","claim_points":42,"territory_id":"new_haven","territory_name":"New Haven","territory_role":"unclaimed"},"geometry":{"type":"Point","coordinates":[7.5211463,6.4572984]}},{"type":"Feature","id":"n_8753557940","properties":{"id":"n_8753557940","name":"First Choice Pharmacy","catalog_type":"pharmacy","quality":"B","claim_points":36,"territory_id":"new_haven","territory_name":"New Haven","territory_role":"unclaimed"},"geometry":{"type":"Point","coordinates":[7.5186957,6.4568136]}},{"type":"Feature","id":"n_8753558021","properties":{"id":"n_8753558021","name":"Pauline Medicine Shop","catalog_type":"pharmacy","quality":"B","claim_points":36,"territory_id":"new_haven","territory_name":"New Haven","territory_role":"unclaimed"},"geometry":{"type":"Point","coordinates":[7.5210943,6.4565421]}},{"type":"Feature","id":"n_8753558022","properties":{"id":"n_8753558022","name":"Ndaaik Fashion House","catalog_type":"shop","quality":"B","claim_points":42,"territory_id":"new_haven","territory_name":"New Haven","territory_role":"unclaimed"},"geometry":{"type":"Point","coordinates":[7.518786,6.4572221]}},{"type":"Feature","id":"n_8753559556","properties":{"id":"n_8753559556","name":"Jonap Pharmacy","catalog_type":"pharmacy","quality":"B","claim_points":36,"territory_id":"new_haven","territory_name":"New Haven","territory_role":"unclaimed"},"geometry":{"type":"Point","coordinates":[7.5190774,6.4567014]}},{"type":"Feature","id":"n_8753560185","properties":{"id":"n_8753560185","name":"Ikemis Beauty Concepts","catalog_type":"shop","quality":"B","claim_points":42,"territory_id":"new_haven","territory_name":"New Haven","territory_role":"unclaimed"},"geometry":{"type":"Point","coordinates":[7.51793,6.4573074]}},{"type":"Feature","id":"n_8753562890","properties":{"id":"n_8753562890","name":"Mkpokiti Bus Stop","catalog_type":"transit","quality":"B","claim_points":15,"territory_id":"independence_layout","territory_name":"Independence Layout","territory_role":"playable_faction"},"geometry":{"type":"Point","coordinates":[7.5108014,6.4396617]}},{"type":"Feature","id":"n_8753562911","properties":{"id":"n_8753562911","name":"Oshimiri bus stop","catalog_type":"transit","quality":"B","claim_points":15,"territory_id":"independence_layout","territory_name":"Independence Layout","territory_role":"playable_faction"},"geometry":{"type":"Point","coordinates":[7.5312012,6.4170569]}},{"type":"Feature","id":"n_8753564618","properties":{"id":"n_8753564618","name":"Pentacular Investment Limited","catalog_type":"civic","quality":"B","claim_points":36,"territory_id":"new_haven","territory_name":"New Haven","territory_role":"unclaimed"},"geometry":{"type":"Point","coordinates":[7.5185602,6.456854]}},{"type":"Feature","id":"n_8753565874","properties":{"id":"n_8753565874","name":"Jennie's Place","catalog_type":"civic","quality":"B","claim_points":36,"territory_id":"new_haven","territory_name":"New Haven","territory_role":"unclaimed"},"geometry":{"type":"Point","coordinates":[7.518585,6.4574959]}},{"type":"Feature","id":"n_8753565875","properties":{"id":"n_8753565875","name":"N.D Beauty","catalog_type":"shop","quality":"B","claim_points":42,"territory_id":"new_haven","territory_name":"New Haven","territory_role":"unclaimed"},"geometry":{"type":"Point","coordinates":[7.5180407,6.4574645]}},{"type":"Feature","id":"n_8753567356","properties":{"id":"n_8753567356","name":"Meeting Point Bar","catalog_type":"food","quality":"B","claim_points":48,"territory_id":"new_haven","territory_name":"New Haven","territory_role":"unclaimed"},"geometry":{"type":"Point","coordinates":[7.5187973,6.4573478]}},{"type":"Feature","id":"n_8753567670","properties":{"id":"n_8753567670","name":"ND Laundry and Dry Cleaning Services","catalog_type":"shop","quality":"B","claim_points":42,"territory_id":"new_haven","territory_name":"New Haven","territory_role":"unclaimed"},"geometry":{"type":"Point","coordinates":[7.5182214,6.4567328]}},{"type":"Feature","id":"n_8753568293","properties":{"id":"n_8753568293","name":"Josy Fashion - Beaded Necklace, Earrings","catalog_type":"shop","quality":"B","claim_points":42,"territory_id":"new_haven","territory_name":"New Haven","territory_role":"unclaimed"},"geometry":{"type":"Point","coordinates":[7.5178919,6.4571249]}},{"type":"Feature","id":"n_8753568372","properties":{"id":"n_8753568372","name":"Gossip Cosmetics","catalog_type":"shop","quality":"B","claim_points":42,"territory_id":"new_haven","territory_name":"New Haven","territory_role":"unclaimed"},"geometry":{"type":"Point","coordinates":[7.517842,6.4573859]}},{"type":"Feature","id":"n_8753568625","properties":{"id":"n_8753568625","name":"Sower Evergreen Production","catalog_type":"civic","quality":"B","claim_points":36,"territory_id":"new_haven","territory_name":"New Haven","territory_role":"unclaimed"},"geometry":{"type":"Point","coordinates":[7.518655,6.4575183]}},{"type":"Feature","id":"n_8753583046","properties":{"id":"n_8753583046","name":"Trans-Ekulu","catalog_type":"transit","quality":"B","claim_points":18,"territory_id":"trans_ekulu","territory_name":"Trans-Ekulu","territory_role":"unclaimed"},"geometry":{"type":"Point","coordinates":[7.4940416,6.4782876]}},{"type":"Feature","id":"n_8753585116","properties":{"id":"n_8753585116","name":"Obiagu Bus Stop","catalog_type":"transit","quality":"B","claim_points":18,"territory_id":"unclaimed","territory_name":"Unclaimed area","territory_role":"unclaimed"},"geometry":{"type":"Point","coordinates":[7.4972967,6.435749]}},{"type":"Feature","id":"n_8753596575","properties":{"id":"n_8753596575","name":"Ogbete","catalog_type":"transit","quality":"B","claim_points":15,"territory_id":"coal_camp","territory_name":"Coal Camp","territory_role":"playable_faction"},"geometry":{"type":"Point","coordinates":[7.4767021,6.4313654]}},{"type":"Feature","id":"n_8753608901","properties":{"id":"n_8753608901","name":"Institute of Management technology","catalog_type":"civic","quality":"B","claim_points":30,"territory_id":"independence_layout","territory_name":"Independence Layout","territory_role":"playable_faction"},"geometry":{"type":"Point","coordinates":[7.5146067,6.4357352]}},{"type":"Feature","id":"n_8753608935","properties":{"id":"n_8753608935","name":"P&T Bus stop","catalog_type":"transit","quality":"B","claim_points":18,"territory_id":"unclaimed","territory_name":"Unclaimed area","territory_role":"unclaimed"},"geometry":{"type":"Point","coordinates":[7.4873523,6.441541]}},{"type":"Feature","id":"n_8753624004","properties":{"id":"n_8753624004","name":"Abuja BUs stop","catalog_type":"transit","quality":"B","claim_points":15,"territory_id":"independence_layout","territory_name":"Independence Layout","territory_role":"playable_faction"},"geometry":{"type":"Point","coordinates":[7.5094346,6.4299309]}},{"type":"Feature","id":"n_8753636901","properties":{"id":"n_8753636901","name":"Mbanugo Bus stop coal camp","catalog_type":"transit","quality":"B","claim_points":15,"territory_id":"coal_camp","territory_name":"Coal Camp","territory_role":"playable_faction"},"geometry":{"type":"Point","coordinates":[7.4780933,6.418933]}},{"type":"Feature","id":"n_8753637264","properties":{"id":"n_8753637264","name":"Mayor Bus stop","catalog_type":"transit","quality":"B","claim_points":18,"territory_id":"unclaimed","territory_name":"Unclaimed area","territory_role":"unclaimed"},"geometry":{"type":"Point","coordinates":[7.4887631,6.3986395]}},{"type":"Feature","id":"n_8753637702","properties":{"id":"n_8753637702","name":"Igbariam Bus stop","catalog_type":"transit","quality":"B","claim_points":18,"territory_id":"uwani","territory_name":"Uwani","territory_role":"unclaimed"},"geometry":{"type":"Point","coordinates":[7.4952704,6.4165244]}},{"type":"Feature","id":"n_8753639566","properties":{"id":"n_8753639566","name":"GUO transport terminal Bus stop","catalog_type":"transit","quality":"B","claim_points":18,"territory_id":"unclaimed","territory_name":"Unclaimed area","territory_role":"unclaimed"},"geometry":{"type":"Point","coordinates":[7.4886302,6.4380494]}},{"type":"Feature","id":"n_8753646612","properties":{"id":"n_8753646612","name":"New Market","catalog_type":"market","quality":"B","claim_points":60,"territory_id":"unclaimed","territory_name":"Unclaimed area","territory_role":"unclaimed"},"geometry":{"type":"Point","coordinates":[7.4803376,6.4519199]}},{"type":"Feature","id":"n_8753650489","properties":{"id":"n_8753650489","name":"UBA Bus stop","catalog_type":"transit","quality":"B","claim_points":18,"territory_id":"uwani","territory_name":"Uwani","territory_role":"unclaimed"},"geometry":{"type":"Point","coordinates":[7.487872,6.4291686]}},{"type":"Feature","id":"n_8753652164","properties":{"id":"n_8753652164","name":"Okilo Bus Stop","catalog_type":"transit","quality":"B","claim_points":15,"territory_id":"independence_layout","territory_name":"Independence Layout","territory_role":"playable_faction"},"geometry":{"type":"Point","coordinates":[7.5177334,6.4204706]}},{"type":"Feature","id":"n_8753652175","properties":{"id":"n_8753652175","name":"East side hospital","catalog_type":"hospital","quality":"B","claim_points":20,"territory_id":"independence_layout","territory_name":"Independence Layout","territory_role":"playable_faction"},"geometry":{"type":"Point","coordinates":[7.5279212,6.4459657]}},{"type":"Feature","id":"n_8753792017","properties":{"id":"n_8753792017","name":"East Side Hospital","catalog_type":"hospital","quality":"B","claim_points":20,"territory_id":"independence_layout","territory_name":"Independence Layout","territory_role":"playable_faction"},"geometry":{"type":"Point","coordinates":[7.536304,6.4484318]}},{"type":"Feature","id":"n_8753652411","properties":{"id":"n_8753652411","name":"Precious Bus stop","catalog_type":"transit","quality":"B","claim_points":18,"territory_id":"unclaimed","territory_name":"Unclaimed area","territory_role":"unclaimed"},"geometry":{"type":"Point","coordinates":[7.4780438,6.4007535]}},{"type":"Feature","id":"n_8753662599","properties":{"id":"n_8753662599","name":"Royal Hospital","catalog_type":"hospital","quality":"B","claim_points":24,"territory_id":"unclaimed","territory_name":"Unclaimed area","territory_role":"unclaimed"},"geometry":{"type":"Point","coordinates":[7.4821383,6.4432724]}},{"type":"Feature","id":"n_8753662600","properties":{"id":"n_8753662600","name":"Niger foundation hospital","catalog_type":"hospital","quality":"B","claim_points":20,"territory_id":"independence_layout","territory_name":"Independence Layout","territory_role":"playable_faction"},"geometry":{"type":"Point","coordinates":[7.5156998,6.4438519]}},{"type":"Feature","id":"n_8753662624","properties":{"id":"n_8753662624","name":"National Museum of Unity","catalog_type":"landmark","quality":"B","claim_points":60,"territory_id":"unclaimed","territory_name":"Unclaimed area","territory_role":"unclaimed"},"geometry":{"type":"Point","coordinates":[7.4866157,6.4530724]}},{"type":"Feature","id":"n_8753662625","properties":{"id":"n_8753662625","name":"Spar Enugu","catalog_type":"civic","quality":"B","claim_points":30,"territory_id":"independence_layout","territory_name":"Independence Layout","territory_role":"playable_faction"},"geometry":{"type":"Point","coordinates":[7.5125593,6.4375523]}},{"type":"Feature","id":"n_8753663543","properties":{"id":"n_8753663543","name":"Amechi Bus stop","catalog_type":"transit","quality":"B","claim_points":18,"territory_id":"uwani","territory_name":"Uwani","territory_role":"unclaimed"},"geometry":{"type":"Point","coordinates":[7.5039289,6.4103942]}},{"type":"Feature","id":"n_8753669421","properties":{"id":"n_8753669421","name":"UNEC Gate","catalog_type":"civic","quality":"B","claim_points":36,"territory_id":"unclaimed","territory_name":"Unclaimed area","territory_role":"unclaimed"},"geometry":{"type":"Point","coordinates":[7.4970978,6.4288995]}},{"type":"Feature","id":"n_8753669422","properties":{"id":"n_8753669422","name":"City girls College","catalog_type":"school","quality":"B","claim_points":20,"territory_id":"independence_layout","territory_name":"Independence Layout","territory_role":"playable_faction"},"geometry":{"type":"Point","coordinates":[7.5028521,6.4325647]}},{"type":"Feature","id":"n_8753671421","properties":{"id":"n_8753671421","name":"Okpara Square","catalog_type":"pitch","quality":"B","claim_points":35,"territory_id":"independence_layout","territory_name":"Independence Layout","territory_role":"playable_faction"},"geometry":{"type":"Point","coordinates":[7.5194368,6.4409008]}},{"type":"Feature","id":"n_8753672111","properties":{"id":"n_8753672111","name":"De Angelo Hotel","catalog_type":"hotel","quality":"B","claim_points":36,"territory_id":"unclaimed","territory_name":"Unclaimed area","territory_role":"unclaimed"},"geometry":{"type":"Point","coordinates":[7.4778151,6.4588103]}},{"type":"Feature","id":"n_8753676025","properties":{"id":"n_8753676025","name":"Ogbete main Market","catalog_type":"market","quality":"B","claim_points":75,"territory_id":"ogbete","territory_name":"Ogbete","territory_role":"prize_zone"},"geometry":{"type":"Point","coordinates":[7.4815672,6.4354497]}},{"type":"Feature","id":"n_13170601832","properties":{"id":"n_13170601832","name":"Ogbete Main Market","catalog_type":"market","quality":"B","claim_points":75,"territory_id":"ogbete","territory_name":"Ogbete","territory_role":"prize_zone"},"geometry":{"type":"Point","coordinates":[7.4844225,6.4356538]}},{"type":"Feature","id":"n_8753676026","properties":{"id":"n_8753676026","name":"Old Artisan Market","catalog_type":"market","quality":"B","claim_points":60,"territory_id":"ogui","territory_name":"Ogui","territory_role":"unclaimed"},"geometry":{"type":"Point","coordinates":[7.5011176,6.4538382]}},{"type":"Feature","id":"n_8753676765","properties":{"id":"n_8753676765","name":"Airtel office Enugu","catalog_type":"civic","quality":"B","claim_points":36,"territory_id":"ogui","territory_name":"Ogui","territory_role":"unclaimed"},"geometry":{"type":"Point","coordinates":[7.5094998,6.458854]}},{"type":"Feature","id":"n_8753678376","properties":{"id":"n_8753678376","name":"Aaron\u2019s place","catalog_type":"civic","quality":"B","claim_points":30,"territory_id":"independence_layout","territory_name":"Independence Layout","territory_role":"playable_faction"},"geometry":{"type":"Point","coordinates":[7.5347513,6.4485226]}},{"type":"Feature","id":"n_8753679088","properties":{"id":"n_8753679088","name":"Queens school","catalog_type":"school","quality":"B","claim_points":20,"territory_id":"independence_layout","territory_name":"Independence Layout","territory_role":"playable_faction"},"geometry":{"type":"Point","coordinates":[7.5065893,6.4340241]}},{"type":"Feature","id":"n_8753679737","properties":{"id":"n_8753679737","name":"National Orthopedic Hospital","catalog_type":"hospital","quality":"B","claim_points":24,"territory_id":"thinkers_corner","territory_name":"Thinkers Corner","territory_role":"unclaimed"},"geometry":{"type":"Point","coordinates":[7.525556,6.4683887]}},{"type":"Feature","id":"n_8753683963","properties":{"id":"n_8753683963","name":"Mother of Christ specialist hospital","catalog_type":"hospital","quality":"B","claim_points":24,"territory_id":"ogui","territory_name":"Ogui","territory_role":"unclaimed"},"geometry":{"type":"Point","coordinates":[7.4903597,6.4363489]}},{"type":"Feature","id":"w_792054613","properties":{"id":"w_792054613","name":"Mother Of Christ Specialist Hospital","catalog_type":"hospital","quality":"B","claim_points":24,"territory_id":"unclaimed","territory_name":"Unclaimed area","territory_role":"unclaimed"},"geometry":{"type":"Point","coordinates":[7.4890754,6.4356649]}},{"type":"Feature","id":"n_8753683976","properties":{"id":"n_8753683976","name":"Ntachi Osa","catalog_type":"civic","quality":"B","claim_points":30,"territory_id":"independence_layout","territory_name":"Independence Layout","territory_role":"playable_faction"},"geometry":{"type":"Point","coordinates":[7.5130534,6.4522042]}},{"type":"Feature","id":"n_8753683987","properties":{"id":"n_8753683987","name":"RCC Estate","catalog_type":"civic","quality":"B","claim_points":36,"territory_id":"trans_ekulu","territory_name":"Trans-Ekulu","territory_role":"unclaimed"},"geometry":{"type":"Point","coordinates":[7.4856734,6.471899]}},{"type":"Feature","id":"n_8754447537","properties":{"id":"n_8754447537","name":"RCC estate","catalog_type":"civic","quality":"B","claim_points":36,"territory_id":"trans_ekulu","territory_name":"Trans-Ekulu","territory_role":"unclaimed"},"geometry":{"type":"Point","coordinates":[7.487276,6.4705649]}},{"type":"Feature","id":"n_8753687542","properties":{"id":"n_8753687542","name":"NNPC Mega filling station","catalog_type":"civic","quality":"B","claim_points":36,"territory_id":"new_haven","territory_name":"New Haven","territory_role":"unclaimed"},"geometry":{"type":"Point","coordinates":[7.5376326,6.459264]}},{"type":"Feature","id":"n_8753689869","properties":{"id":"n_8753689869","name":"POSH specialist Hospital","catalog_type":"hospital","quality":"B","claim_points":24,"territory_id":"new_haven","territory_name":"New Haven","territory_role":"unclaimed"},"geometry":{"type":"Point","coordinates":[7.517708,6.4582082]}},{"type":"Feature","id":"w_945499855","properties":{"id":"w_945499855","name":"POSH, Specialist Hospital","catalog_type":"hospital","quality":"B","claim_points":24,"territory_id":"new_haven","territory_name":"New Haven","territory_role":"unclaimed"},"geometry":{"type":"Point","coordinates":[7.5240168,6.4575361]}},{"type":"Feature","id":"n_8753689870","properties":{"id":"n_8753689870","name":"Best western Hotel","catalog_type":"hotel","quality":"B","claim_points":30,"territory_id":"independence_layout","territory_name":"Independence Layout","territory_role":"playable_faction"},"geometry":{"type":"Point","coordinates":[7.5304526,6.451395]}},{"type":"Feature","id":"n_8753690626","properties":{"id":"n_8753690626","name":"ESBS Bus stop","catalog_type":"transit","quality":"B","claim_points":15,"territory_id":"independence_layout","territory_name":"Independence Layout","territory_role":"playable_faction"},"geometry":{"type":"Point","coordinates":[7.5173282,6.4320819]}},{"type":"Feature","id":"n_8753690719","properties":{"id":"n_8753690719","name":"Ntachi Osa New Haven","catalog_type":"food","quality":"B","claim_points":48,"territory_id":"thinkers_corner","territory_name":"Thinkers Corner","territory_role":"unclaimed"},"geometry":{"type":"Point","coordinates":[7.5220516,6.4592719]}},{"type":"Feature","id":"n_8753691700","properties":{"id":"n_8753691700","name":"Zenith Bank Kenyatta","catalog_type":"bank","quality":"B","claim_points":30,"territory_id":"uwani","territory_name":"Uwani","territory_role":"unclaimed"},"geometry":{"type":"Point","coordinates":[7.5006049,6.4195816]}},{"type":"Feature","id":"n_8753692331","properties":{"id":"n_8753692331","name":"-Open Sharaton","catalog_type":"civic","quality":"B","claim_points":36,"territory_id":"new_haven","territory_name":"New Haven","territory_role":"unclaimed"},"geometry":{"type":"Point","coordinates":[7.514817,6.4586825]}},{"type":"Feature","id":"n_8753694349","properties":{"id":"n_8753694349","name":"Mammy","catalog_type":"civic","quality":"B","claim_points":36,"territory_id":"unclaimed","territory_name":"Unclaimed area","territory_role":"unclaimed"},"geometry":{"type":"Point","coordinates":[7.5165498,6.4727743]}},{"type":"Feature","id":"n_8753694780","properties":{"id":"n_8753694780","name":"Subway ogui road","catalog_type":"civic","quality":"B","claim_points":36,"territory_id":"unclaimed","territory_name":"Unclaimed area","territory_role":"unclaimed"},"geometry":{"type":"Point","coordinates":[7.4927645,6.4427326]}},{"type":"Feature","id":"n_8753694820","properties":{"id":"n_8753694820","name":"Mini market Timber Maryland","catalog_type":"shop","quality":"B","claim_points":35,"territory_id":"independence_layout","territory_name":"Independence Layout","territory_role":"playable_faction"},"geometry":{"type":"Point","coordinates":[7.5045716,6.4156522]}},{"type":"Feature","id":"n_8753697135","properties":{"id":"n_8753697135","name":"The Base Landmark","catalog_type":"civic","quality":"B","claim_points":30,"territory_id":"independence_layout","territory_name":"Independence Layout","territory_role":"playable_faction"},"geometry":{"type":"Point","coordinates":[7.521357,6.4384201]}},{"type":"Feature","id":"n_8753705199","properties":{"id":"n_8753705199","name":"Ngwo Park","catalog_type":"park","quality":"B","claim_points":24,"territory_id":"uwani","territory_name":"Uwani","territory_role":"unclaimed"},"geometry":{"type":"Point","coordinates":[7.4924814,6.4223693]}},{"type":"Feature","id":"n_8753705269","properties":{"id":"n_8753705269","name":"Coal camp motor spare parts","catalog_type":"shop","quality":"B","claim_points":35,"territory_id":"coal_camp","territory_name":"Coal Camp","territory_role":"playable_faction"},"geometry":{"type":"Point","coordinates":[7.4772286,6.4276633]}},{"type":"Feature","id":"n_8753705277","properties":{"id":"n_8753705277","name":"New Society Bus stop Emene","catalog_type":"transit","quality":"B","claim_points":15,"territory_id":"emene","territory_name":"Emene","territory_role":"playable_faction"},"geometry":{"type":"Point","coordinates":[7.5824183,6.4734815]}},{"type":"Feature","id":"n_8753706768","properties":{"id":"n_8753706768","name":"Bush Bar","catalog_type":"food","quality":"B","claim_points":48,"territory_id":"new_haven","territory_name":"New Haven","territory_role":"unclaimed"},"geometry":{"type":"Point","coordinates":[7.5234758,6.4538476]}},{"type":"Feature","id":"n_8753706769","properties":{"id":"n_8753706769","name":"-Kenyatta Market","catalog_type":"market","quality":"B","claim_points":60,"territory_id":"uwani","territory_name":"Uwani","territory_role":"unclaimed"},"geometry":{"type":"Point","coordinates":[7.4941516,6.4235355]}},{"type":"Feature","id":"n_13170601825","properties":{"id":"n_13170601825","name":"Kenyatta Market","catalog_type":"market","quality":"B","claim_points":60,"territory_id":"uwani","territory_name":"Uwani","territory_role":"unclaimed"},"geometry":{"type":"Point","coordinates":[7.4984186,6.4231493]}},{"type":"Feature","id":"n_8753709079","properties":{"id":"n_8753709079","name":"Ozinga cooking gas plant","catalog_type":"shop","quality":"B","claim_points":42,"territory_id":"unclaimed","territory_name":"Unclaimed area","territory_role":"unclaimed"},"geometry":{"type":"Point","coordinates":[7.4940933,6.435952]}},{"type":"Feature","id":"n_8753711557","properties":{"id":"n_8753711557","name":"UBA Bank Otigba Junction","catalog_type":"bank","quality":"B","claim_points":30,"territory_id":"new_haven","territory_name":"New Haven","territory_role":"unclaimed"},"geometry":{"type":"Point","coordinates":[7.5118364,6.4588]}},{"type":"Feature","id":"n_8753716469","properties":{"id":"n_8753716469","name":"The good shepherd hospital","catalog_type":"hospital","quality":"B","claim_points":24,"territory_id":"uwani","territory_name":"Uwani","territory_role":"unclaimed"},"geometry":{"type":"Point","coordinates":[7.4898406,6.4269815]}},{"type":"Feature","id":"n_8753720810","properties":{"id":"n_8753720810","name":"Guaranty trust bank 1 Ogui road","catalog_type":"bank","quality":"B","claim_points":30,"territory_id":"ogui","territory_name":"Ogui","territory_role":"unclaimed"},"geometry":{"type":"Point","coordinates":[7.4934379,6.4381656]}},{"type":"Feature","id":"n_8753723082","properties":{"id":"n_8753723082","name":"Firts bank Enugu main branch","catalog_type":"bank","quality":"B","claim_points":30,"territory_id":"unclaimed","territory_name":"Unclaimed area","territory_role":"unclaimed"},"geometry":{"type":"Point","coordinates":[7.4970517,6.4555909]}},{"type":"Feature","id":"n_8753723084","properties":{"id":"n_8753723084","name":"Ekulu garden","catalog_type":"park","quality":"B","claim_points":24,"territory_id":"trans_ekulu_extension","territory_name":"Trans-Ekulu Extension","territory_role":"unclaimed"},"geometry":{"type":"Point","coordinates":[7.4955845,6.4956334]}},{"type":"Feature","id":"n_8753726470","properties":{"id":"n_8753726470","name":"UBA Bank, 20 Okpara avenue","catalog_type":"bank","quality":"B","claim_points":30,"territory_id":"unclaimed","territory_name":"Unclaimed area","territory_role":"unclaimed"},"geometry":{"type":"Point","coordinates":[7.4886602,6.4409158]}},{"type":"Feature","id":"n_8753726471","properties":{"id":"n_8753726471","name":"UBA bank 10 Station Road","catalog_type":"bank","quality":"B","claim_points":30,"territory_id":"ogui","territory_name":"Ogui","territory_role":"unclaimed"},"geometry":{"type":"Point","coordinates":[7.4963212,6.4452756]}},{"type":"Feature","id":"n_8753728318","properties":{"id":"n_8753728318","name":"edozie bus stop","catalog_type":"transit","quality":"B","claim_points":18,"territory_id":"unclaimed","territory_name":"Unclaimed area","territory_role":"unclaimed"},"geometry":{"type":"Point","coordinates":[7.493987,6.4281833]}},{"type":"Feature","id":"n_8753728455","properties":{"id":"n_8753728455","name":"The gate luxury","catalog_type":"civic","quality":"B","claim_points":36,"territory_id":"unclaimed","territory_name":"Unclaimed area","territory_role":"unclaimed"},"geometry":{"type":"Point","coordinates":[7.5084102,6.4674915]}},{"type":"Feature","id":"n_8753728800","properties":{"id":"n_8753728800","name":"St Andrews Anglican church","catalog_type":"worship","quality":"B","claim_points":30,"territory_id":"trans_ekulu","territory_name":"Trans-Ekulu","territory_role":"unclaimed"},"geometry":{"type":"Point","coordinates":[7.488172,6.4832866]}},{"type":"Feature","id":"n_8753733505","properties":{"id":"n_8753733505","name":"National open university of Nigeria","catalog_type":"school","quality":"B","claim_points":24,"territory_id":"trans_ekulu","territory_name":"Trans-Ekulu","territory_role":"unclaimed"},"geometry":{"type":"Point","coordinates":[7.499479,6.4888927]}},{"type":"Feature","id":"n_8753736415","properties":{"id":"n_8753736415","name":"-Access bank PLC Agbani road","catalog_type":"bank","quality":"B","claim_points":30,"territory_id":"uwani","territory_name":"Uwani","territory_role":"unclaimed"},"geometry":{"type":"Point","coordinates":[7.4979001,6.4188534]}},{"type":"Feature","id":"n_8753736621","properties":{"id":"n_8753736621","name":"Access bank Presidential road","catalog_type":"bank","quality":"B","claim_points":30,"territory_id":"unclaimed","territory_name":"Unclaimed area","territory_role":"unclaimed"},"geometry":{"type":"Point","coordinates":[7.5048063,6.4441766]}},{"type":"Feature","id":"n_8753737809","properties":{"id":"n_8753737809","name":"Zenith Bank Zik Avenue","catalog_type":"bank","quality":"B","claim_points":30,"territory_id":"uwani","territory_name":"Uwani","territory_role":"unclaimed"},"geometry":{"type":"Point","coordinates":[7.4952102,6.4262744]}},{"type":"Feature","id":"n_8753739658","properties":{"id":"n_8753739658","name":"UBA Bank Chris Uba street GRA","catalog_type":"bank","quality":"B","claim_points":30,"territory_id":"unclaimed","territory_name":"Unclaimed area","territory_role":"unclaimed"},"geometry":{"type":"Point","coordinates":[7.4934602,6.4666434]}},{"type":"Feature","id":"n_8753739925","properties":{"id":"n_8753739925","name":"Roban Stores Trans Ekulu","catalog_type":"shop","quality":"B","claim_points":42,"territory_id":"trans_ekulu","territory_name":"Trans-Ekulu","territory_role":"unclaimed"},"geometry":{"type":"Point","coordinates":[7.4971232,6.4827765]}},{"type":"Feature","id":"n_8753739943","properties":{"id":"n_8753739943","name":"St Mary's catholic church","catalog_type":"worship","quality":"B","claim_points":30,"territory_id":"trans_ekulu","territory_name":"Trans-Ekulu","territory_role":"unclaimed"},"geometry":{"type":"Point","coordinates":[7.495585,6.4814424]}},{"type":"Feature","id":"n_8753740302","properties":{"id":"n_8753740302","name":"Mama Onyinye Cafeteria","catalog_type":"food","quality":"B","claim_points":48,"territory_id":"unclaimed","territory_name":"Unclaimed area","territory_role":"unclaimed"},"geometry":{"type":"Point","coordinates":[7.498126,6.4626528]}},{"type":"Feature","id":"n_8753741358","properties":{"id":"n_8753741358","name":"UBA Trans Ekulu","catalog_type":"civic","quality":"B","claim_points":36,"territory_id":"unclaimed","territory_name":"Unclaimed area","territory_role":"unclaimed"},"geometry":{"type":"Point","coordinates":[7.5040472,6.4829657]}},{"type":"Feature","id":"n_8753741387","properties":{"id":"n_8753741387","name":"Nike Lake Hotel and resort","catalog_type":"hotel","quality":"B","claim_points":36,"territory_id":"unclaimed","territory_name":"Unclaimed area","territory_role":"unclaimed"},"geometry":{"type":"Point","coordinates":[7.5080311,6.5096925]}},{"type":"Feature","id":"n_8753741515","properties":{"id":"n_8753741515","name":"Innoson Technical & industrial Company","catalog_type":"civic","quality":"B","claim_points":30,"territory_id":"emene","territory_name":"Emene","territory_role":"playable_faction"},"geometry":{"type":"Point","coordinates":[7.5656157,6.4573917]}},{"type":"Feature","id":"n_8753741516","properties":{"id":"n_8753741516","name":"Eastern Nigeria Medical Center","catalog_type":"hospital","quality":"B","claim_points":20,"territory_id":"independence_layout","territory_name":"Independence Layout","territory_role":"playable_faction"},"geometry":{"type":"Point","coordinates":[7.509275,6.409846]}},{"type":"Feature","id":"n_8753747656","properties":{"id":"n_8753747656","name":"Christ the king Hospital","catalog_type":"hospital","quality":"B","claim_points":24,"territory_id":"trans_ekulu","territory_name":"Trans-Ekulu","territory_role":"unclaimed"},"geometry":{"type":"Point","coordinates":[7.4870836,6.478419]}},{"type":"Feature","id":"w_791453174","properties":{"id":"w_791453174","name":"Christ The King Hospital","catalog_type":"hospital","quality":"B","claim_points":24,"territory_id":"trans_ekulu","territory_name":"Trans-Ekulu","territory_role":"unclaimed","image":"https://enugupoi.appspot.com/view/binaryData?blobKey=build_POI-Picture-Form_1374250655%5B%40version%3Dnull+and+%40uiVersion%3Dnull%5D%2Fdata%5B%40key%3Duuid%3A134b784e-fc7c-4cfa-94f2-76b97d139f44%5D%2FPOI_Picture1"},"geometry":{"type":"Point","coordinates":[7.4868631,6.4794149]}},{"type":"Feature","id":"n_8753751530","properties":{"id":"n_8753751530","name":"Announciation Specialist hospital","catalog_type":"hospital","quality":"B","claim_points":24,"territory_id":"unclaimed","territory_name":"Unclaimed area","territory_role":"unclaimed"},"geometry":{"type":"Point","coordinates":[7.5919103,6.4684403]}},{"type":"Feature","id":"n_8753752087","properties":{"id":"n_8753752087","name":"First Bank Ogui road","catalog_type":"bank","quality":"B","claim_points":30,"territory_id":"ogui","territory_name":"Ogui","territory_role":"unclaimed"},"geometry":{"type":"Point","coordinates":[7.4944371,6.4426429]}},{"type":"Feature","id":"n_8753752088","properties":{"id":"n_8753752088","name":"Otigba Junction","catalog_type":"civic","quality":"B","claim_points":36,"territory_id":"unclaimed","territory_name":"Unclaimed area","territory_role":"unclaimed"},"geometry":{"type":"Point","coordinates":[7.5089488,6.4611333]}},{"type":"Feature","id":"n_8753753629","properties":{"id":"n_8753753629","name":"Another level Bar","catalog_type":"food","quality":"B","claim_points":48,"territory_id":"unclaimed","territory_name":"Unclaimed area","territory_role":"unclaimed"},"geometry":{"type":"Point","coordinates":[7.5106251,6.5041921]}},{"type":"Feature","id":"n_8753753630","properties":{"id":"n_8753753630","name":"Godfery Okoye University","catalog_type":"school","quality":"B","claim_points":24,"territory_id":"unclaimed","territory_name":"Unclaimed area","territory_role":"unclaimed"},"geometry":{"type":"Point","coordinates":[7.5911694,6.487405]}},{"type":"Feature","id":"n_8753753695","properties":{"id":"n_8753753695","name":"Enugu State Housing Development","catalog_type":"civic","quality":"B","claim_points":36,"territory_id":"unclaimed","territory_name":"Unclaimed area","territory_role":"unclaimed"},"geometry":{"type":"Point","coordinates":[7.4808454,6.4444328]}},{"type":"Feature","id":"n_8753756336","properties":{"id":"n_8753756336","name":"Timber market Abakpa","catalog_type":"market","quality":"B","claim_points":60,"territory_id":"trans_ekulu_extension","territory_name":"Trans-Ekulu Extension","territory_role":"unclaimed"},"geometry":{"type":"Point","coordinates":[7.5024551,6.4957015]}},{"type":"Feature","id":"n_8753756337","properties":{"id":"n_8753756337","name":"Coal City University Enugu","catalog_type":"school","quality":"B","claim_points":24,"territory_id":"unclaimed","territory_name":"Unclaimed area","territory_role":"unclaimed"},"geometry":{"type":"Point","coordinates":[7.5866013,6.4617555]}},{"type":"Feature","id":"n_8753756338","properties":{"id":"n_8753756338","name":"Anammco","catalog_type":"civic","quality":"B","claim_points":30,"territory_id":"emene","territory_name":"Emene","territory_role":"playable_faction"},"geometry":{"type":"Point","coordinates":[7.5554274,6.4627403]}},{"type":"Feature","id":"n_8753757385","properties":{"id":"n_8753757385","name":"Oye emene Market","catalog_type":"market","quality":"B","claim_points":50,"territory_id":"emene","territory_name":"Emene","territory_role":"playable_faction"},"geometry":{"type":"Point","coordinates":[7.5784307,6.4787045]}},{"type":"Feature","id":"n_8753759199","properties":{"id":"n_8753759199","name":"Fidelity estate","catalog_type":"civic","quality":"B","claim_points":36,"territory_id":"unclaimed","territory_name":"Unclaimed area","territory_role":"unclaimed"},"geometry":{"type":"Point","coordinates":[7.495951,6.4527311]}},{"type":"Feature","id":"n_8753762212","properties":{"id":"n_8753762212","name":"Ugbene 2 road","catalog_type":"civic","quality":"B","claim_points":36,"territory_id":"trans_ekulu_extension","territory_name":"Trans-Ekulu Extension","territory_role":"unclaimed"},"geometry":{"type":"Point","coordinates":[7.5024062,6.4980579]}},{"type":"Feature","id":"n_8753768210","properties":{"id":"n_8753768210","name":"- Marist Polytechnic Emene","catalog_type":"civic","quality":"B","claim_points":30,"territory_id":"emene","territory_name":"Emene","territory_role":"playable_faction"},"geometry":{"type":"Point","coordinates":[7.5646835,6.4871397]}},{"type":"Feature","id":"n_8753773220","properties":{"id":"n_8753773220","name":"Caritas University","catalog_type":"school","quality":"B","claim_points":20,"territory_id":"emene","territory_name":"Emene","territory_role":"playable_faction"},"geometry":{"type":"Point","coordinates":[7.5692315,6.5037334]}},{"type":"Feature","id":"n_8753773222","properties":{"id":"n_8753773222","name":"Eke Obinagu Market","catalog_type":"market","quality":"B","claim_points":60,"territory_id":"unclaimed","territory_name":"Unclaimed area","territory_role":"unclaimed"},"geometry":{"type":"Point","coordinates":[7.6010143,6.4687068]}},{"type":"Feature","id":"n_8753774535","properties":{"id":"n_8753774535","name":"Elim Plaza","catalog_type":"civic","quality":"B","claim_points":36,"territory_id":"ogui","territory_name":"Ogui","territory_role":"unclaimed"},"geometry":{"type":"Point","coordinates":[7.503075,6.4546246]}},{"type":"Feature","id":"n_8753782922","properties":{"id":"n_8753782922","name":"National identity management commission","catalog_type":"civic","quality":"B","claim_points":30,"territory_id":"emene","territory_name":"Emene","territory_role":"playable_faction"},"geometry":{"type":"Point","coordinates":[7.5767463,6.4607202]}},{"type":"Feature","id":"n_8753782923","properties":{"id":"n_8753782923","name":"Memfys Hospital","catalog_type":"hospital","quality":"B","claim_points":24,"territory_id":"trans_ekulu","territory_name":"Trans-Ekulu","territory_role":"unclaimed"},"geometry":{"type":"Point","coordinates":[7.4926629,6.4771182]}},{"type":"Feature","id":"n_8753782940","properties":{"id":"n_8753782940","name":"Nigerian Postal service","catalog_type":"civic","quality":"B","claim_points":36,"territory_id":"unclaimed","territory_name":"Unclaimed area","territory_role":"unclaimed"},"geometry":{"type":"Point","coordinates":[7.4885249,6.443279]}},{"type":"Feature","id":"n_8753783065","properties":{"id":"n_8753783065","name":"Dolphin","catalog_type":"food","quality":"B","claim_points":48,"territory_id":"ogui","territory_name":"Ogui","territory_role":"unclaimed"},"geometry":{"type":"Point","coordinates":[7.5087577,6.4574699]}},{"type":"Feature","id":"n_8753785520","properties":{"id":"n_8753785520","name":"Adorable British College","catalog_type":"school","quality":"B","claim_points":20,"territory_id":"emene","territory_name":"Emene","territory_role":"playable_faction"},"geometry":{"type":"Point","coordinates":[7.5578671,6.4553093]}},{"type":"Feature","id":"n_8753785603","properties":{"id":"n_8753785603","name":"Slot","catalog_type":"civic","quality":"B","claim_points":36,"territory_id":"unclaimed","territory_name":"Unclaimed area","territory_role":"unclaimed"},"geometry":{"type":"Point","coordinates":[7.491036,6.443157]}},{"type":"Feature","id":"n_8753785738","properties":{"id":"n_8753785738","name":"Enugu state government secretariat","catalog_type":"civic","quality":"B","claim_points":36,"territory_id":"unclaimed","territory_name":"Unclaimed area","territory_role":"unclaimed"},"geometry":{"type":"Point","coordinates":[7.4851119,6.4456914]}},{"type":"Feature","id":"n_8753786767","properties":{"id":"n_8753786767","name":"Agofure park","catalog_type":"park","quality":"B","claim_points":24,"territory_id":"unclaimed","territory_name":"Unclaimed area","territory_role":"unclaimed"},"geometry":{"type":"Point","coordinates":[7.4881237,6.4385958]}},{"type":"Feature","id":"n_8753787677","properties":{"id":"n_8753787677","name":"NYSC secretariat","catalog_type":"civic","quality":"B","claim_points":36,"territory_id":"unclaimed","territory_name":"Unclaimed area","territory_role":"unclaimed"},"geometry":{"type":"Point","coordinates":[7.482723,6.4537451]}},{"type":"Feature","id":"n_8753791521","properties":{"id":"n_8753791521","name":"Federal NeuroPsychiatrist hospital","catalog_type":"hospital","quality":"B","claim_points":24,"territory_id":"new_haven","territory_name":"New Haven","territory_role":"unclaimed"},"geometry":{"type":"Point","coordinates":[7.532368,6.4605893]}},{"type":"Feature","id":"n_8753791522","properties":{"id":"n_8753791522","name":"St Leo the great Catholic church","catalog_type":"worship","quality":"B","claim_points":30,"territory_id":"unclaimed","territory_name":"Unclaimed area","territory_role":"unclaimed"},"geometry":{"type":"Point","coordinates":[7.509256,6.4799612]}},{"type":"Feature","id":"n_8753791523","properties":{"id":"n_8753791523","name":"Oakland Park","catalog_type":"park","quality":"B","claim_points":24,"territory_id":"ogui","territory_name":"Ogui","territory_role":"unclaimed"},"geometry":{"type":"Point","coordinates":[7.5025242,6.4555095]}},{"type":"Feature","id":"n_8753793446","properties":{"id":"n_8753793446","name":"Federal Road Safety Commission","catalog_type":"civic","quality":"B","claim_points":36,"territory_id":"unclaimed","territory_name":"Unclaimed area","territory_role":"unclaimed"},"geometry":{"type":"Point","coordinates":[7.4827629,6.4524847]}},{"type":"Feature","id":"n_8753798728","properties":{"id":"n_8753798728","name":"Garden Plaza","catalog_type":"park","quality":"B","claim_points":24,"territory_id":"unclaimed","territory_name":"Unclaimed area","territory_role":"unclaimed"},"geometry":{"type":"Point","coordinates":[7.4925756,6.4544102]}},{"type":"Feature","id":"n_8753833961","properties":{"id":"n_8753833961","name":"Police Command Headquarters","catalog_type":"civic","quality":"B","claim_points":36,"territory_id":"unclaimed","territory_name":"Unclaimed area","territory_role":"unclaimed"},"geometry":{"type":"Point","coordinates":[7.484979,6.444614]}},{"type":"Feature","id":"n_8753835819","properties":{"id":"n_8753835819","name":"CBN Enugu regional office","catalog_type":"civic","quality":"B","claim_points":36,"territory_id":"unclaimed","territory_name":"Unclaimed area","territory_role":"unclaimed"},"geometry":{"type":"Point","coordinates":[7.489379,6.4474048]}},{"type":"Feature","id":"n_8753835935","properties":{"id":"n_8753835935","name":"Faith Motors","catalog_type":"shop","quality":"B","claim_points":52,"territory_id":"ogbete","territory_name":"Ogbete","territory_role":"prize_zone"},"geometry":{"type":"Point","coordinates":[7.4866731,6.4374698]}},{"type":"Feature","id":"n_8753836534","properties":{"id":"n_8753836534","name":"Peace Park","catalog_type":"park","quality":"B","claim_points":30,"territory_id":"ogbete","territory_name":"Ogbete","territory_role":"prize_zone"},"geometry":{"type":"Point","coordinates":[7.4862566,6.4380595]}},{"type":"Feature","id":"n_8753844692","properties":{"id":"n_8753844692","name":"Madam Omeife","catalog_type":"food","quality":"B","claim_points":48,"territory_id":"ogui","territory_name":"Ogui","territory_role":"unclaimed"},"geometry":{"type":"Point","coordinates":[7.4976265,6.4396803]}},{"type":"Feature","id":"n_8753846143","properties":{"id":"n_8753846143","name":"Emily","catalog_type":"food","quality":"B","claim_points":48,"territory_id":"ogui","territory_name":"Ogui","territory_role":"unclaimed"},"geometry":{"type":"Point","coordinates":[7.4951833,6.4394499]}},{"type":"Feature","id":"n_8753846443","properties":{"id":"n_8753846443","name":"Albertina electronics","catalog_type":"shop","quality":"B","claim_points":42,"territory_id":"unclaimed","territory_name":"Unclaimed area","territory_role":"unclaimed"},"geometry":{"type":"Point","coordinates":[7.4921984,6.4351409]}},{"type":"Feature","id":"n_8753851147","properties":{"id":"n_8753851147","name":"Dmatel hotel and suites","catalog_type":"hotel","quality":"B","claim_points":30,"territory_id":"independence_layout","territory_name":"Independence Layout","territory_role":"playable_faction"},"geometry":{"type":"Point","coordinates":[7.5168252,6.4539275]}},{"type":"Feature","id":"n_8753852287","properties":{"id":"n_8753852287","name":"Roban Stores Independence avenue","catalog_type":"civic","quality":"B","claim_points":30,"territory_id":"independence_layout","territory_name":"Independence Layout","territory_role":"playable_faction"},"geometry":{"type":"Point","coordinates":[7.5127035,6.4489441]}},{"type":"Feature","id":"n_8753853751","properties":{"id":"n_8753853751","name":"Nipost Office","catalog_type":"civic","quality":"B","claim_points":36,"territory_id":"ogui","territory_name":"Ogui","territory_role":"unclaimed"},"geometry":{"type":"Point","coordinates":[7.500832,6.4493575]}},{"type":"Feature","id":"n_8754414724","properties":{"id":"n_8754414724","name":"Christ the king catholic church","catalog_type":"worship","quality":"B","claim_points":30,"territory_id":"unclaimed","territory_name":"Unclaimed area","territory_role":"unclaimed"},"geometry":{"type":"Point","coordinates":[7.4937725,6.4644852]}},{"type":"Feature","id":"n_8754422832","properties":{"id":"n_8754422832","name":"Saint Mulumba","catalog_type":"worship","quality":"B","claim_points":30,"territory_id":"new_haven","territory_name":"New Haven","territory_role":"unclaimed"},"geometry":{"type":"Point","coordinates":[7.5249892,6.4570428]}},{"type":"Feature","id":"w_945536211","properties":{"id":"w_945536211","name":"Saint Mulumba","catalog_type":"worship","quality":"B","claim_points":30,"territory_id":"new_haven","territory_name":"New Haven","territory_role":"unclaimed"},"geometry":{"type":"Point","coordinates":[7.5261323,6.45676]}},{"type":"Feature","id":"n_8754422833","properties":{"id":"n_8754422833","name":"New Haven Suites","catalog_type":"civic","quality":"B","claim_points":36,"territory_id":"new_haven_extension","territory_name":"New Haven Extension","territory_role":"unclaimed"},"geometry":{"type":"Point","coordinates":[7.5442372,6.4621085]}},{"type":"Feature","id":"n_8754422850","properties":{"id":"n_8754422850","name":"Glo world Enugu","catalog_type":"civic","quality":"B","claim_points":36,"territory_id":"unclaimed","territory_name":"Unclaimed area","territory_role":"unclaimed"},"geometry":{"type":"Point","coordinates":[7.48727,6.4429262]}},{"type":"Feature","id":"n_8754442589","properties":{"id":"n_8754442589","name":"Citi gas and mineral resources limited","catalog_type":"civic","quality":"B","claim_points":36,"territory_id":"new_haven_extension","territory_name":"New Haven Extension","territory_role":"unclaimed"},"geometry":{"type":"Point","coordinates":[7.5410745,6.4541238]}},{"type":"Feature","id":"n_8754447269","properties":{"id":"n_8754447269","name":"Villa italia Hotel","catalog_type":"hotel","quality":"B","claim_points":30,"territory_id":"independence_layout","territory_name":"Independence Layout","territory_role":"playable_faction"},"geometry":{"type":"Point","coordinates":[7.5119928,6.4157416]}},{"type":"Feature","id":"n_8754447270","properties":{"id":"n_8754447270","name":"Maria Assumpta parish","catalog_type":"worship","quality":"B","claim_points":30,"territory_id":"uwani","territory_name":"Uwani","territory_role":"unclaimed"},"geometry":{"type":"Point","coordinates":[7.5006292,6.4057871]}},{"type":"Feature","id":"n_8754447491","properties":{"id":"n_8754447491","name":"Veromica Suites","catalog_type":"hotel","quality":"B","claim_points":36,"territory_id":"unclaimed","territory_name":"Unclaimed area","territory_role":"unclaimed"},"geometry":{"type":"Point","coordinates":[7.4965471,6.4648092]}},{"type":"Feature","id":"n_8754448957","properties":{"id":"n_8754448957","name":"Market Square","catalog_type":"market","quality":"B","claim_points":60,"territory_id":"unclaimed","territory_name":"Unclaimed area","territory_role":"unclaimed"},"geometry":{"type":"Point","coordinates":[7.5084066,6.4597785]}},{"type":"Feature","id":"n_8754448961","properties":{"id":"n_8754448961","name":"Maryland estate","catalog_type":"civic","quality":"B","claim_points":30,"territory_id":"independence_layout","territory_name":"Independence Layout","territory_role":"playable_faction"},"geometry":{"type":"Point","coordinates":[7.5193683,6.4205648]}},{"type":"Feature","id":"n_8754449647","properties":{"id":"n_8754449647","name":"Loma Linda Extension","catalog_type":"food","quality":"B","claim_points":40,"territory_id":"independence_layout","territory_name":"Independence Layout","territory_role":"playable_faction"},"geometry":{"type":"Point","coordinates":[7.5143847,6.4186297]}},{"type":"Feature","id":"n_8754449705","properties":{"id":"n_8754449705","name":"DEC Enugu Microfinance bank","catalog_type":"bank","quality":"B","claim_points":25,"territory_id":"independence_layout","territory_name":"Independence Layout","territory_role":"playable_faction"},"geometry":{"type":"Point","coordinates":[7.5195215,6.4342891]}},{"type":"Feature","id":"n_8754454486","properties":{"id":"n_8754454486","name":"Ntachi Osa New Haven","catalog_type":"civic","quality":"B","claim_points":36,"territory_id":"new_haven","territory_name":"New Haven","territory_role":"unclaimed"},"geometry":{"type":"Point","coordinates":[7.5186598,6.459156]}},{"type":"Feature","id":"n_8754456280","properties":{"id":"n_8754456280","name":"Domino\u2019s Pizza Enugu","catalog_type":"food","quality":"B","claim_points":48,"territory_id":"unclaimed","territory_name":"Unclaimed area","territory_role":"unclaimed"},"geometry":{"type":"Point","coordinates":[7.4967755,6.4601901]}},{"type":"Feature","id":"n_8754457347","properties":{"id":"n_8754457347","name":"Church of Christ Emene 2","catalog_type":"worship","quality":"B","claim_points":25,"territory_id":"emene","territory_name":"Emene","territory_role":"playable_faction"},"geometry":{"type":"Point","coordinates":[7.5527089,6.4665664]}},{"type":"Feature","id":"n_8754457771","properties":{"id":"n_8754457771","name":"Diamond estate","catalog_type":"civic","quality":"B","claim_points":30,"territory_id":"independence_layout","territory_name":"Independence Layout","territory_role":"playable_faction"},"geometry":{"type":"Point","coordinates":[7.5355861,6.4368808]}},{"type":"Feature","id":"n_8754457772","properties":{"id":"n_8754457772","name":"Police post Maryland","catalog_type":"civic","quality":"B","claim_points":30,"territory_id":"independence_layout","territory_name":"Independence Layout","territory_role":"playable_faction"},"geometry":{"type":"Point","coordinates":[7.5074641,6.4192042]}},{"type":"Feature","id":"n_8754459351","properties":{"id":"n_8754459351","name":"Dragon Bar","catalog_type":"food","quality":"B","claim_points":48,"territory_id":"unclaimed","territory_name":"Unclaimed area","territory_role":"unclaimed"},"geometry":{"type":"Point","coordinates":[7.5131972,6.4629027]}},{"type":"Feature","id":"n_8754465444","properties":{"id":"n_8754465444","name":"Nigerian Immigration","catalog_type":"civic","quality":"B","claim_points":30,"territory_id":"independence_layout","territory_name":"Independence Layout","territory_role":"playable_faction"},"geometry":{"type":"Point","coordinates":[7.5146482,6.4319506]}},{"type":"Feature","id":"n_8754466854","properties":{"id":"n_8754466854","name":"IMT Campus 3","catalog_type":"school","quality":"B","claim_points":20,"territory_id":"independence_layout","territory_name":"Independence Layout","territory_role":"playable_faction"},"geometry":{"type":"Point","coordinates":[7.5174478,6.4289032]}},{"type":"Feature","id":"n_8754466855","properties":{"id":"n_8754466855","name":"St Vincent De Paul Catholic church","catalog_type":"worship","quality":"B","claim_points":30,"territory_id":"unclaimed","territory_name":"Unclaimed area","territory_role":"unclaimed"},"geometry":{"type":"Point","coordinates":[7.4947242,6.4123612]}},{"type":"Feature","id":"n_8754467537","properties":{"id":"n_8754467537","name":"Ochiri Plaza","catalog_type":"civic","quality":"B","claim_points":30,"territory_id":"emene","territory_name":"Emene","territory_role":"playable_faction"},"geometry":{"type":"Point","coordinates":[7.5403243,6.464946]}},{"type":"Feature","id":"n_8754467538","properties":{"id":"n_8754467538","name":"New Haven Extension","catalog_type":"civic","quality":"B","claim_points":30,"territory_id":"emene","territory_name":"Emene","territory_role":"playable_faction"},"geometry":{"type":"Point","coordinates":[7.5443637,6.4637864]}},{"type":"Feature","id":"n_8754467570","properties":{"id":"n_8754467570","name":"Timber Maryland","catalog_type":"civic","quality":"B","claim_points":36,"territory_id":"uwani","territory_name":"Uwani","territory_role":"unclaimed"},"geometry":{"type":"Point","coordinates":[7.5029144,6.4139374]}},{"type":"Feature","id":"n_8754472384","properties":{"id":"n_8754472384","name":"Court of appeal Enugu","catalog_type":"civic","quality":"B","claim_points":30,"territory_id":"independence_layout","territory_name":"Independence Layout","territory_role":"playable_faction"},"geometry":{"type":"Point","coordinates":[7.5223903,6.4398783]}},{"type":"Feature","id":"n_8754472593","properties":{"id":"n_8754472593","name":"Apostolic faith church","catalog_type":"worship","quality":"B","claim_points":25,"territory_id":"independence_layout","territory_name":"Independence Layout","territory_role":"playable_faction"},"geometry":{"type":"Point","coordinates":[7.5132896,6.439502]}},{"type":"Feature","id":"n_8754472671","properties":{"id":"n_8754472671","name":"Liberty estate phase 2","catalog_type":"worship","quality":"B","claim_points":25,"territory_id":"independence_layout","territory_name":"Independence Layout","territory_role":"playable_faction"},"geometry":{"type":"Point","coordinates":[7.5237236,6.4343381]}},{"type":"Feature","id":"n_8754473353","properties":{"id":"n_8754473353","name":"ministry of transport","catalog_type":"worship","quality":"B","claim_points":25,"territory_id":"independence_layout","territory_name":"Independence Layout","territory_role":"playable_faction"},"geometry":{"type":"Point","coordinates":[7.5196138,6.435947]}},{"type":"Feature","id":"n_8754473551","properties":{"id":"n_8754473551","name":"Heliu Estate Enugu","catalog_type":"civic","quality":"B","claim_points":36,"territory_id":"unclaimed","territory_name":"Unclaimed area","territory_role":"unclaimed"},"geometry":{"type":"Point","coordinates":[7.5293455,6.4064842]}},{"type":"Feature","id":"n_8754473552","properties":{"id":"n_8754473552","name":"Abacha special zik avenue","catalog_type":"food","quality":"B","claim_points":48,"territory_id":"unclaimed","territory_name":"Unclaimed area","territory_role":"unclaimed"},"geometry":{"type":"Point","coordinates":[7.4965821,6.4329789]}},{"type":"Feature","id":"n_8754474363","properties":{"id":"n_8754474363","name":"Unity Park","catalog_type":"park","quality":"B","claim_points":20,"territory_id":"independence_layout","territory_name":"Independence Layout","territory_role":"playable_faction"},"geometry":{"type":"Point","coordinates":[7.5215972,6.441447849999999]}},{"type":"Feature","id":"n_8754474450","properties":{"id":"n_8754474450","name":"Vita gracia estate","catalog_type":"civic","quality":"B","claim_points":30,"territory_id":"independence_layout","territory_name":"Independence Layout","territory_role":"playable_faction"},"geometry":{"type":"Point","coordinates":[7.5309042,6.4430779]}},{"type":"Feature","id":"n_8754475866","properties":{"id":"n_8754475866","name":"Brown and Brown Center","catalog_type":"civic","quality":"B","claim_points":30,"territory_id":"independence_layout","territory_name":"Independence Layout","territory_role":"playable_faction"},"geometry":{"type":"Point","coordinates":[7.5292102,6.4452245]}},{"type":"Feature","id":"n_8754476425","properties":{"id":"n_8754476425","name":"Maryland secondary school","catalog_type":"school","quality":"B","claim_points":20,"territory_id":"independence_layout","territory_name":"Independence Layout","territory_role":"playable_faction"},"geometry":{"type":"Point","coordinates":[7.5128511,6.4141038]}},{"type":"Feature","id":"n_8754479084","properties":{"id":"n_8754479084","name":"celebrities","catalog_type":"civic","quality":"B","claim_points":36,"territory_id":"unclaimed","territory_name":"Unclaimed area","territory_role":"unclaimed"},"geometry":{"type":"Point","coordinates":[7.4926299,6.4562443]}},{"type":"Feature","id":"n_8754480805","properties":{"id":"n_8754480805","name":"Top Rank Hotel","catalog_type":"hotel","quality":"B","claim_points":30,"territory_id":"independence_layout","territory_name":"Independence Layout","territory_role":"playable_faction"},"geometry":{"type":"Point","coordinates":[7.5194315,6.4311882]}},{"type":"Feature","id":"n_8754480806","properties":{"id":"n_8754480806","name":"Maria Rosa Mystica Parish","catalog_type":"worship","quality":"B","claim_points":25,"territory_id":"independence_layout","territory_name":"Independence Layout","territory_role":"playable_faction"},"geometry":{"type":"Point","coordinates":[7.5316665,6.4268268]}},{"type":"Feature","id":"n_8754481308","properties":{"id":"n_8754481308","name":"All saints church GRA Enugu","catalog_type":"worship","quality":"B","claim_points":30,"territory_id":"thinkers_corner","territory_name":"Thinkers Corner","territory_role":"unclaimed"},"geometry":{"type":"Point","coordinates":[7.5256021,6.464712]}},{"type":"Feature","id":"n_8754484790","properties":{"id":"n_8754484790","name":"Fire Service, Ogui Road","catalog_type":"civic","quality":"B","claim_points":36,"territory_id":"new_haven","territory_name":"New Haven","territory_role":"unclaimed"},"geometry":{"type":"Point","coordinates":[7.5098206,6.4583145]}},{"type":"Feature","id":"n_8754486084","properties":{"id":"n_8754486084","name":"Enugu State House of Assembly","catalog_type":"civic","quality":"B","claim_points":30,"territory_id":"independence_layout","territory_name":"Independence Layout","territory_role":"playable_faction"},"geometry":{"type":"Point","coordinates":[7.5168142,6.4362182]}},{"type":"Feature","id":"n_8754486210","properties":{"id":"n_8754486210","name":"Kilimanjaro restaurant and Bar","catalog_type":"food","quality":"B","claim_points":40,"territory_id":"independence_layout","territory_name":"Independence Layout","territory_role":"playable_faction"},"geometry":{"type":"Point","coordinates":[7.514866,6.4378288]}},{"type":"Feature","id":"n_8754486555","properties":{"id":"n_8754486555","name":"Enugu state high court","catalog_type":"civic","quality":"B","claim_points":30,"territory_id":"independence_layout","territory_name":"Independence Layout","territory_role":"playable_faction"},"geometry":{"type":"Point","coordinates":[7.5185708,6.4361353]}},{"type":"Feature","id":"n_8754488903","properties":{"id":"n_8754488903","name":"MTN Office Zik Avenue","catalog_type":"civic","quality":"B","claim_points":36,"territory_id":"unclaimed","territory_name":"Unclaimed area","territory_role":"unclaimed"},"geometry":{"type":"Point","coordinates":[7.4944601,6.4322178]}},{"type":"Feature","id":"n_8754489639","properties":{"id":"n_8754489639","name":"Eden crest hotel","catalog_type":"hotel","quality":"B","claim_points":36,"territory_id":"unclaimed","territory_name":"Unclaimed area","territory_role":"unclaimed"},"geometry":{"type":"Point","coordinates":[7.5010498,6.4600219]}},{"type":"Feature","id":"n_8754489829","properties":{"id":"n_8754489829","name":"Octopus","catalog_type":"civic","quality":"B","claim_points":30,"territory_id":"independence_layout","territory_name":"Independence Layout","territory_role":"playable_faction"},"geometry":{"type":"Point","coordinates":[7.5301773,6.452914]}},{"type":"Feature","id":"n_8754490471","properties":{"id":"n_8754490471","name":"Voodoo lounge","catalog_type":"food","quality":"B","claim_points":48,"territory_id":"unclaimed","territory_name":"Unclaimed area","territory_role":"unclaimed"},"geometry":{"type":"Point","coordinates":[7.4941831,6.4659889]}},{"type":"Feature","id":"n_8754490472","properties":{"id":"n_8754490472","name":"trade fair complex","catalog_type":"civic","quality":"B","claim_points":36,"territory_id":"unclaimed","territory_name":"Unclaimed area","territory_role":"unclaimed"},"geometry":{"type":"Point","coordinates":[7.4972623,6.4654257]}},{"type":"Feature","id":"n_8754490616","properties":{"id":"n_8754490616","name":"Genesis restaurant zik avenue","catalog_type":"food","quality":"B","claim_points":48,"territory_id":"unclaimed","territory_name":"Unclaimed area","territory_role":"unclaimed"},"geometry":{"type":"Point","coordinates":[7.4803746,6.4357716]}},{"type":"Feature","id":"n_8754496460","properties":{"id":"n_8754496460","name":"Abakpa Market","catalog_type":"market","quality":"B","claim_points":60,"territory_id":"unclaimed","territory_name":"Unclaimed area","territory_role":"unclaimed"},"geometry":{"type":"Point","coordinates":[7.5160936,6.4821283]}},{"type":"Feature","id":"w_1433362624","properties":{"id":"w_1433362624","name":"Abakpa Market","catalog_type":"market","quality":"B","claim_points":60,"territory_id":"unclaimed","territory_name":"Unclaimed area","territory_role":"unclaimed"},"geometry":{"type":"Point","coordinates":[7.5162545,6.4834721]}},{"type":"Feature","id":"n_9234146448","properties":{"id":"n_9234146448","name":"Cubana club & Bar","catalog_type":"food","quality":"B","claim_points":40,"territory_id":"independence_layout","territory_name":"Independence Layout","territory_role":"playable_faction"},"geometry":{"type":"Point","coordinates":[7.5151507,6.4454276]}},{"type":"Feature","id":"n_9644326190","properties":{"id":"n_9644326190","name":"UNEC Stadium","catalog_type":"pitch","quality":"B","claim_points":35,"territory_id":"independence_layout","territory_name":"Independence Layout","territory_role":"playable_faction"},"geometry":{"type":"Point","coordinates":[7.497786,6.4267831]}},{"type":"Feature","id":"n_9646966180","properties":{"id":"n_9646966180","name":"Hilton Park & Resort Ltd.","catalog_type":"hotel","quality":"B","claim_points":36,"territory_id":"unclaimed","territory_name":"Unclaimed area","territory_role":"unclaimed"},"geometry":{"type":"Point","coordinates":[7.5100747,6.5063918]}},{"type":"Feature","id":"n_9800726601","properties":{"id":"n_9800726601","name":"Vivid Reflections (Nig) Ltd.","catalog_type":"shop","quality":"B","claim_points":42,"territory_id":"new_haven","territory_name":"New Haven","territory_role":"unclaimed"},"geometry":{"type":"Point","coordinates":[7.5319442,6.4590514]}},{"type":"Feature","id":"n_10581904941","properties":{"id":"n_10581904941","name":"lambi","catalog_type":"food","quality":"B","claim_points":48,"territory_id":"unclaimed","territory_name":"Unclaimed area","territory_role":"unclaimed"},"geometry":{"type":"Point","coordinates":[7.4818256,6.4149041]}},{"type":"Feature","id":"n_10581904942","properties":{"id":"n_10581904942","name":"drinks by lambi","catalog_type":"food","quality":"B","claim_points":48,"territory_id":"unclaimed","territory_name":"Unclaimed area","territory_role":"unclaimed"},"geometry":{"type":"Point","coordinates":[7.4827251,6.4150197]}},{"type":"Feature","id":"n_10746300705","properties":{"id":"n_10746300705","name":"Nondon","catalog_type":"hotel","quality":"B","claim_points":36,"territory_id":"new_haven","territory_name":"New Haven","territory_role":"unclaimed"},"geometry":{"type":"Point","coordinates":[7.527128,6.4600934]}},{"type":"Feature","id":"n_10922038202","properties":{"id":"n_10922038202","name":"Simple Aim Paza","catalog_type":"shop","quality":"B","claim_points":42,"territory_id":"unclaimed","territory_name":"Unclaimed area","territory_role":"unclaimed"},"geometry":{"type":"Point","coordinates":[7.5980978,6.4668142]}},{"type":"Feature","id":"n_10922040383","properties":{"id":"n_10922040383","name":"Sochi Petroleum","catalog_type":"fuel","quality":"B","claim_points":24,"territory_id":"unclaimed","territory_name":"Unclaimed area","territory_role":"unclaimed"},"geometry":{"type":"Point","coordinates":[7.592959,6.464835]}},{"type":"Feature","id":"n_10922065147","properties":{"id":"n_10922065147","name":"Akpouga Nike Market","catalog_type":"market","quality":"B","claim_points":60,"territory_id":"unclaimed","territory_name":"Unclaimed area","territory_role":"unclaimed"},"geometry":{"type":"Point","coordinates":[7.6023965,6.4681336]}},{"type":"Feature","id":"n_11396389530","properties":{"id":"n_11396389530","name":"PPM","catalog_type":"worship","quality":"B","claim_points":30,"territory_id":"unclaimed","territory_name":"Unclaimed area","territory_role":"unclaimed"},"geometry":{"type":"Point","coordinates":[7.5023539,6.4416205]}},{"type":"Feature","id":"n_11396393143","properties":{"id":"n_11396393143","name":"Coal City Plaza","catalog_type":"shop","quality":"B","claim_points":42,"territory_id":"ogui","territory_name":"Ogui","territory_role":"unclaimed"},"geometry":{"type":"Point","coordinates":[7.4919994,6.4358114]}},{"type":"Feature","id":"n_11396399055","properties":{"id":"n_11396399055","name":"N-C-Angus","catalog_type":"fuel","quality":"B","claim_points":24,"territory_id":"unclaimed","territory_name":"Unclaimed area","territory_role":"unclaimed"},"geometry":{"type":"Point","coordinates":[7.5018341,6.4419515]}},{"type":"Feature","id":"n_11396426694","properties":{"id":"n_11396426694","name":"Ogui Police Station","catalog_type":"civic","quality":"B","claim_points":36,"territory_id":"ogui","territory_name":"Ogui","territory_role":"unclaimed"},"geometry":{"type":"Point","coordinates":[7.4952698,6.4417471]}},{"type":"Feature","id":"n_11397559832","properties":{"id":"n_11397559832","name":"UNEC","catalog_type":"school","quality":"B","claim_points":20,"territory_id":"independence_layout","territory_name":"Independence Layout","territory_role":"playable_faction"},"geometry":{"type":"Point","coordinates":[7.505567,6.4246001]}},{"type":"Feature","id":"n_11579054269","properties":{"id":"n_11579054269","name":"OFFRS QTRS 2","catalog_type":"hotel","quality":"B","claim_points":36,"territory_id":"unclaimed","territory_name":"Unclaimed area","territory_role":"unclaimed"},"geometry":{"type":"Point","coordinates":[7.5094127,6.4656674]}},{"type":"Feature","id":"n_12747920823","properties":{"id":"n_12747920823","name":"Comms","catalog_type":"shop","quality":"B","claim_points":35,"territory_id":"emene","territory_name":"Emene","territory_role":"playable_faction"},"geometry":{"type":"Point","coordinates":[7.558672,6.4685466]}},{"type":"Feature","id":"n_12964360180","properties":{"id":"n_12964360180","name":"UNEC Lion Statue","catalog_type":"landmark","quality":"B","claim_points":50,"territory_id":"independence_layout","territory_name":"Independence Layout","territory_role":"playable_faction"},"geometry":{"type":"Point","coordinates":[7.4983413,6.4285659]}},{"type":"Feature","id":"n_13170584597","properties":{"id":"n_13170584597","name":"New Artisan","catalog_type":"market","quality":"B","claim_points":60,"territory_id":"unclaimed","territory_name":"Unclaimed area","territory_role":"unclaimed"},"geometry":{"type":"Point","coordinates":[7.5417218,6.4526825]}},{"type":"Feature","id":"n_13170601823","properties":{"id":"n_13170601823","name":"Nowas","catalog_type":"transit","quality":"B","claim_points":18,"territory_id":"unclaimed","territory_name":"Unclaimed area","territory_role":"unclaimed"},"geometry":{"type":"Point","coordinates":[7.501208,6.4821936]}},{"type":"Feature","id":"n_13170601824","properties":{"id":"n_13170601824","name":"Nowas Filling Station","catalog_type":"fuel","quality":"B","claim_points":24,"territory_id":"unclaimed","territory_name":"Unclaimed area","territory_role":"unclaimed"},"geometry":{"type":"Point","coordinates":[7.5013108,6.4823649]}},{"type":"Feature","id":"n_13171248093","properties":{"id":"n_13171248093","name":"Liberty","catalog_type":"transit","quality":"B","claim_points":15,"territory_id":"abakpa","territory_name":"Abakpa","territory_role":"playable_faction"},"geometry":{"type":"Point","coordinates":[7.5163017,6.485638]}},{"type":"Feature","id":"n_13171248096","properties":{"id":"n_13171248096","name":"Fire Service","catalog_type":"transit","quality":"B","claim_points":18,"territory_id":"new_haven","territory_name":"New Haven","territory_role":"unclaimed"},"geometry":{"type":"Point","coordinates":[7.5097563,6.4588547]}},{"type":"Feature","id":"n_13171397012","properties":{"id":"n_13171397012","name":"Shoprite Mall","catalog_type":"mall","quality":"B","claim_points":54,"territory_id":"unclaimed","territory_name":"Unclaimed area","territory_role":"unclaimed"},"geometry":{"type":"Point","coordinates":[7.4962077,6.4599176]}},{"type":"Feature","id":"n_13173782553","properties":{"id":"n_13173782553","name":"Ugbo-Ezeji","catalog_type":"transit","quality":"B","claim_points":15,"territory_id":"abakpa","territory_name":"Abakpa","territory_role":"playable_faction"},"geometry":{"type":"Point","coordinates":[7.5307468,6.4830484]}},{"type":"Feature","id":"n_13173782554","properties":{"id":"n_13173782554","name":"Ifo Field","catalog_type":"transit","quality":"B","claim_points":15,"territory_id":"abakpa","territory_name":"Abakpa","territory_role":"playable_faction"},"geometry":{"type":"Point","coordinates":[7.5378124,6.4817629]}},{"type":"Feature","id":"n_13175470646","properties":{"id":"n_13175470646","name":"Umuchigbo Secondary School","catalog_type":"school","quality":"B","claim_points":24,"territory_id":"unclaimed","territory_name":"Unclaimed area","territory_role":"unclaimed"},"geometry":{"type":"Point","coordinates":[7.5329412,6.4955251]}},{"type":"Feature","id":"n_13696036519","properties":{"id":"n_13696036519","name":"Bon Hotel Platinum","catalog_type":"hotel","quality":"B","claim_points":30,"territory_id":"independence_layout","territory_name":"Independence Layout","territory_role":"playable_faction"},"geometry":{"type":"Point","coordinates":[7.5149651,6.4388958]}},{"type":"Feature","id":"n_13959213369","properties":{"id":"n_13959213369","name":"Jombo's Kitchen","catalog_type":"food","quality":"B","claim_points":48,"territory_id":"thinkers_corner","territory_name":"Thinkers Corner","territory_role":"unclaimed"},"geometry":{"type":"Point","coordinates":[7.522927,6.467189]}},{"type":"Feature","id":"n_14104703978","properties":{"id":"n_14104703978","name":"ICC Hotel","catalog_type":"hotel","quality":"B","claim_points":30,"territory_id":"independence_layout","territory_name":"Independence Layout","territory_role":"playable_faction"},"geometry":{"type":"Point","coordinates":[7.5167934,6.4404414]}},{"type":"Feature","id":"w_518124114","properties":{"id":"w_518124114","name":"Polo Park Mall","catalog_type":"mall","quality":"B","claim_points":54,"territory_id":"unclaimed","territory_name":"Unclaimed area","territory_role":"unclaimed"},"geometry":{"type":"Point","coordinates":[7.4959705,6.4601783]}},{"type":"Feature","id":"w_545122836","properties":{"id":"w_545122836","name":"Love Garden ,UNEC","catalog_type":"park","quality":"B","claim_points":20,"territory_id":"independence_layout","territory_name":"Independence Layout","territory_role":"playable_faction"},"geometry":{"type":"Point","coordinates":[7.5055689,6.4245828]}},{"type":"Feature","id":"w_572378769","properties":{"id":"w_572378769","name":"Kingdom Hall of Jehovah","catalog_type":"worship","quality":"B","claim_points":30,"territory_id":"unclaimed","territory_name":"Unclaimed area","territory_role":"unclaimed"},"geometry":{"type":"Point","coordinates":[7.4975164,6.4301294]}},{"type":"Feature","id":"w_608710538","properties":{"id":"w_608710538","name":"ST MULUMBUS CATHOLIC CHURCH UNEC","catalog_type":"worship","quality":"B","claim_points":25,"territory_id":"independence_layout","territory_name":"Independence Layout","territory_role":"playable_faction"},"geometry":{"type":"Point","coordinates":[7.5065681,6.4286324]}},{"type":"Feature","id":"w_608930869","properties":{"id":"w_608930869","name":"Jopal Inn","catalog_type":"food","quality":"B","claim_points":40,"territory_id":"independence_layout","territory_name":"Independence Layout","territory_role":"playable_faction"},"geometry":{"type":"Point","coordinates":[7.5076473,6.4273032]}},{"type":"Feature","id":"w_608962705","properties":{"id":"w_608962705","name":"UNEC Lawn","catalog_type":"pitch","quality":"B","claim_points":35,"territory_id":"independence_layout","territory_name":"Independence Layout","territory_role":"playable_faction"},"geometry":{"type":"Point","coordinates":[7.5040736,6.4261578]}},{"type":"Feature","id":"w_608964574","properties":{"id":"w_608964574","name":"UNEC VOLLEYBALL FIELD","catalog_type":"pitch","quality":"B","claim_points":35,"territory_id":"independence_layout","territory_name":"Independence Layout","territory_role":"playable_faction"},"geometry":{"type":"Point","coordinates":[7.5042925,6.4264807]}},{"type":"Feature","id":"w_608971723","properties":{"id":"w_608971723","name":"EATERY","catalog_type":"food","quality":"B","claim_points":40,"territory_id":"independence_layout","territory_name":"Independence Layout","territory_role":"playable_faction"},"geometry":{"type":"Point","coordinates":[7.5096638,6.4267228]}},{"type":"Feature","id":"w_617584126","properties":{"id":"w_617584126","name":"Nnamdi Azikiwe Stadium","catalog_type":"pitch","quality":"B","claim_points":42,"territory_id":"ogui","territory_name":"Ogui","territory_role":"unclaimed","wikipedia":"en:Nnamdi Azikiwe Stadium"},"geometry":{"type":"Point","coordinates":[7.4964734,6.4442601]}},{"type":"Feature","id":"w_629619668","properties":{"id":"w_629619668","name":"First Baptist Church","catalog_type":"worship","quality":"B","claim_points":30,"territory_id":"uwani","territory_name":"Uwani","territory_role":"unclaimed"},"geometry":{"type":"Point","coordinates":[7.4923559,6.4211061]}},{"type":"Feature","id":"w_629619669","properties":{"id":"w_629619669","name":"Baptist Church Office","catalog_type":"worship","quality":"B","claim_points":30,"territory_id":"uwani","territory_name":"Uwani","territory_role":"unclaimed"},"geometry":{"type":"Point","coordinates":[7.4925064,6.4209297]}},{"type":"Feature","id":"w_630038813","properties":{"id":"w_630038813","name":"Wesley Cathedral","catalog_type":"worship","quality":"B","claim_points":30,"territory_id":"uwani","territory_name":"Uwani","territory_role":"unclaimed"},"geometry":{"type":"Point","coordinates":[7.4940956,6.4225292]}},{"type":"Feature","id":"w_630039653","properties":{"id":"w_630039653","name":"SCRIPTURE UNION ENUGU REGIONAL HOUSE","catalog_type":"worship","quality":"B","claim_points":30,"territory_id":"unclaimed","territory_name":"Unclaimed area","territory_role":"unclaimed"},"geometry":{"type":"Point","coordinates":[7.4919022,6.4161638]}},{"type":"Feature","id":"w_630041284","properties":{"id":"w_630041284","name":"Holy Trinity Church","catalog_type":"worship","quality":"B","claim_points":30,"territory_id":"uwani","territory_name":"Uwani","territory_role":"unclaimed"},"geometry":{"type":"Point","coordinates":[7.4954456,6.4020704]}},{"type":"Feature","id":"w_632445154","properties":{"id":"w_632445154","name":"Emmanuel Anglican Church","catalog_type":"worship","quality":"B","claim_points":30,"territory_id":"uwani","territory_name":"Uwani","territory_role":"unclaimed"},"geometry":{"type":"Point","coordinates":[7.4956647,6.418105]}},{"type":"Feature","id":"w_632536974","properties":{"id":"w_632536974","name":"SACRED HEART CATHOLIC CHURCH","catalog_type":"worship","quality":"B","claim_points":30,"territory_id":"uwani","territory_name":"Uwani","territory_role":"unclaimed"},"geometry":{"type":"Point","coordinates":[7.4876841,6.4222138]}},{"type":"Feature","id":"w_640143543","properties":{"id":"w_640143543","name":"Enugu City Golf Course","catalog_type":"pitch","quality":"B","claim_points":42,"territory_id":"unclaimed","territory_name":"Unclaimed area","territory_role":"unclaimed"},"geometry":{"type":"Point","coordinates":[7.4853386,6.4613373]}},{"type":"Feature","id":"w_642146597","properties":{"id":"w_642146597","name":"Chapel Of Redemption UNEC","catalog_type":"worship","quality":"B","claim_points":25,"territory_id":"independence_layout","territory_name":"Independence Layout","territory_role":"playable_faction"},"geometry":{"type":"Point","coordinates":[7.5031241,6.4251035]}},{"type":"Feature","id":"w_642228554","properties":{"id":"w_642228554","name":"UBA Bank","catalog_type":"bank","quality":"B","claim_points":25,"territory_id":"independence_layout","territory_name":"Independence Layout","territory_role":"playable_faction"},"geometry":{"type":"Point","coordinates":[7.5021397,6.4255783]}},{"type":"Feature","id":"w_710750867","properties":{"id":"w_710750867","name":"Rivonia pool","catalog_type":"pitch","quality":"B","claim_points":35,"territory_id":"independence_layout","territory_name":"Independence Layout","territory_role":"playable_faction"},"geometry":{"type":"Point","coordinates":[7.5244697,6.4316917]}},{"type":"Feature","id":"w_760014544","properties":{"id":"w_760014544","name":"Railway Line Ogbete Market","catalog_type":"market","quality":"B","claim_points":75,"territory_id":"ogbete","territory_name":"Ogbete","territory_role":"prize_zone"},"geometry":{"type":"Point","coordinates":[7.4852329,6.4351947]}},{"type":"Feature","id":"w_770851671","properties":{"id":"w_770851671","name":"manuwa bus sop","catalog_type":"transit","quality":"B","claim_points":15,"territory_id":"independence_layout","territory_name":"Independence Layout","territory_role":"playable_faction"},"geometry":{"type":"Point","coordinates":[7.5076468,6.425058]}},{"type":"Feature","id":"w_791453166","properties":{"id":"w_791453166","name":"Abakpa Nike Health Centre","catalog_type":"hospital","quality":"B","claim_points":24,"territory_id":"unclaimed","territory_name":"Unclaimed area","territory_role":"unclaimed","image":"https://enugupoi.appspot.com/view/binaryData?blobKey=build_POI-Picture-Form_1374250655%5B%40version%3Dnull+and+%40uiVersion%3Dnull%5D%2Fdata%5B%40key%3Duuid%3A3e0e7db0-e508-44ba-8243-a5ea7584f69d%5D%2FPOI_Picture1"},"geometry":{"type":"Point","coordinates":[7.5159044,6.4796201]}},{"type":"Feature","id":"w_791453168","properties":{"id":"w_791453168","name":"Alpha Specialist Hospital","catalog_type":"hospital","quality":"B","claim_points":24,"territory_id":"trans_ekulu","territory_name":"Trans-Ekulu","territory_role":"unclaimed","image":"https://enugupoi.appspot.com/view/binaryData?blobKey=build_POI-Picture-Form_1374250655%5B%40version%3Dnull+and+%40uiVersion%3Dnull%5D%2Fdata%5B%40key%3Duuid%3Ac4842737-aac3-4540-8c1d-12b86d83d7b7%5D%2FPOI_Picture1"},"geometry":{"type":"Point","coordinates":[7.494263,6.4790177]}},{"type":"Feature","id":"w_791453169","properties":{"id":"w_791453169","name":"St Gabriel's Specialist Hospital","catalog_type":"hospital","quality":"B","claim_points":24,"territory_id":"trans_ekulu","territory_name":"Trans-Ekulu","territory_role":"unclaimed","image":"https://enugupoi.appspot.com/view/binaryData?blobKey=build_POI-Picture-Form_1374250655%5B%40version%3Dnull+and+%40uiVersion%3Dnull%5D%2Fdata%5B%40key%3Duuid%3A62f2e696-c503-48cc-ba41-7063c8708f43%5D%2FPOI_Picture1"},"geometry":{"type":"Point","coordinates":[7.4938352,6.4785291]}},{"type":"Feature","id":"w_791453181","properties":{"id":"w_791453181","name":"Colliery Hospital","catalog_type":"hospital","quality":"B","claim_points":24,"territory_id":"unclaimed","territory_name":"Unclaimed area","territory_role":"unclaimed","image":"https://enugupoi.appspot.com/view/binaryData?blobKey=build_POI-Picture-Form_1374250655%5B%40version%3Dnull+and+%40uiVersion%3Dnull%5D%2Fdata%5B%40key%3Duuid%3A609ddcba-5366-425a-b4b0-67fb07c0b122%5D%2FPOI_Picture1"},"geometry":{"type":"Point","coordinates":[7.477465,6.4493196]}},{"type":"Feature","id":"w_791453184","properties":{"id":"w_791453184","name":"Enugu State Medical Diagnostic Centre","catalog_type":"hospital","quality":"B","claim_points":24,"territory_id":"unclaimed","territory_name":"Unclaimed area","territory_role":"unclaimed","image":"https://enugupoi.appspot.com/view/binaryData?blobKey=build_POI-Picture-Form_1374250655%5B%40version%3Dnull+and+%40uiVersion%3Dnull%5D%2Fdata%5B%40key%3Duuid%3Ab3cbf237-b2e2-4032-aaf9-ccb12df98f08%5D%2FPOI_Picture1"},"geometry":{"type":"Point","coordinates":[7.4954882,6.4553839]}},{"type":"Feature","id":"w_791453186","properties":{"id":"w_791453186","name":"Health Solutions Specialist Hospital","catalog_type":"hospital","quality":"B","claim_points":24,"territory_id":"trans_ekulu","territory_name":"Trans-Ekulu","territory_role":"unclaimed"},"geometry":{"type":"Point","coordinates":[7.4904267,6.4768291]}},{"type":"Feature","id":"w_791453192","properties":{"id":"w_791453192","name":"Mbanefo Hospital","catalog_type":"hospital","quality":"B","claim_points":24,"territory_id":"trans_ekulu","territory_name":"Trans-Ekulu","territory_role":"unclaimed","image":"https://enugupoi.appspot.com/view/binaryData?blobKey=build_POI-Picture-Form_1374250655%5B%40version%3Dnull+and+%40uiVersion%3Dnull%5D%2Fdata%5B%40key%3Duuid%3A75d0d832-d57d-4e9b-9f26-43fe406a88a8%5D%2FPOI_Picture1"},"geometry":{"type":"Point","coordinates":[7.5046212,6.4730611]}},{"type":"Feature","id":"w_791453196","properties":{"id":"w_791453196","name":"Obu Amarachukwu Emmanuel Hospital & Maternity","catalog_type":"hospital","quality":"B","claim_points":24,"territory_id":"unclaimed","territory_name":"Unclaimed area","territory_role":"unclaimed","image":"https://enugupoi.appspot.com/view/binaryData?blobKey=build_POI-Picture-Form_1374250655%5B%40version%3Dnull+and+%40uiVersion%3Dnull%5D%2Fdata%5B%40key%3Duuid%3A6a62b567-afe0-4edb-8690-d85ba611094d%5D%2FPOI_Picture1"},"geometry":{"type":"Point","coordinates":[7.5091291,6.4824966]}},{"type":"Feature","id":"w_791724801","properties":{"id":"w_791724801","name":"Rail Way Hospital","catalog_type":"hospital","quality":"B","claim_points":24,"territory_id":"unclaimed","territory_name":"Unclaimed area","territory_role":"unclaimed","image":"https://enugupoi.appspot.com/view/binaryData?blobKey=build_POI-Picture-Form_1374250655%5B%40version%3Dnull+and+%40uiVersion%3Dnull%5D%2Fdata%5B%40key%3Duuid%3A20d89ad7-ad8f-46dd-bf53-427b9a876204%5D%2FPOI_Picture1"},"geometry":{"type":"Point","coordinates":[7.4962003,6.4479242]}},{"type":"Feature","id":"w_791724805","properties":{"id":"w_791724805","name":"Gerald Hospital","catalog_type":"hospital","quality":"B","claim_points":20,"territory_id":"independence_layout","territory_name":"Independence Layout","territory_role":"playable_faction"},"geometry":{"type":"Point","coordinates":[7.5093793,6.4145041]}},{"type":"Feature","id":"w_791724808","properties":{"id":"w_791724808","name":"German Leprosy & Tb Relief Association","catalog_type":"hospital","quality":"B","claim_points":20,"territory_id":"independence_layout","territory_name":"Independence Layout","territory_role":"playable_faction"},"geometry":{"type":"Point","coordinates":[7.5175267,6.4272064]}},{"type":"Feature","id":"w_792054610","properties":{"id":"w_792054610","name":"Ogui Nike Health Center","catalog_type":"hospital","quality":"B","claim_points":24,"territory_id":"unclaimed","territory_name":"Unclaimed area","territory_role":"unclaimed"},"geometry":{"type":"Point","coordinates":[7.5014753,6.4334422]}},{"type":"Feature","id":"w_792054615","properties":{"id":"w_792054615","name":"Niger Foundation Hospital &Diagnostic Center","catalog_type":"hospital","quality":"B","claim_points":20,"territory_id":"independence_layout","territory_name":"Independence Layout","territory_role":"playable_faction"},"geometry":{"type":"Point","coordinates":[7.5135802,6.4430439]}},{"type":"Feature","id":"w_792054618","properties":{"id":"w_792054618","name":"Neo Hospital","catalog_type":"hospital","quality":"B","claim_points":20,"territory_id":"independence_layout","territory_name":"Independence Layout","territory_role":"playable_faction"},"geometry":{"type":"Point","coordinates":[7.5238781,6.4513143]}},{"type":"Feature","id":"w_796944669","properties":{"id":"w_796944669","name":"Mammography Unit, Enugu State University Teaching Hospital","catalog_type":"school","quality":"B","claim_points":24,"territory_id":"unclaimed","territory_name":"Unclaimed area","territory_role":"unclaimed","image":"https://enugupoi.appspot.com/view/binaryData?blobKey=build_POI-Picture-Form_1374250655%5B%40version%3Dnull+and+%40uiVersion%3Dnull%5D%2Fdata%5B%40key%3Duuid%3A5ee43b83-37ba-4e60-91dd-781a7018156a%5D%2FPOI_Picture1"},"geometry":{"type":"Point","coordinates":[7.4939925,6.4630116]}},{"type":"Feature","id":"w_796948506","properties":{"id":"w_796948506","name":"Physiotherapy Dept, Enugu State University Teaching Hospital","catalog_type":"school","quality":"B","claim_points":24,"territory_id":"unclaimed","territory_name":"Unclaimed area","territory_role":"unclaimed","image":"https://enugupoi.appspot.com/view/binaryData?blobKey=build_POI-Picture-Form_1374250655%5B%40version%3Dnull+and+%40uiVersion%3Dnull%5D%2Fdata%5B%40key%3Duuid%3A3ee51818-39b2-4d27-92fb-3715bdcd8617%5D%2FPOI_Picture1"},"geometry":{"type":"Point","coordinates":[7.4940193,6.4613514]}},{"type":"Feature","id":"w_796949850","properties":{"id":"w_796949850","name":"Surgical Ward, Enugu State University Teaching Hospital","catalog_type":"school","quality":"B","claim_points":24,"territory_id":"unclaimed","territory_name":"Unclaimed area","territory_role":"unclaimed","image":"https://enugupoi.appspot.com/view/binaryData?blobKey=build_POI-Picture-Form_1374250655%5B%40version%3Dnull+and+%40uiVersion%3Dnull%5D%2Fdata%5B%40key%3Duuid%3A30836dc6-6349-4512-b108-0321f053c704%5D%2FPOI_Picture1"},"geometry":{"type":"Point","coordinates":[7.4944456,6.4618337]}},{"type":"Feature","id":"w_796952567","properties":{"id":"w_796952567","name":"Theatre, Enugu State University Teaching Hospital","catalog_type":"school","quality":"B","claim_points":24,"territory_id":"unclaimed","territory_name":"Unclaimed area","territory_role":"unclaimed","image":"https://enugupoi.appspot.com/view/binaryData?blobKey=build_POI-Picture-Form_1374250655%5B%40version%3Dnull+and+%40uiVersion%3Dnull%5D%2Fdata%5B%40key%3Duuid%3Acc78e7b9-d2ed-45cf-9ded-43a16fe716f3%5D%2FPOI_Picture1"},"geometry":{"type":"Point","coordinates":[7.4941349,6.4623226]}},{"type":"Feature","id":"w_796954147","properties":{"id":"w_796954147","name":"Radiology Dept, Enugu State University Teaching Hospital","catalog_type":"school","quality":"B","claim_points":24,"territory_id":"unclaimed","territory_name":"Unclaimed area","territory_role":"unclaimed","image":"https://enugupoi.appspot.com/view/binaryData?blobKey=build_POI-Picture-Form_1374250655%5B%40version%3Dnull+and+%40uiVersion%3Dnull%5D%2Fdata%5B%40key%3Duuid%3Ae72bca12-8d7a-4f2b-9a0e-971f9592477c%5D%2FPOI_Picture1"},"geometry":{"type":"Point","coordinates":[7.4942825,6.4630715]}},{"type":"Feature","id":"w_796958283","properties":{"id":"w_796958283","name":"ESUT College of Medicine Enugu","catalog_type":"school","quality":"B","claim_points":24,"territory_id":"unclaimed","territory_name":"Unclaimed area","territory_role":"unclaimed","image":"https://enugupoi.appspot.com/view/binaryData?blobKey=build_POI-Picture-Form_1374250655%5B%40version%3Dnull+and+%40uiVersion%3Dnull%5D%2Fdata%5B%40key%3Duuid%3A22cd6bc8-b546-4a96-b47d-4cf783997d8f%5D%2FPOI_Picture1"},"geometry":{"type":"Point","coordinates":[7.4947013,6.4623007]}},{"type":"Feature","id":"w_819142900","properties":{"id":"w_819142900","name":"Piccola Opera Specialist Hospital","catalog_type":"hospital","quality":"B","claim_points":24,"territory_id":"unclaimed","territory_name":"Unclaimed area","territory_role":"unclaimed","image":"https://enugupoi.appspot.com/view/binaryData?blobKey=build_POI-Picture-Form_1374250655%5B%40version%3Dnull+and+%40uiVersion%3Dnull%5D%2Fdata%5B%40key%3Duuid%3A3e8f5e85-7ef0-487e-9913-65710f729dd9%5D%2FPOI_Picture1"},"geometry":{"type":"Point","coordinates":[7.4847156,6.4484249]}},{"type":"Feature","id":"w_923599834","properties":{"id":"w_923599834","name":"Albertina Electronics Nigeria Ltd","catalog_type":"shop","quality":"B","claim_points":42,"territory_id":"unclaimed","territory_name":"Unclaimed area","territory_role":"unclaimed"},"geometry":{"type":"Point","coordinates":[7.4942988,6.435354]}},{"type":"Feature","id":"w_945532713","properties":{"id":"w_945532713","name":"pool","catalog_type":"pitch","quality":"B","claim_points":42,"territory_id":"new_haven","territory_name":"New Haven","territory_role":"unclaimed"},"geometry":{"type":"Point","coordinates":[7.5328051,6.4607298]}},{"type":"Feature","id":"w_945534816","properties":{"id":"w_945534816","name":"New Hacen Synagogue God's Sabbath Mission","catalog_type":"worship","quality":"B","claim_points":30,"territory_id":"new_haven","territory_name":"New Haven","territory_role":"unclaimed"},"geometry":{"type":"Point","coordinates":[7.5308047,6.4566041]}},{"type":"Feature","id":"w_1046819673","properties":{"id":"w_1046819673","name":"Christ the King, Parish","catalog_type":"worship","quality":"B","claim_points":30,"territory_id":"unclaimed","territory_name":"Unclaimed area","territory_role":"unclaimed"},"geometry":{"type":"Point","coordinates":[7.4938127,6.4639631]}},{"type":"Feature","id":"w_1062909973","properties":{"id":"w_1062909973","name":"Lion Statue","catalog_type":"landmark","quality":"B","claim_points":50,"territory_id":"independence_layout","territory_name":"Independence Layout","territory_role":"playable_faction"},"geometry":{"type":"Point","coordinates":[7.5214302,6.4413561]}},{"type":"Feature","id":"w_1065179280","properties":{"id":"w_1065179280","name":"national orthpaedic hospital","catalog_type":"hospital","quality":"B","claim_points":24,"territory_id":"thinkers_corner","territory_name":"Thinkers Corner","territory_role":"unclaimed"},"geometry":{"type":"Point","coordinates":[7.522714,6.4656487]}},{"type":"Feature","id":"w_1065970064","properties":{"id":"w_1065970064","name":"XX Arena and Lounge","catalog_type":"food","quality":"B","claim_points":40,"territory_id":"independence_layout","territory_name":"Independence Layout","territory_role":"playable_faction"},"geometry":{"type":"Point","coordinates":[7.5217164,6.4161517]}},{"type":"Feature","id":"w_1065980014","properties":{"id":"w_1065980014","name":"Ilo Travelers Lodge Hotel","catalog_type":"hotel","quality":"B","claim_points":36,"territory_id":"uwani","territory_name":"Uwani","territory_role":"unclaimed","image":"https://enugupoi.appspot.com/view/binaryData?blobKey=build_POI-Picture-Form_1374250655%5B%40version%3Dnull+and+%40uiVersion%3Dnull%5D%2Fdata%5B%40key%3Duuid%3Ad6e55c18-4812-4edc-9cd5-bc3cc3c0f69e%5D%2FPOI_Picture1"},"geometry":{"type":"Point","coordinates":[7.4942652,6.4183974]}},{"type":"Feature","id":"w_1066222371","properties":{"id":"w_1066222371","name":"National Orientation Agency","catalog_type":"civic","quality":"B","claim_points":30,"territory_id":"independence_layout","territory_name":"Independence Layout","territory_role":"playable_faction"},"geometry":{"type":"Point","coordinates":[7.5141742,6.4483122]}},{"type":"Feature","id":"w_1067483764","properties":{"id":"w_1067483764","name":"Bona Pharmacy","catalog_type":"pharmacy","quality":"B","claim_points":36,"territory_id":"new_haven","territory_name":"New Haven","territory_role":"unclaimed"},"geometry":{"type":"Point","coordinates":[7.5319067,6.4566304]}},{"type":"Feature","id":"w_1068252743","properties":{"id":"w_1068252743","name":"lambi inn","catalog_type":"hotel","quality":"B","claim_points":36,"territory_id":"unclaimed","territory_name":"Unclaimed area","territory_role":"unclaimed"},"geometry":{"type":"Point","coordinates":[7.4828473,6.4153327]}},{"type":"Feature","id":"w_1070485961","properties":{"id":"w_1070485961","name":"Cekon","catalog_type":"fuel","quality":"B","claim_points":24,"territory_id":"unclaimed","territory_name":"Unclaimed area","territory_role":"unclaimed"},"geometry":{"type":"Point","coordinates":[7.4771527,6.4605851]}},{"type":"Feature","id":"w_1074567669","properties":{"id":"w_1074567669","name":"Medical Center","catalog_type":"hospital","quality":"B","claim_points":20,"territory_id":"independence_layout","territory_name":"Independence Layout","territory_role":"playable_faction"},"geometry":{"type":"Point","coordinates":[7.5068905,6.424096]}},{"type":"Feature","id":"w_1088769079","properties":{"id":"w_1088769079","name":"Gold Value Hotel","catalog_type":"hotel","quality":"B","claim_points":36,"territory_id":"new_haven","territory_name":"New Haven","territory_role":"unclaimed"},"geometry":{"type":"Point","coordinates":[7.5329053,6.4575763]}},{"type":"Feature","id":"w_1125508400","properties":{"id":"w_1125508400","name":"Mariere Bus Stop","catalog_type":"transit","quality":"B","claim_points":15,"territory_id":"independence_layout","territory_name":"Independence Layout","territory_role":"playable_faction"},"geometry":{"type":"Point","coordinates":[7.5069221,6.425665]}},{"type":"Feature","id":"w_1125966284","properties":{"id":"w_1125966284","name":"IJ AIRPORT","catalog_type":"park","quality":"B","claim_points":20,"territory_id":"independence_layout","territory_name":"Independence Layout","territory_role":"playable_faction"},"geometry":{"type":"Point","coordinates":[7.5081946,6.4252335]}},{"type":"Feature","id":"w_1135169946","properties":{"id":"w_1135169946","name":"lambi's park- attatched to cafe","catalog_type":"park","quality":"B","claim_points":24,"territory_id":"unclaimed","territory_name":"Unclaimed area","territory_role":"unclaimed"},"geometry":{"type":"Point","coordinates":[7.481884,6.4151175]}},{"type":"Feature","id":"w_1135169952","properties":{"id":"w_1135169952","name":"lambi church","catalog_type":"worship","quality":"B","claim_points":30,"territory_id":"unclaimed","territory_name":"Unclaimed area","territory_role":"unclaimed"},"geometry":{"type":"Point","coordinates":[7.4823474,6.4153993]}},{"type":"Feature","id":"w_1135169961","properties":{"id":"w_1135169961","name":"lambi town","catalog_type":"hospital","quality":"B","claim_points":24,"territory_id":"unclaimed","territory_name":"Unclaimed area","territory_role":"unclaimed"},"geometry":{"type":"Point","coordinates":[7.4823889,6.4149826]}},{"type":"Feature","id":"w_1135552236","properties":{"id":"w_1135552236","name":"Ifenzi Beauty Salon","catalog_type":"shop","quality":"B","claim_points":42,"territory_id":"unclaimed","territory_name":"Unclaimed area","territory_role":"unclaimed"},"geometry":{"type":"Point","coordinates":[7.4977946,6.4663188]}},{"type":"Feature","id":"w_1144816529","properties":{"id":"w_1144816529","name":"Kilimanjaro","catalog_type":"food","quality":"B","claim_points":48,"territory_id":"uwani","territory_name":"Uwani","territory_role":"unclaimed","image":"https://lh3.googleusercontent.com/p/AF1QipPNbG3x96hNdYsAhLNHJ6miIMdzfBV0D7L4S1Bh=s680-w680-h510"},"geometry":{"type":"Point","coordinates":[7.4955124,6.4137905]}},{"type":"Feature","id":"w_1167573499","properties":{"id":"w_1167573499","name":"Enugu's National Museum of Unity","catalog_type":"landmark","quality":"B","claim_points":60,"territory_id":"unclaimed","territory_name":"Unclaimed area","territory_role":"unclaimed"},"geometry":{"type":"Point","coordinates":[7.5088215,6.461786]}},{"type":"Feature","id":"w_1201729313","properties":{"id":"w_1201729313","name":"The Lord's Vineyard School","catalog_type":"worship","quality":"B","claim_points":25,"territory_id":"emene","territory_name":"Emene","territory_role":"playable_faction"},"geometry":{"type":"Point","coordinates":[7.5523628,6.4663025]}},{"type":"Feature","id":"w_1253882142","properties":{"id":"w_1253882142","name":"Church of Christ Emene","catalog_type":"worship","quality":"B","claim_points":25,"territory_id":"emene","territory_name":"Emene","territory_role":"playable_faction"},"geometry":{"type":"Point","coordinates":[7.5541476,6.4662832]}},{"type":"Feature","id":"w_1298057640","properties":{"id":"w_1298057640","name":"Old Park","catalog_type":"park","quality":"B","claim_points":24,"territory_id":"unclaimed","territory_name":"Unclaimed area","territory_role":"unclaimed"},"geometry":{"type":"Point","coordinates":[7.4826722,6.4389959]}},{"type":"Feature","id":"w_1421633153","properties":{"id":"w_1421633153","name":"Institute of Management and Technology (IMT)","catalog_type":"school","quality":"B","claim_points":20,"territory_id":"independence_layout","territory_name":"Independence Layout","territory_role":"playable_faction"},"geometry":{"type":"Point","coordinates":[7.5134,6.4300108]}},{"type":"Feature","id":"w_1432944363","properties":{"id":"w_1432944363","name":"New Kenyatta","catalog_type":"market","quality":"B","claim_points":60,"territory_id":"unclaimed","territory_name":"Unclaimed area","territory_role":"unclaimed"},"geometry":{"type":"Point","coordinates":[7.539666,6.4264197]}},{"type":"Feature","id":"w_1437148223","properties":{"id":"w_1437148223","name":"Enugu Smart School","catalog_type":"school","quality":"B","claim_points":24,"territory_id":"unclaimed","territory_name":"Unclaimed area","territory_role":"unclaimed"},"geometry":{"type":"Point","coordinates":[7.5659032,6.4414541]}},{"type":"Feature","id":"n_4639427993","properties":{"id":"n_4639427993","name":"Unnamed landmark","catalog_type":"landmark","quality":"C","claim_points":42,"territory_id":"unclaimed","territory_name":"Unclaimed area","territory_role":"unclaimed"},"geometry":{"type":"Point","coordinates":[7.4777513,6.4092795]}},{"type":"Feature","id":"n_4691776024","properties":{"id":"n_4691776024","name":"Unnamed hotel","catalog_type":"hotel","quality":"C","claim_points":25,"territory_id":"unclaimed","territory_name":"Unclaimed area","territory_role":"unclaimed"},"geometry":{"type":"Point","coordinates":[7.5067451,6.4695932]}},{"type":"Feature","id":"n_8752872167","properties":{"id":"n_8752872167","name":"Unnamed atm","catalog_type":"atm","quality":"C","claim_points":8,"territory_id":"ogui","territory_name":"Ogui","territory_role":"unclaimed"},"geometry":{"type":"Point","coordinates":[7.5095095,6.459198]}},{"type":"Feature","id":"n_8753041953","properties":{"id":"n_8753041953","name":"Unnamed worship","catalog_type":"worship","quality":"C","claim_points":21,"territory_id":"new_haven","territory_name":"New Haven","territory_role":"unclaimed"},"geometry":{"type":"Point","coordinates":[7.514513,6.4573968]}},{"type":"Feature","id":"n_10745651305","properties":{"id":"n_10745651305","name":"Unnamed fuel","catalog_type":"fuel","quality":"C","claim_points":17,"territory_id":"unclaimed","territory_name":"Unclaimed area","territory_role":"unclaimed"},"geometry":{"type":"Point","coordinates":[7.6039045,6.4690484]}},{"type":"Feature","id":"w_548721927","properties":{"id":"w_548721927","name":"Unnamed pitch","catalog_type":"pitch","quality":"C","claim_points":24,"territory_id":"independence_layout","territory_name":"Independence Layout","territory_role":"playable_faction"},"geometry":{"type":"Point","coordinates":[7.497898,6.4268107]}},{"type":"Feature","id":"w_563538365","properties":{"id":"w_563538365","name":"Unnamed pitch","catalog_type":"pitch","quality":"C","claim_points":24,"territory_id":"independence_layout","territory_name":"Independence Layout","territory_role":"playable_faction"},"geometry":{"type":"Point","coordinates":[7.4979968,6.4268241]}},{"type":"Feature","id":"w_611742293","properties":{"id":"w_611742293","name":"Unnamed pitch","catalog_type":"pitch","quality":"C","claim_points":29,"territory_id":"ogui","territory_name":"Ogui","territory_role":"unclaimed"},"geometry":{"type":"Point","coordinates":[7.4964921,6.4442699]}},{"type":"Feature","id":"w_670561960","properties":{"id":"w_670561960","name":"Unnamed pitch","catalog_type":"pitch","quality":"C","claim_points":24,"territory_id":"independence_layout","territory_name":"Independence Layout","territory_role":"playable_faction"},"geometry":{"type":"Point","coordinates":[7.5101713,6.4384015]}},{"type":"Feature","id":"w_760009591","properties":{"id":"w_760009591","name":"Unnamed civic_unknown","catalog_type":"civic_unknown","quality":"D","claim_points":8,"territory_id":"emene","territory_name":"Emene","territory_role":"playable_faction"},"geometry":{"type":"Point","coordinates":[7.5684884,6.4723742]}},{"type":"Feature","id":"w_760014545","properties":{"id":"w_760014545","name":"Unnamed worship","catalog_type":"worship","quality":"C","claim_points":21,"territory_id":"unclaimed","territory_name":"Unclaimed area","territory_role":"unclaimed"},"geometry":{"type":"Point","coordinates":[7.487934,6.4359974]}},{"type":"Feature","id":"w_781797321","properties":{"id":"w_781797321","name":"Unnamed worship","catalog_type":"worship","quality":"C","claim_points":21,"territory_id":"unclaimed","territory_name":"Unclaimed area","territory_role":"unclaimed"},"geometry":{"type":"Point","coordinates":[7.4937765,6.4163205]}},{"type":"Feature","id":"w_788701669","properties":{"id":"w_788701669","name":"Unnamed worship","catalog_type":"worship","quality":"C","claim_points":21,"territory_id":"trans_ekulu","territory_name":"Trans-Ekulu","territory_role":"unclaimed"},"geometry":{"type":"Point","coordinates":[7.4963942,6.4808258]}},{"type":"Feature","id":"w_788701670","properties":{"id":"w_788701670","name":"Unnamed worship","catalog_type":"worship","quality":"C","claim_points":21,"territory_id":"trans_ekulu","territory_name":"Trans-Ekulu","territory_role":"unclaimed"},"geometry":{"type":"Point","coordinates":[7.4972282,6.4828102]}},{"type":"Feature","id":"w_788701671","properties":{"id":"w_788701671","name":"Unnamed worship","catalog_type":"worship","quality":"C","claim_points":21,"territory_id":"trans_ekulu","territory_name":"Trans-Ekulu","territory_role":"unclaimed"},"geometry":{"type":"Point","coordinates":[7.4971158,6.4830586]}},{"type":"Feature","id":"w_791724807","properties":{"id":"w_791724807","name":"Unnamed hospital","catalog_type":"hospital","quality":"C","claim_points":17,"territory_id":"uwani","territory_name":"Uwani","territory_role":"unclaimed"},"geometry":{"type":"Point","coordinates":[7.4873751,6.4242287]}},{"type":"Feature","id":"w_863411984","properties":{"id":"w_863411984","name":"Unnamed fuel","catalog_type":"fuel","quality":"C","claim_points":17,"territory_id":"unclaimed","territory_name":"Unclaimed area","territory_role":"unclaimed"},"geometry":{"type":"Point","coordinates":[7.5954849,6.4710636]}},{"type":"Feature","id":"w_923600507","properties":{"id":"w_923600507","name":"Unnamed bank","catalog_type":"bank","quality":"C","claim_points":21,"territory_id":"unclaimed","territory_name":"Unclaimed area","territory_role":"unclaimed"},"geometry":{"type":"Point","coordinates":[7.4942085,6.4346529]}},{"type":"Feature","id":"w_923613854","properties":{"id":"w_923613854","name":"Unnamed bank","catalog_type":"bank","quality":"C","claim_points":21,"territory_id":"unclaimed","territory_name":"Unclaimed area","territory_role":"unclaimed"},"geometry":{"type":"Point","coordinates":[7.4941544,6.4343188]}},{"type":"Feature","id":"w_926783626","properties":{"id":"w_926783626","name":"Unnamed worship","catalog_type":"worship","quality":"C","claim_points":21,"territory_id":"unclaimed","territory_name":"Unclaimed area","territory_role":"unclaimed"},"geometry":{"type":"Point","coordinates":[7.5056255,6.4398052]}},{"type":"Feature","id":"w_1047450308","properties":{"id":"w_1047450308","name":"Unnamed pitch","catalog_type":"pitch","quality":"C","claim_points":24,"territory_id":"independence_layout","territory_name":"Independence Layout","territory_role":"playable_faction"},"geometry":{"type":"Point","coordinates":[7.5260517,6.4373675]}},{"type":"Feature","id":"w_1059375680","properties":{"id":"w_1059375680","name":"Unnamed civic_unknown","catalog_type":"civic_unknown","quality":"D","claim_points":10,"territory_id":"ogui","territory_name":"Ogui","territory_role":"unclaimed"},"geometry":{"type":"Point","coordinates":[7.4940825,6.4414686]}},{"type":"Feature","id":"w_1062909995","properties":{"id":"w_1062909995","name":"Unnamed landmark","catalog_type":"landmark","quality":"C","claim_points":35,"territory_id":"independence_layout","territory_name":"Independence Layout","territory_role":"playable_faction"},"geometry":{"type":"Point","coordinates":[7.5200248,6.4429255]}},{"type":"Feature","id":"w_1068626405","properties":{"id":"w_1068626405","name":"Unnamed pitch","catalog_type":"pitch","quality":"C","claim_points":24,"territory_id":"independence_layout","territory_name":"Independence Layout","territory_role":"playable_faction"},"geometry":{"type":"Point","coordinates":[7.5189724,6.4315817]}},{"type":"Feature","id":"w_1070795457","properties":{"id":"w_1070795457","name":"Unnamed school","catalog_type":"school","quality":"C","claim_points":14,"territory_id":"independence_layout","territory_name":"Independence Layout","territory_role":"playable_faction"},"geometry":{"type":"Point","coordinates":[7.5021276,6.4287933]}},{"type":"Feature","id":"w_1080345955","properties":{"id":"w_1080345955","name":"Unnamed park","catalog_type":"park","quality":"C","claim_points":17,"territory_id":"unclaimed","territory_name":"Unclaimed area","territory_role":"unclaimed"},"geometry":{"type":"Point","coordinates":[7.5044544,6.442178]}},{"type":"Feature","id":"w_1080345961","properties":{"id":"w_1080345961","name":"Unnamed park","catalog_type":"park","quality":"C","claim_points":17,"territory_id":"unclaimed","territory_name":"Unclaimed area","territory_role":"unclaimed"},"geometry":{"type":"Point","coordinates":[7.5033151,6.4412282]}},{"type":"Feature","id":"w_1080345962","properties":{"id":"w_1080345962","name":"Unnamed park","catalog_type":"park","quality":"C","claim_points":17,"territory_id":"unclaimed","territory_name":"Unclaimed area","territory_role":"unclaimed"},"geometry":{"type":"Point","coordinates":[7.5036557,6.4412508]}},{"type":"Feature","id":"w_1080375602","properties":{"id":"w_1080375602","name":"Unnamed park","catalog_type":"park","quality":"C","claim_points":17,"territory_id":"unclaimed","territory_name":"Unclaimed area","territory_role":"unclaimed"},"geometry":{"type":"Point","coordinates":[7.487824,6.4071508]}},{"type":"Feature","id":"w_1080375610","properties":{"id":"w_1080375610","name":"Unnamed park","catalog_type":"park","quality":"C","claim_points":17,"territory_id":"unclaimed","territory_name":"Unclaimed area","territory_role":"unclaimed"},"geometry":{"type":"Point","coordinates":[7.4866163,6.4070114]}},{"type":"Feature","id":"w_1080375613","properties":{"id":"w_1080375613","name":"Unnamed park","catalog_type":"park","quality":"C","claim_points":17,"territory_id":"unclaimed","territory_name":"Unclaimed area","territory_role":"unclaimed"},"geometry":{"type":"Point","coordinates":[7.4929187,6.4090928]}},{"type":"Feature","id":"w_1080375614","properties":{"id":"w_1080375614","name":"Unnamed park","catalog_type":"park","quality":"C","claim_points":17,"territory_id":"unclaimed","territory_name":"Unclaimed area","territory_role":"unclaimed"},"geometry":{"type":"Point","coordinates":[7.4930599,6.4102086]}},{"type":"Feature","id":"w_1080375615","properties":{"id":"w_1080375615","name":"Unnamed park","catalog_type":"park","quality":"C","claim_points":17,"territory_id":"unclaimed","territory_name":"Unclaimed area","territory_role":"unclaimed"},"geometry":{"type":"Point","coordinates":[7.492368,6.408721]}},{"type":"Feature","id":"w_1080375617","properties":{"id":"w_1080375617","name":"Unnamed park","catalog_type":"park","quality":"C","claim_points":17,"territory_id":"unclaimed","territory_name":"Unclaimed area","territory_role":"unclaimed"},"geometry":{"type":"Point","coordinates":[7.4923465,6.4078019]}},{"type":"Feature","id":"w_1080375618","properties":{"id":"w_1080375618","name":"Unnamed park","catalog_type":"park","quality":"C","claim_points":17,"territory_id":"unclaimed","territory_name":"Unclaimed area","territory_role":"unclaimed"},"geometry":{"type":"Point","coordinates":[7.4917952,6.4087922]}},{"type":"Feature","id":"w_1080375622","properties":{"id":"w_1080375622","name":"Unnamed park","catalog_type":"park","quality":"C","claim_points":17,"territory_id":"unclaimed","territory_name":"Unclaimed area","territory_role":"unclaimed"},"geometry":{"type":"Point","coordinates":[7.4883503,6.4147437]}},{"type":"Feature","id":"w_1080375623","properties":{"id":"w_1080375623","name":"Unnamed park","catalog_type":"park","quality":"C","claim_points":17,"territory_id":"unclaimed","territory_name":"Unclaimed area","territory_role":"unclaimed"},"geometry":{"type":"Point","coordinates":[7.4875572,6.407635]}},{"type":"Feature","id":"w_1080375624","properties":{"id":"w_1080375624","name":"Unnamed park","catalog_type":"park","quality":"C","claim_points":17,"territory_id":"unclaimed","territory_name":"Unclaimed area","territory_role":"unclaimed"},"geometry":{"type":"Point","coordinates":[7.4868547,6.4080844]}},{"type":"Feature","id":"w_1080375625","properties":{"id":"w_1080375625","name":"Unnamed park","catalog_type":"park","quality":"C","claim_points":17,"territory_id":"unclaimed","territory_name":"Unclaimed area","territory_role":"unclaimed"},"geometry":{"type":"Point","coordinates":[7.4866835,6.4076045]}},{"type":"Feature","id":"w_1080375627","properties":{"id":"w_1080375627","name":"Unnamed park","catalog_type":"park","quality":"C","claim_points":17,"territory_id":"unclaimed","territory_name":"Unclaimed area","territory_role":"unclaimed"},"geometry":{"type":"Point","coordinates":[7.485962,6.4077992]}},{"type":"Feature","id":"w_1085760254","properties":{"id":"w_1085760254","name":"Unnamed pitch","catalog_type":"pitch","quality":"C","claim_points":29,"territory_id":"uwani","territory_name":"Uwani","territory_role":"unclaimed"},"geometry":{"type":"Point","coordinates":[7.4949435,6.4002076]}},{"type":"Feature","id":"w_1085760255","properties":{"id":"w_1085760255","name":"Unnamed pitch","catalog_type":"pitch","quality":"C","claim_points":29,"territory_id":"uwani","territory_name":"Uwani","territory_role":"unclaimed"},"geometry":{"type":"Point","coordinates":[7.496654,6.4037798]}},{"type":"Feature","id":"w_1125966360","properties":{"id":"w_1125966360","name":"Unnamed pitch","catalog_type":"pitch","quality":"C","claim_points":24,"territory_id":"independence_layout","territory_name":"Independence Layout","territory_role":"playable_faction"},"geometry":{"type":"Point","coordinates":[7.4994924,6.4257426]}},{"type":"Feature","id":"w_1125966383","properties":{"id":"w_1125966383","name":"Unnamed park","catalog_type":"park","quality":"C","claim_points":14,"territory_id":"independence_layout","territory_name":"Independence Layout","territory_role":"playable_faction"},"geometry":{"type":"Point","coordinates":[7.5043843,6.4265985]}},{"type":"Feature","id":"w_1125966384","properties":{"id":"w_1125966384","name":"Unnamed pitch","catalog_type":"pitch","quality":"C","claim_points":24,"territory_id":"independence_layout","territory_name":"Independence Layout","territory_role":"playable_faction"},"geometry":{"type":"Point","coordinates":[7.5039061,6.4262974]}},{"type":"Feature","id":"w_1135169947","properties":{"id":"w_1135169947","name":"Unnamed park","catalog_type":"park","quality":"C","claim_points":17,"territory_id":"unclaimed","territory_name":"Unclaimed area","territory_role":"unclaimed"},"geometry":{"type":"Point","coordinates":[7.4819781,6.415404]}},{"type":"Feature","id":"w_1135169954","properties":{"id":"w_1135169954","name":"Unnamed park","catalog_type":"park","quality":"C","claim_points":17,"territory_id":"unclaimed","territory_name":"Unclaimed area","territory_role":"unclaimed"},"geometry":{"type":"Point","coordinates":[7.4823397,6.4152219]}},{"type":"Feature","id":"w_1135169955","properties":{"id":"w_1135169955","name":"Unnamed park","catalog_type":"park","quality":"C","claim_points":17,"territory_id":"unclaimed","territory_name":"Unclaimed area","territory_role":"unclaimed"},"geometry":{"type":"Point","coordinates":[7.4824727,6.4153772]}},{"type":"Feature","id":"w_1206115340","properties":{"id":"w_1206115340","name":"Unnamed worship","catalog_type":"worship","quality":"C","claim_points":21,"territory_id":"new_haven","territory_name":"New Haven","territory_role":"unclaimed"},"geometry":{"type":"Point","coordinates":[7.5347646,6.4576495]}},{"type":"Feature","id":"w_1313721818","properties":{"id":"w_1313721818","name":"Unnamed pitch","catalog_type":"pitch","quality":"C","claim_points":29,"territory_id":"new_haven","territory_name":"New Haven","territory_role":"unclaimed"},"geometry":{"type":"Point","coordinates":[7.525401,6.4575042]}},{"type":"Feature","id":"w_1313721819","properties":{"id":"w_1313721819","name":"Unnamed pitch","catalog_type":"pitch","quality":"C","claim_points":29,"territory_id":"ogui","territory_name":"Ogui","territory_role":"unclaimed"},"geometry":{"type":"Point","coordinates":[7.5063851,6.451118]}},{"type":"Feature","id":"w_1313722097","properties":{"id":"w_1313722097","name":"Unnamed pitch","catalog_type":"pitch","quality":"C","claim_points":29,"territory_id":"ogui","territory_name":"Ogui","territory_role":"unclaimed"},"geometry":{"type":"Point","coordinates":[7.5030057,6.4471961]}},{"type":"Feature","id":"w_1313722098","properties":{"id":"w_1313722098","name":"Unnamed pitch","catalog_type":"pitch","quality":"C","claim_points":29,"territory_id":"ogui","territory_name":"Ogui","territory_role":"unclaimed"},"geometry":{"type":"Point","coordinates":[7.499236,6.4423002]}},{"type":"Feature","id":"w_1313722099","properties":{"id":"w_1313722099","name":"Unnamed pitch","catalog_type":"pitch","quality":"C","claim_points":29,"territory_id":"unclaimed","territory_name":"Unclaimed area","territory_role":"unclaimed"},"geometry":{"type":"Point","coordinates":[7.4977053,6.4347552]}},{"type":"Feature","id":"w_1313722890","properties":{"id":"w_1313722890","name":"Unnamed pitch","catalog_type":"pitch","quality":"C","claim_points":29,"territory_id":"unclaimed","territory_name":"Unclaimed area","territory_role":"unclaimed"},"geometry":{"type":"Point","coordinates":[7.4954287,6.4269988]}},{"type":"Feature","id":"w_1313722891","properties":{"id":"w_1313722891","name":"Unnamed pitch","catalog_type":"pitch","quality":"C","claim_points":29,"territory_id":"uwani","territory_name":"Uwani","territory_role":"unclaimed"},"geometry":{"type":"Point","coordinates":[7.4952634,6.4233009]}},{"type":"Feature","id":"w_1313722892","properties":{"id":"w_1313722892","name":"Unnamed pitch","catalog_type":"pitch","quality":"C","claim_points":29,"territory_id":"uwani","territory_name":"Uwani","territory_role":"unclaimed"},"geometry":{"type":"Point","coordinates":[7.4943953,6.4228271]}},{"type":"Feature","id":"w_1313722893","properties":{"id":"w_1313722893","name":"Unnamed pitch","catalog_type":"pitch","quality":"C","claim_points":29,"territory_id":"unclaimed","territory_name":"Unclaimed area","territory_role":"unclaimed"},"geometry":{"type":"Point","coordinates":[7.5021373,6.3918229]}},{"type":"Feature","id":"w_1433361578","properties":{"id":"w_1433361578","name":"Unnamed school","catalog_type":"school","quality":"C","claim_points":14,"territory_id":"emene","territory_name":"Emene","territory_role":"playable_faction"},"geometry":{"type":"Point","coordinates":[7.5688679,6.5046219]}},{"type":"Feature","id":"w_1433494785","properties":{"id":"w_1433494785","name":"Unnamed landmark","catalog_type":"landmark","quality":"C","claim_points":35,"territory_id":"independence_layout","territory_name":"Independence Layout","territory_role":"playable_faction"},"geometry":{"type":"Point","coordinates":[7.5182405,6.4391807]}}]}